"x","q","t","value","nu","backend"
-4,0,0,0,6,"series_reference"
-3.5,0,0,0,6,"series_reference"
-3,0,0,0,6,"series_reference"
-2.5,0,0,0,6,"series_reference"
-2,0,0,0,6,"series_reference"
-1.5,0,0,0,6,"series_reference"
-1,0,0,0,6,"series_reference"
-0.5,0,0,0,6,"series_reference"
0,0,0,0,6,"series_reference"
0.5,0,0,0,6,"series_reference"
1,0,0,0,6,"series_reference"
1.5,0,0,0,6,"series_reference"
2,0,0,0,6,"series_reference"
2.5,0,0,0,6,"series_reference"
3,0,0,0,6,"series_reference"
3.5,0,0,0,6,"series_reference"
4,0,0,0,6,"series_reference"
-4,2.08333333333333,0,0,6,"series_reference"
-3.5,2.08333333333333,0,0,6,"series_reference"
-3,2.08333333333333,0,0,6,"series_reference"
-2.5,2.08333333333333,0,0,6,"series_reference"
-2,2.08333333333333,0,0,6,"series_reference"
-1.5,2.08333333333333,0,0,6,"series_reference"
-1,2.08333333333333,0,0,6,"series_reference"
-0.5,2.08333333333333,0,0,6,"series_reference"
0,2.08333333333333,0,0,6,"series_reference"
0.5,2.08333333333333,0,0,6,"series_reference"
1,2.08333333333333,0,0,6,"series_reference"
1.5,2.08333333333333,0,0,6,"series_reference"
2,2.08333333333333,0,0,6,"series_reference"
2.5,2.08333333333333,0,0,6,"series_reference"
3,2.08333333333333,0,0,6,"series_reference"
3.5,2.08333333333333,0,0,6,"series_reference"
4,2.08333333333333,0,0,6,"series_reference"
-4,4.16666666666667,0,0,6,"series_reference"
-3.5,4.16666666666667,0,0,6,"series_reference"
-3,4.16666666666667,0,0,6,"series_reference"
-2.5,4.16666666666667,0,0,6,"series_reference"
-2,4.16666666666667,0,0,6,"series_reference"
-1.5,4.16666666666667,0,0,6,"series_reference"
-1,4.16666666666667,0,0,6,"series_reference"
-0.5,4.16666666666667,0,0,6,"series_reference"
0,4.16666666666667,0,0,6,"series_reference"
0.5,4.16666666666667,0,0,6,"series_reference"
1,4.16666666666667,0,0,6,"series_reference"
1.5,4.16666666666667,0,0,6,"series_reference"
2,4.16666666666667,0,0,6,"series_reference"
2.5,4.16666666666667,0,0,6,"series_reference"
3,4.16666666666667,0,0,6,"series_reference"
3.5,4.16666666666667,0,0,6,"series_reference"
4,4.16666666666667,0,0,6,"series_reference"
-4,6.25,0,0,6,"series_reference"
-3.5,6.25,0,0,6,"series_reference"
-3,6.25,0,0,6,"series_reference"
-2.5,6.25,0,0,6,"series_reference"
-2,6.25,0,0,6,"series_reference"
-1.5,6.25,0,0,6,"series_reference"
-1,6.25,0,0,6,"series_reference"
-0.5,6.25,0,0,6,"series_reference"
0,6.25,0,0,6,"series_reference"
0.5,6.25,0,0,6,"series_reference"
1,6.25,0,0,6,"series_reference"
1.5,6.25,0,0,6,"series_reference"
2,6.25,0,0,6,"series_reference"
2.5,6.25,0,0,6,"series_reference"
3,6.25,0,0,6,"series_reference"
3.5,6.25,0,0,6,"series_reference"
4,6.25,0,0,6,"series_reference"
-4,8.33333333333333,0,0,6,"series_reference"
-3.5,8.33333333333333,0,0,6,"series_reference"
-3,8.33333333333333,0,0,6,"series_reference"
-2.5,8.33333333333333,0,0,6,"series_reference"
-2,8.33333333333333,0,0,6,"series_reference"
-1.5,8.33333333333333,0,0,6,"series_reference"
-1,8.33333333333333,0,0,6,"series_reference"
-0.5,8.33333333333333,0,0,6,"series_reference"
0,8.33333333333333,0,0,6,"series_reference"
0.5,8.33333333333333,0,0,6,"series_reference"
1,8.33333333333333,0,0,6,"series_reference"
1.5,8.33333333333333,0,0,6,"series_reference"
2,8.33333333333333,0,0,6,"series_reference"
2.5,8.33333333333333,0,0,6,"series_reference"
3,8.33333333333333,0,0,6,"series_reference"
3.5,8.33333333333333,0,0,6,"series_reference"
4,8.33333333333333,0,0,6,"series_reference"
-4,10.4166666666667,0,0,6,"series_reference"
-3.5,10.4166666666667,0,0,6,"series_reference"
-3,10.4166666666667,0,0,6,"series_reference"
-2.5,10.4166666666667,0,0,6,"series_reference"
-2,10.4166666666667,0,0,6,"series_reference"
-1.5,10.4166666666667,0,0,6,"series_reference"
-1,10.4166666666667,0,0,6,"series_reference"
-0.5,10.4166666666667,0,0,6,"series_reference"
0,10.4166666666667,0,0,6,"series_reference"
0.5,10.4166666666667,0,0,6,"series_reference"
1,10.4166666666667,0,0,6,"series_reference"
1.5,10.4166666666667,0,0,6,"series_reference"
2,10.4166666666667,0,0,6,"series_reference"
2.5,10.4166666666667,0,0,6,"series_reference"
3,10.4166666666667,0,0,6,"series_reference"
3.5,10.4166666666667,0,0,6,"series_reference"
4,10.4166666666667,0,0,6,"series_reference"
-4,12.5,0,0,6,"series_reference"
-3.5,12.5,0,0,6,"series_reference"
-3,12.5,0,0,6,"series_reference"
-2.5,12.5,0,0,6,"series_reference"
-2,12.5,0,0,6,"series_reference"
-1.5,12.5,0,0,6,"series_reference"
-1,12.5,0,0,6,"series_reference"
-0.5,12.5,0,0,6,"series_reference"
0,12.5,0,0,6,"series_reference"
0.5,12.5,0,0,6,"series_reference"
1,12.5,0,0,6,"series_reference"
1.5,12.5,0,0,6,"series_reference"
2,12.5,0,0,6,"series_reference"
2.5,12.5,0,0,6,"series_reference"
3,12.5,0,0,6,"series_reference"
3.5,12.5,0,0,6,"series_reference"
4,12.5,0,0,6,"series_reference"
-4,14.5833333333333,0,0,6,"series_reference"
-3.5,14.5833333333333,0,0,6,"series_reference"
-3,14.5833333333333,0,0,6,"series_reference"
-2.5,14.5833333333333,0,0,6,"series_reference"
-2,14.5833333333333,0,0,6,"series_reference"
-1.5,14.5833333333333,0,0,6,"series_reference"
-1,14.5833333333333,0,0,6,"series_reference"
-0.5,14.5833333333333,0,0,6,"series_reference"
0,14.5833333333333,0,0,6,"series_reference"
0.5,14.5833333333333,0,0,6,"series_reference"
1,14.5833333333333,0,0,6,"series_reference"
1.5,14.5833333333333,0,0,6,"series_reference"
2,14.5833333333333,0,0,6,"series_reference"
2.5,14.5833333333333,0,0,6,"series_reference"
3,14.5833333333333,0,0,6,"series_reference"
3.5,14.5833333333333,0,0,6,"series_reference"
4,14.5833333333333,0,0,6,"series_reference"
-4,16.6666666666667,0,0,6,"series_reference"
-3.5,16.6666666666667,0,0,6,"series_reference"
-3,16.6666666666667,0,0,6,"series_reference"
-2.5,16.6666666666667,0,0,6,"series_reference"
-2,16.6666666666667,0,0,6,"series_reference"
-1.5,16.6666666666667,0,0,6,"series_reference"
-1,16.6666666666667,0,0,6,"series_reference"
-0.5,16.6666666666667,0,0,6,"series_reference"
0,16.6666666666667,0,0,6,"series_reference"
0.5,16.6666666666667,0,0,6,"series_reference"
1,16.6666666666667,0,0,6,"series_reference"
1.5,16.6666666666667,0,0,6,"series_reference"
2,16.6666666666667,0,0,6,"series_reference"
2.5,16.6666666666667,0,0,6,"series_reference"
3,16.6666666666667,0,0,6,"series_reference"
3.5,16.6666666666667,0,0,6,"series_reference"
4,16.6666666666667,0,0,6,"series_reference"
-4,18.75,0,0,6,"series_reference"
-3.5,18.75,0,0,6,"series_reference"
-3,18.75,0,0,6,"series_reference"
-2.5,18.75,0,0,6,"series_reference"
-2,18.75,0,0,6,"series_reference"
-1.5,18.75,0,0,6,"series_reference"
-1,18.75,0,0,6,"series_reference"
-0.5,18.75,0,0,6,"series_reference"
0,18.75,0,0,6,"series_reference"
0.5,18.75,0,0,6,"series_reference"
1,18.75,0,0,6,"series_reference"
1.5,18.75,0,0,6,"series_reference"
2,18.75,0,0,6,"series_reference"
2.5,18.75,0,0,6,"series_reference"
3,18.75,0,0,6,"series_reference"
3.5,18.75,0,0,6,"series_reference"
4,18.75,0,0,6,"series_reference"
-4,20.8333333333333,0,0,6,"series_reference"
-3.5,20.8333333333333,0,0,6,"series_reference"
-3,20.8333333333333,0,0,6,"series_reference"
-2.5,20.8333333333333,0,0,6,"series_reference"
-2,20.8333333333333,0,0,6,"series_reference"
-1.5,20.8333333333333,0,0,6,"series_reference"
-1,20.8333333333333,0,0,6,"series_reference"
-0.5,20.8333333333333,0,0,6,"series_reference"
0,20.8333333333333,0,0,6,"series_reference"
0.5,20.8333333333333,0,0,6,"series_reference"
1,20.8333333333333,0,0,6,"series_reference"
1.5,20.8333333333333,0,0,6,"series_reference"
2,20.8333333333333,0,0,6,"series_reference"
2.5,20.8333333333333,0,0,6,"series_reference"
3,20.8333333333333,0,0,6,"series_reference"
3.5,20.8333333333333,0,0,6,"series_reference"
4,20.8333333333333,0,0,6,"series_reference"
-4,22.9166666666667,0,0,6,"series_reference"
-3.5,22.9166666666667,0,0,6,"series_reference"
-3,22.9166666666667,0,0,6,"series_reference"
-2.5,22.9166666666667,0,0,6,"series_reference"
-2,22.9166666666667,0,0,6,"series_reference"
-1.5,22.9166666666667,0,0,6,"series_reference"
-1,22.9166666666667,0,0,6,"series_reference"
-0.5,22.9166666666667,0,0,6,"series_reference"
0,22.9166666666667,0,0,6,"series_reference"
0.5,22.9166666666667,0,0,6,"series_reference"
1,22.9166666666667,0,0,6,"series_reference"
1.5,22.9166666666667,0,0,6,"series_reference"
2,22.9166666666667,0,0,6,"series_reference"
2.5,22.9166666666667,0,0,6,"series_reference"
3,22.9166666666667,0,0,6,"series_reference"
3.5,22.9166666666667,0,0,6,"series_reference"
4,22.9166666666667,0,0,6,"series_reference"
-4,25,0,0,6,"series_reference"
-3.5,25,0,0,6,"series_reference"
-3,25,0,0,6,"series_reference"
-2.5,25,0,0,6,"series_reference"
-2,25,0,0,6,"series_reference"
-1.5,25,0,0,6,"series_reference"
-1,25,0,0,6,"series_reference"
-0.5,25,0,0,6,"series_reference"
0,25,0,0,6,"series_reference"
0.5,25,0,0,6,"series_reference"
1,25,0,0,6,"series_reference"
1.5,25,0,0,6,"series_reference"
2,25,0,0,6,"series_reference"
2.5,25,0,0,6,"series_reference"
3,25,0,0,6,"series_reference"
3.5,25,0,0,6,"series_reference"
4,25,0,0,6,"series_reference"
-4,0,0.208333333333333,0.200714408947727,6,"series_reference"
-3.5,0,0.208333333333333,0.165494275967288,6,"series_reference"
-3,0,0.208333333333333,0.128857553441145,6,"series_reference"
-2.5,0,0.208333333333333,0.0924389619518216,6,"series_reference"
-2,0,0.208333333333333,0.0586197955948005,6,"series_reference"
-1.5,0,0.208333333333333,0.0303868038788178,6,"series_reference"
-1,0,0.208333333333333,0.0107208021830395,6,"series_reference"
-0.5,0,0.208333333333333,0.00145329344522341,6,"series_reference"
0,0,0.208333333333333,0.00210770308160291,6,"series_reference"
0.5,0,0.208333333333333,0.00977324653987782,6,"series_reference"
1,0,0.208333333333333,0.0204610822069247,6,"series_reference"
1.5,0,0.208333333333333,0.0309002792948191,6,"series_reference"
2,0,0.208333333333333,0.0393971646755572,6,"series_reference"
2.5,0,0.208333333333333,0.0455882037527991,6,"series_reference"
3,0,0.208333333333333,0.0497960091032476,6,"series_reference"
3.5,0,0.208333333333333,0.0525337443852516,6,"series_reference"
4,0,0.208333333333333,0.0542672907801462,6,"series_reference"
-4,2.08333333333333,0.208333333333333,0.191748709678924,6,"series_reference"
-3.5,2.08333333333333,0.208333333333333,0.155291584792384,6,"series_reference"
-3,2.08333333333333,0.208333333333333,0.117514045707369,6,"series_reference"
-2.5,2.08333333333333,0.208333333333333,0.0802436106989883,6,"series_reference"
-2,2.08333333333333,0.208333333333333,0.0460850102002724,6,"series_reference"
-1.5,2.08333333333333,0.208333333333333,0.0181679678766802,6,"series_reference"
-1,2.08333333333333,0.208333333333333,-0.000612227498775514,6,"series_reference"
-0.5,2.08333333333333,0.208333333333333,-0.00874587266511748,6,"series_reference"
0,2.08333333333333,0.208333333333333,-0.00699911956973642,6,"series_reference"
0.5,2.08333333333333,0.208333333333333,0.00173237621426289,6,"series_reference"
1,2.08333333333333,0.208333333333333,0.0136469991306038,6,"series_reference"
1.5,2.08333333333333,0.208333333333333,0.0255005429389588,6,"series_reference"
2,2.08333333333333,0.208333333333333,0.035416165030671,6,"series_reference"
2.5,2.08333333333333,0.208333333333333,0.042828780385395,6,"series_reference"
3,2.08333333333333,0.208333333333333,0.0479695260628708,6,"series_reference"
3.5,2.08333333333333,0.208333333333333,0.0513626166447934,6,"series_reference"
4,2.08333333333333,0.208333333333333,0.0535318745101813,6,"series_reference"
-4,4.16666666666667,0.208333333333333,0.182801347747773,6,"series_reference"
-3.5,4.16666666666667,0.208333333333333,0.145184099384197,6,"series_reference"
-3,4.16666666666667,0.208333333333333,0.106399561026476,6,"series_reference"
-2.5,4.16666666666667,0.208333333333333,0.0684797552225581,6,"series_reference"
-2,4.16666666666667,0.208333333333333,0.03423528403682,6,"series_reference"
-1.5,4.16666666666667,0.208333333333333,0.00687257155182752,6,"series_reference"
-1,4.16666666666667,0.208333333333333,-0.0108910122741973,6,"series_reference"
-0.5,4.16666666666667,0.208333333333333,-0.0179151965538761,6,"series_reference"
0,4.16666666666667,0.208333333333333,-0.0152306243306517,6,"series_reference"
0.5,4.16666666666667,0.208333333333333,-0.00567310861820605,6,"series_reference"
1,4.16666666666667,0.208333333333333,0.00719156761893827,6,"series_reference"
1.5,4.16666666666667,0.208333333333333,0.0202185286417655,6,"series_reference"
2,4.16666666666667,0.208333333333333,0.0314033742296116,6,"series_reference"
2.5,4.16666666666667,0.208333333333333,0.0399786609738041,6,"series_reference"
3,4.16666666666667,0.208333333333333,0.0460489149549735,6,"series_reference"
3.5,4.16666666666667,0.208333333333333,0.0501159233780218,6,"series_reference"
4,4.16666666666667,0.208333333333333,0.0527426876148182,6,"series_reference"
-4,6.25,0.208333333333333,0.173881141452271,6,"series_reference"
-3.5,6.25,0.208333333333333,0.135185311296878,6,"series_reference"
-3,6.25,0.208333333333333,0.0955304056058007,6,"series_reference"
-2.5,6.25,0.208333333333333,0.0571573562743534,6,"series_reference"
-2,6.25,0.208333333333333,0.0230543790439361,6,"series_reference"
-1.5,6.25,0.208333333333333,-0.003564694643824,6,"series_reference"
-1,6.25,0.208333333333333,-0.0202332878050358,6,"series_reference"
-0.5,6.25,0.208333333333333,-0.0261956675426672,6,"series_reference"
0,6.25,0.208333333333333,-0.0227079392669997,6,"series_reference"
0.5,6.25,0.208333333333333,-0.0125140869640745,6,"series_reference"
1,6.25,0.208333333333333,0.00107711012979969,6,"series_reference"
1.5,6.25,0.208333333333333,0.0150673297033604,6,"series_reference"
2,6.25,0.208333333333333,0.0273769685238172,6,"series_reference"
2.5,6.25,0.208333333333333,0.0370492494073295,6,"series_reference"
3,6.25,0.208333333333333,0.0440385568994299,6,"series_reference"
3.5,6.25,0.208333333333333,0.0487941890965344,6,"series_reference"
4,6.25,0.208333333333333,0.0518988559657043,6,"series_reference"
-4,8.33333333333333,0.208333333333333,0.16499705742683,6,"series_reference"
-3.5,8.33333333333333,0.208333333333333,0.125308402586327,6,"series_reference"
-3,8.33333333333333,0.208333333333333,0.0849212830748127,6,"series_reference"
-2.5,8.33333333333333,0.208333333333333,0.046282707081414,6,"series_reference"
-2,8.33333333333333,0.208333333333333,0.0125218418558775,6,"series_reference"
-1.5,8.33333333333333,0.208333333333333,-0.0132077103476608,6,"series_reference"
-1,8.33333333333333,0.208333333333333,-0.0287430015277273,6,"series_reference"
-0.5,8.33333333333333,0.208333333333333,-0.0337047835831636,6,"series_reference"
0,8.33333333333333,0.208333333333333,-0.0295308625649331,6,"series_reference"
0.5,8.33333333333333,0.208333333333333,-0.0188517124461863,6,"series_reference"
1,8.33333333333333,0.208333333333333,-0.00471487957316841,6,"series_reference"
1.5,8.33333333333333,0.208333333333333,0.0100563684927406,6,"series_reference"
2,8.33333333333333,0.208333333333333,0.0233533762229479,6,"series_reference"
2.5,8.33333333333333,0.208333333333333,0.034051988899689,6,"series_reference"
3,8.33333333333333,0.208333333333333,0.0419433392778426,6,"series_reference"
3.5,8.33333333333333,0.208333333333333,0.0473983049778821,6,"series_reference"
4,8.33333333333333,0.208333333333333,0.0509996750411632,6,"series_reference"
-4,10.4166666666667,0.208333333333333,0.156158163560435,6,"series_reference"
-3.5,10.4166666666667,0.208333333333333,0.115566139656969,6,"series_reference"
-3,10.4166666666667,0.208333333333333,0.0745851838108533,6,"series_reference"
-2.5,10.4166666666667,0.208333333333333,0.0358586322378733,6,"series_reference"
-2,10.4166666666667,0.208333333333333,0.00261394347007948,6,"series_reference"
-1.5,10.4166666666667,0.208333333333333,-0.0221179422202721,6,"series_reference"
-1,10.4166666666667,0.208333333333333,-0.0365116978075282,6,"series_reference"
-0.5,10.4166666666667,0.208333333333333,-0.0405410535438167,6,"series_reference"
0,10.4166666666667,0.208333333333333,-0.0357823489864784,6,"series_reference"
0.5,10.4166666666667,0.208333333333333,-0.0247389225322439,6,"series_reference"
1,10.4166666666667,0.208333333333333,-0.0102030687393899,6,"series_reference"
1.5,10.4166666666667,0.208333333333333,0.00519196919894041,6,"series_reference"
2,10.4166666666667,0.208333333333333,0.0193472331807365,6,"series_reference"
2.5,10.4166666666667,0.208333333333333,0.0309981967861948,6,"series_reference"
3,10.4166666666667,0.208333333333333,0.0397685896813843,6,"series_reference"
3.5,10.4166666666667,0.208333333333333,0.0459295261187618,6,"series_reference"
4,10.4166666666667,0.208333333333333,0.0500446206322821,6,"series_reference"
-4,12.5,0.208333333333333,0.147373579049271,6,"series_reference"
-3.5,12.5,0.208333333333333,0.105970771307863,6,"series_reference"
-3,12.5,0.208333333333333,0.0645333067928196,6,"series_reference"
-2.5,12.5,0.208333333333333,0.0258847411737529,6,"series_reference"
-2,12.5,0.208333333333333,-0.0066954583729209,6,"series_reference"
-1.5,12.5,0.208333333333333,-0.0303537846586376,6,"series_reference"
-1,12.5,0.208333333333333,-0.0436198864150772,6,"series_reference"
-0.5,12.5,0.208333333333333,-0.0467875427290311,6,"series_reference"
0,12.5,0.208333333333333,-0.0415319113580773,6,"series_reference"
0.5,12.5,0.208333333333333,-0.0302217015892558,6,"series_reference"
1,12.5,0.208333333333333,-0.015405828126894,6,"series_reference"
1.5,12.5,0.208333333333333,0.000477883535153795,6,"series_reference"
2,12.5,0.208333333333333,0.0153713942832361,6,"series_reference"
2.5,12.5,0.208333333333333,0.0278989181865377,6,"series_reference"
3,12.5,0.208333333333333,0.0375200045404771,6,"series_reference"
3.5,12.5,0.208333333333333,0.0443894639364558,6,"series_reference"
4,12.5,0.208333333333333,0.0490333581856093,6,"series_reference"
-4,14.5833333333333,0.208333333333333,0.138652422164033,6,"series_reference"
-3.5,14.5833333333333,0.208333333333333,0.0965339329245859,6,"series_reference"
-3,14.5833333333333,0.208333333333333,0.0547750143857436,6,"series_reference"
-2.5,14.5833333333333,0.208333333333333,0.0163577219039474,6,"series_reference"
-2,14.5833333333333,0.208333333333333,-0.0154341503014452,6,"series_reference"
-1.5,14.5833333333333,0.208333333333333,-0.0379701577513431,6,"series_reference"
-1,14.5833333333333,0.208333333333333,-0.050138335210079,6,"series_reference"
-0.5,14.5833333333333,0.208333333333333,-0.0525146807713341,6,"series_reference"
0,14.5833333333333,0.208333333333333,-0.0468382310872913,6,"series_reference"
0.5,14.5833333333333,0.208333333333333,-0.0353401355193307,6,"series_reference"
1,14.5833333333333,0.208333333333333,-0.0203409294389668,6,"series_reference"
1.5,14.5833333333333,0.208333333333333,-0.00408423975659702,6,"series_reference"
2,14.5833333333333,0.208333333333333,0.0114369889704524,6,"series_reference"
2.5,14.5833333333333,0.208333333333333,0.0247648008406702,6,"series_reference"
3,14.5833333333333,0.208333333333333,0.0352035744515972,6,"series_reference"
3.5,14.5833333333333,0.208333333333333,0.0427800738198657,6,"series_reference"
4,14.5833333333333,0.208333333333333,0.0479657505832967,6,"series_reference"
-4,16.6666666666667,0.208333333333333,0.13000375638178,6,"series_reference"
-3.5,16.6666666666667,0.208333333333333,0.0872665586167377,6,"series_reference"
-3,16.6666666666667,0.208333333333333,0.0453178193430285,6,"series_reference"
-2.5,16.6666666666667,0.208333333333333,0.00727166111655614,6,"series_reference"
-2,16.6666666666667,0.208333333333333,-0.0236308956715643,6,"series_reference"
-1.5,16.6666666666667,0.208333333333333,-0.0450183034459192,6,"series_reference"
-1,16.6666666666667,0.208333333333333,-0.0561292567111386,6,"series_reference"
-0.5,16.6666666666667,0.208333333333333,-0.0577824983170888,6,"series_reference"
0,16.6666666666667,0.208333333333333,-0.0517511840629014,6,"series_reference"
0.5,16.6666666666667,0.208333333333333,-0.0401292920675879,6,"series_reference"
1,16.6666666666667,0.208333333333333,-0.0250253554052892,6,"series_reference"
1.5,16.6666666666667,0.208333333333333,-0.00849444452367024,6,"series_reference"
2,16.6666666666667,0.208333333333333,0.00755350947286901,6,"series_reference"
2.5,16.6666666666667,0.208333333333333,0.0216059922144572,6,"series_reference"
3,16.6666666666667,0.208333333333333,0.0328255082096965,6,"series_reference"
3.5,16.6666666666667,0.208333333333333,0.0411036382566319,6,"series_reference"
4,16.6666666666667,0.208333333333333,0.0468418641828871,6,"series_reference"
-4,18.75,0.208333333333333,0.12143653559883,6,"series_reference"
-3.5,18.75,0.208333333333333,0.0781788028931855,6,"series_reference"
-3,18.75,0.208333333333333,0.036167402309184,6,"series_reference"
-2.5,18.75,0.208333333333333,-0.00138162229978675,6,"series_reference"
-2,18.75,0.208333333333333,-0.0313148692419887,6,"series_reference"
-1.5,18.75,0.208333333333333,-0.0515457298187233,6,"series_reference"
-1,18.75,0.208333333333333,-0.0616473765365602,6,"series_reference"
-0.5,18.75,0.208333333333333,-0.0626424191461821,6,"series_reference"
0,18.75,0.208333333333333,-0.056313429041231,6,"series_reference"
0.5,18.75,0.208333333333333,-0.0446199563112346,6,"series_reference"
1,18.75,0.208333333333333,-0.0294751906377522,6,"series_reference"
1.5,18.75,0.208333333333333,-0.012754114735523,6,"series_reference"
2,18.75,0.208333333333333,0.00372892163156419,6,"series_reference"
2.5,18.75,0.208333333333333,0.0184320589019196,6,"series_reference"
3,18.75,0.208333333333333,0.0303921574610692,6,"series_reference"
3.5,18.75,0.208333333333333,0.0393627457803701,6,"series_reference"
4,18.75,0.208333333333333,0.0456619729661807,6,"series_reference"
-4,20.8333333333333,0.208333333333333,0.112959549180575,6,"series_reference"
-3.5,20.8333333333333,0.208333333333333,0.0692799732081679,6,"series_reference"
-3,20.8333333333333,0.208333333333333,0.0273276572550932,6,"series_reference"
-2.5,20.8333333333333,0.208333333333333,-0.00961224166829922,6,"series_reference"
-2,20.8333333333333,0.208333333333333,-0.0385151903133594,6,"series_reference"
-1.5,20.8333333333333,0.208333333333333,-0.0575962623433527,6,"series_reference"
-1,20.8333333333333,0.208333333333333,-0.0667408827898739,6,"series_reference"
-0.5,20.8333333333333,0.208333333333333,-0.0671387044256713,6,"series_reference"
0,20.8333333333333,0.208333333333333,-0.0605616647950277,6,"series_reference"
0.5,20.8333333333333,0.208333333333333,-0.048839246264222,6,"series_reference"
1,20.8333333333333,0.208333333333333,-0.0337055695338559,6,"series_reference"
1.5,20.8333333333333,0.208333333333333,-0.0168656761407151,6,"series_reference"
2,20.8333333333333,0.208333333333333,-3.02103563342426e-05,6,"series_reference"
2.5,20.8333333333333,0.208333333333333,0.0152519274661853,6,"series_reference"
3,20.8333333333333,0.208333333333333,0.0279099437235365,6,"series_reference"
3.5,20.8333333333333,0.208333333333333,0.0375602661870158,6,"series_reference"
4,20.8333333333333,0.208333333333333,0.0444265606790804,6,"series_reference"
-4,22.9166666666667,0.208333333333333,0.104581367634235,6,"series_reference"
-3.5,22.9166666666667,0.208333333333333,0.0605784744088007,6,"series_reference"
-3,22.9166666666667,0.208333333333333,0.0188007616120079,6,"series_reference"
-2.5,22.9166666666667,0.208333333333333,-0.0174319144347173,6,"series_reference"
-2,22.9166666666667,0.208333333333333,-0.0452605471394626,6,"series_reference"
-1.5,22.9166666666667,0.208333333333333,-0.0632101693879807,6,"series_reference"
-1,22.9166666666667,0.208333333333333,-0.0714522619170512,6,"series_reference"
-0.5,22.9166666666667,0.208333333333333,-0.0713096232483853,6,"series_reference"
0,22.9166666666667,0.208333333333333,-0.0645276338121723,6,"series_reference"
0.5,22.9166666666667,0.208333333333333,-0.0528111293614092,6,"series_reference"
1,22.9166666666667,0.208333333333333,-0.0377306637428464,6,"series_reference"
1.5,22.9166666666667,0.208333333333333,-0.0208323469079149,6,"series_reference"
2,22.9166666666667,0.208333333333333,-0.00371859236190375,6,"series_reference"
2.5,22.9166666666667,0.208333333333333,0.0120738451818436,6,"series_reference"
3,22.9166666666667,0.208333333333333,0.0253852892947873,6,"series_reference"
3.5,22.9166666666667,0.208333333333333,0.035699322557225,6,"series_reference"
4,22.9166666666667,0.208333333333333,0.0431363208811362,6,"series_reference"
-4,25,0.208333333333333,0.0963102896970573,6,"series_reference"
-3.5,25,0.208333333333333,0.0520817657900873,6,"series_reference"
-3,25,0.208333333333333,0.0105872674052762,6,"series_reference"
-2.5,25,0.208333333333333,-0.0248536492022145,6,"series_reference"
-2,25,0.208333333333333,-0.051578903446881,6,"series_reference"
-1.5,25,0.208333333333333,-0.0684243364602604,6,"series_reference"
-1,25,0.208333333333333,-0.0758190298867974,6,"series_reference"
-0.5,25,0.208333333333333,-0.0751884065938253,6,"series_reference"
0,25,0.208333333333333,-0.0682389301468466,6,"series_reference"
0.5,25,0.208333333333333,-0.0565568569926116,6,"series_reference"
1,25,0.208333333333333,-0.0415636964270076,6,"series_reference"
1.5,25,0.208333333333333,-0.024657931519986,6,"series_reference"
2,25,0.208333333333333,-0.00733206749047222,6,"series_reference"
2.5,25,0.208333333333333,0.00890535866704167,6,"series_reference"
3,25,0.208333333333333,0.0228245533038137,6,"series_reference"
3.5,25,0.208333333333333,0.0337832606894641,6,"series_reference"
4,25,0.208333333333333,0.0417921548637018,6,"series_reference"
-4,0,0.416666666666667,0.644264747333715,6,"series_reference"
-3.5,0,0.416666666666667,0.53677145051783,6,"series_reference"
-3,0,0.416666666666667,0.424750977005554,6,"series_reference"
-2.5,0,0.416666666666667,0.31252306876818,6,"series_reference"
-2,0,0.416666666666667,0.2065512754851,6,"series_reference"
-1.5,0,0.416666666666667,0.115428752969601,6,"series_reference"
-1,0,0.416666666666667,0.0487180228791099,6,"series_reference"
-0.5,0,0.416666666666667,0.0139648999038127,6,"series_reference"
0,0,0.416666666666667,0.012523886614548,6,"series_reference"
0.5,0,0.416666666666667,0.0372819219846143,6,"series_reference"
1,0,0.416666666666667,0.0754411719266351,6,"series_reference"
1.5,0,0.416666666666667,0.114742181315841,6,"series_reference"
2,0,0.416666666666667,0.147844489160479,6,"series_reference"
2.5,0,0.416666666666667,0.17251004407948,6,"series_reference"
3,0,0.416666666666667,0.189517671558164,6,"series_reference"
3.5,0,0.416666666666667,0.200684613939017,6,"series_reference"
4,0,0.416666666666667,0.207795784290602,6,"series_reference"
-4,2.08333333333333,0.416666666666667,0.613647243035493,6,"series_reference"
-3.5,2.08333333333333,0.416666666666667,0.501330259803984,6,"series_reference"
-3,2.08333333333333,0.416666666666667,0.384406693314472,6,"series_reference"
-2.5,2.08333333333333,0.416666666666667,0.267763183850065,6,"series_reference"
-2,2.08333333333333,0.416666666666667,0.158692252936706,6,"series_reference"
-1.5,2.08333333333333,0.416666666666667,0.0666523659528102,6,"series_reference"
-1,2.08333333333333,0.416666666666667,0.00158937937930204,6,"series_reference"
-0.5,2.08333333333333,0.416666666666667,-0.0294862131935746,6,"series_reference"
0,2.08333333333333,0.416666666666667,-0.0262906456905725,6,"series_reference"
0.5,2.08333333333333,0.416666666666667,0.00348918949559085,6,"series_reference"
1,2.08333333333333,0.416666666666667,0.0471856661229514,6,"series_reference"
1.5,2.08333333333333,0.416666666666667,0.0924986627857151,6,"series_reference"
2,2.08333333333333,0.416666666666667,0.131467905260415,6,"series_reference"
2.5,2.08333333333333,0.416666666666667,0.161148366972461,6,"series_reference"
3,2.08333333333333,0.416666666666667,0.181986570789057,6,"series_reference"
3.5,2.08333333333333,0.416666666666667,0.195849690978339,6,"series_reference"
4,2.08333333333333,0.416666666666667,0.204756888085916,6,"series_reference"
-4,4.16666666666667,0.416666666666667,0.58306636190244,6,"series_reference"
-3.5,4.16666666666667,0.416666666666667,0.466176811528878,6,"series_reference"
-3,4.16666666666667,0.416666666666667,0.344814707134557,6,"series_reference"
-2.5,4.16666666666667,0.416666666666667,0.224515103654018,6,"series_reference"
-2,4.16666666666667,0.416666666666667,0.113401933353246,6,"series_reference"
-1.5,4.16666666666667,0.416666666666667,0.0216021285510436,6,"series_reference"
-1,4.16666666666667,0.416666666666667,-0.0409757770938998,6,"series_reference"
-0.5,4.16666666666667,0.416666666666667,-0.0682542866714083,6,"series_reference"
0,4.16666666666667,0.416666666666667,-0.0610678657073389,6,"series_reference"
0.5,4.16666666666667,0.416666666666667,-0.0274046911276206,6,"series_reference"
1,4.16666666666667,0.416666666666667,0.0205565035996765,6,"series_reference"
1.5,4.16666666666667,0.416666666666667,0.070816720856164,6,"series_reference"
2,4.16666666666667,0.416666666666667,0.114999986235471,6,"series_reference"
2.5,4.16666666666667,0.416666666666667,0.149432109406782,6,"series_reference"
3,4.16666666666667,0.416666666666667,0.17407572032222,6,"series_reference"
3.5,4.16666666666667,0.416666666666667,0.190706292961319,6,"series_reference"
4,4.16666666666667,0.416666666666667,0.201497194182251,6,"series_reference"
-4,6.25,0.416666666666667,0.552550633648087,6,"series_reference"
-3.5,6.25,0.416666666666667,0.43135669417429,6,"series_reference"
-3,6.25,0.416666666666667,0.306033811892616,6,"series_reference"
-2.5,6.25,0.416666666666667,0.182820634441383,6,"series_reference"
-2,6.25,0.416666666666667,0.0706264694842906,6,"series_reference"
-1.5,6.25,0.416666666666667,-0.019985764665962,6,"series_reference"
-1,6.25,0.416666666666667,-0.0795057645889578,6,"series_reference"
-0.5,6.25,0.416666666666667,-0.103018585400355,6,"series_reference"
0,6.25,0.416666666666667,-0.0924078881286056,6,"series_reference"
0.5,6.25,0.416666666666667,-0.0557522895337819,6,"series_reference"
1,6.25,0.416666666666667,-0.00454333888252145,6,"series_reference"
1.5,6.25,0.416666666666667,0.0497439309532102,6,"series_reference"
2,6.25,0.416666666666667,0.0985157140334391,6,"series_reference"
2.5,6.25,0.416666666666667,0.137409772506636,6,"series_reference"
3,6.25,0.416666666666667,0.165804370022496,6,"series_reference"
3.5,6.25,0.416666666666667,0.185257229130689,6,"series_reference"
4,6.25,0.416666666666667,0.198013387684212,6,"series_reference"
-4,8.33333333333333,0.416666666666667,0.522129205775613,6,"series_reference"
-3.5,8.33333333333333,0.416666666666667,0.396914764287296,6,"series_reference"
-3,8.33333333333333,0.416666666666667,0.26811775001969,6,"series_reference"
-2.5,8.33333333333333,0.416666666666667,0.142708690080169,6,"series_reference"
-2,8.33333333333333,0.416666666666667,0.0302955164565214,6,"series_reference"
-1.5,8.33333333333333,0.416666666666667,-0.058369498729461,6,"series_reference"
-1,8.33333333333333,0.416666666666667,-0.11446428670547,6,"series_reference"
-0.5,8.33333333333333,0.416666666666667,-0.134338837235564,6,"series_reference"
0,8.33333333333333,0.416666666666667,-0.120798047710974,6,"series_reference"
0.5,8.33333333333333,0.416666666666667,-0.0818529539573559,6,"series_reference"
1,8.33333333333333,0.416666666666667,-0.0282110539930891,6,"series_reference"
1.5,8.33333333333333,0.416666666666667,0.0293124583322714,6,"series_reference"
2,8.33333333333333,0.416666666666667,0.0820822248295736,6,"series_reference"
2.5,8.33333333333333,0.416666666666667,0.125129739331987,6,"series_reference"
3,8.33333333333333,0.416666666666667,0.157193818180197,6,"series_reference"
3.5,8.33333333333333,0.416666666666667,0.179506848964946,6,"series_reference"
4,8.33333333333333,0.416666666666667,0.194302880014834,6,"series_reference"
-4,10.4166666666667,0.416666666666667,0.491831701410213,6,"series_reference"
-3.5,10.4166666666667,0.416666666666667,0.362894795829062,6,"series_reference"
-3,10.4166666666667,0.416666666666667,0.2311147806044,6,"series_reference"
-2.5,10.4166666666667,0.416666666666667,0.104195847981016,6,"series_reference"
-2,10.4166666666667,0.416666666666667,-0.00767434586399784,6,"series_reference"
-1.5,10.4166666666667,0.416666666666667,-0.0937976772829826,6,"series_reference"
-1,10.4166666666667,0.416666666666667,-0.146257530510555,6,"series_reference"
-0.5,10.4166666666667,0.416666666666667,-0.162679450442508,6,"series_reference"
0,10.4166666666667,0.416666666666667,-0.146638088414776,6,"series_reference"
0.5,10.4166666666667,0.416666666666667,-0.105962075385124,6,"series_reference"
1,10.4166666666667,0.416666666666667,-0.0505415493763834,6,"series_reference"
1.5,10.4166666666667,0.416666666666667,0.00954167332961953,6,"series_reference"
2,10.4166666666667,0.416666666666667,0.0657587223648775,6,"series_reference"
2.5,10.4166666666667,0.416666666666667,0.112639581570713,6,"series_reference"
3,10.4166666666667,0.416666666666667,0.148267118861351,6,"series_reference"
3.5,10.4166666666667,0.416666666666667,0.173461023441292,6,"series_reference"
4,10.4166666666667,0.416666666666667,0.19036385215609,6,"series_reference"
-4,12.5,0.416666666666667,0.461688066654937,6,"series_reference"
-3.5,12.5,0.416666666666667,0.329339138095508,6,"series_reference"
-3,12.5,0.416666666666667,0.19506734938741,6,"series_reference"
-2.5,12.5,0.416666666666667,0.0672871102520968,6,"series_reference"
-2,12.5,0.416666666666667,-0.0433764316151748,6,"series_reference"
-1.5,12.5,0.416666666666667,-0.126506642159178,6,"series_reference"
-1,12.5,0.416666666666667,-0.175240951941153,6,"series_reference"
-0.5,12.5,0.416666666666667,-0.188428263907287,6,"series_reference"
0,12.5,0.416666666666667,-0.170258909757367,6,"series_reference"
0.5,12.5,0.416666666666667,-0.128298584716425,6,"series_reference"
1,12.5,0.416666666666667,-0.0716258883260964,6,"series_reference"
1.5,12.5,0.416666666666667,-0.00955949397716016,6,"series_reference"
2,12.5,0.416666666666667,0.0495966249648858,6,"series_reference"
2.5,12.5,0.416666666666667,0.0999854537377286,6,"series_reference"
3,12.5,0.416666666666667,0.139048768905742,6,"series_reference"
3.5,12.5,0.416666666666667,0.167127105527621,6,"series_reference"
4,12.5,0.416666666666667,0.186195291797913,6,"series_reference"
-4,14.5833333333333,0.416666666666667,0.431728409065673,6,"series_reference"
-3.5,14.5833333333333,0.416666666666667,0.296288388514239,6,"series_reference"
-3,14.5833333333333,0.416666666666667,0.160011864678329,6,"series_reference"
-2.5,14.5833333333333,0.416666666666667,0.0319768241038537,6,"series_reference"
-2,14.5833333333333,0.416666666666667,-0.0769110761231129,6,"series_reference"
-1.5,14.5833333333333,0.416666666666667,-0.156718817020867,6,"series_reference"
-1,14.5833333333333,0.416666666666667,-0.201725545350515,6,"series_reference"
-0.5,14.5833333333333,0.416666666666667,-0.211911174165887,6,"series_reference"
0,14.5833333333333,0.416666666666667,-0.191936711004238,6,"series_reference"
0.5,14.5833333333333,0.416666666666667,-0.149051034959426,6,"series_reference"
1,14.5833333333333,0.416666666666667,-0.0915503673711752,6,"series_reference"
1.5,14.5833333333333,0.416666666666667,-0.027990486984391,6,"series_reference"
2,14.5833333333333,0.416666666666667,0.0336398915703898,6,"series_reference"
2.5,14.5833333333333,0.416666666666667,0.0872115834234456,6,"series_reference"
3,14.5833333333333,0.416666666666667,0.129564383451534,6,"series_reference"
3.5,14.5833333333333,0.416666666666667,0.160513870525711,6,"series_reference"
4,14.5833333333333,0.416666666666667,0.181797023564634,6,"series_reference"
-4,16.6666666666667,0.416666666666667,0.401982829095353,6,"series_reference"
-3.5,16.6666666666667,0.416666666666667,0.263781086328642,6,"series_reference"
-3,16.6666666666667,0.416666666666667,0.125978579194759,6,"series_reference"
-2.5,16.6666666666667,0.416666666666667,-0.00175028465588944,6,"series_reference"
-2,16.6666666666667,0.416666666666667,-0.108383108442156,6,"series_reference"
-1.5,16.6666666666667,0.416666666666667,-0.18464184589558,6,"series_reference"
-1,16.6666666666667,0.416666666666667,-0.225983507244184,6,"series_reference"
-0.5,16.6666666666667,0.416666666666667,-0.23340362989589,6,"series_reference"
0,16.6666666666667,0.416666666666667,-0.211903797001821,6,"series_reference"
0.5,16.6666666666667,0.416666666666667,-0.168382551998827,6,"series_reference"
1,16.6666666666667,0.416666666666667,-0.110396039262083,6,"series_reference"
1.5,16.6666666666667,0.416666666666667,-0.0457573450686817,6,"series_reference"
2,16.6666666666667,0.416666666666667,0.0179254762600086,6,"series_reference"
2.5,16.6666666666667,0.416666666666667,0.0743598608302621,6,"series_reference"
3,16.6666666666667,0.416666666666667,0.119840368722533,6,"series_reference"
3.5,16.6666666666667,0.416666666666667,0.153631437393204,6,"series_reference"
4,16.6666666666667,0.416666666666667,0.177169731594686,6,"series_reference"
-4,18.75,0.416666666666667,0.372481246574314,6,"series_reference"
-3.5,18.75,0.416666666666667,0.231853432662413,6,"series_reference"
-3,18.75,0.416666666666667,0.0929915744673642,6,"series_reference"
-2.5,18.75,0.416666666666667,-0.0339180089803945,6,"series_reference"
-2,18.75,0.416666666666667,-0.13789968194084,6,"series_reference"
-1.5,18.75,0.416666666666667,-0.2104683300191,6,"series_reference"
-1,18.75,0.416666666666667,-0.248253274043664,6,"series_reference"
-0.5,18.75,0.416666666666667,-0.253139728893269,6,"series_reference"
0,18.75,0.416666666666667,-0.230356928178181,6,"series_reference"
0.5,18.75,0.416666666666667,-0.186434879980541,6,"series_reference"
1,18.75,0.416666666666667,-0.128238541446714,6,"series_reference"
1.5,18.75,0.416666666666667,-0.0628712004988565,6,"series_reference"
2,18.75,0.416666666666667,0.00248386695767899,6,"series_reference"
2.5,18.75,0.416666666666667,0.0614695262228333,6,"series_reference"
3,18.75,0.416666666666667,0.109903600295278,6,"series_reference"
3.5,18.75,0.416666666666667,0.146491172693599,6,"series_reference"
4,18.75,0.416666666666667,0.172314973853434,6,"series_reference"
-4,20.8333333333333,0.416666666666667,0.343253224475796,6,"series_reference"
-3.5,20.8333333333333,0.416666666666667,0.200539041784833,6,"series_reference"
-3,20.8333333333333,0.416666666666667,0.061068841494426,6,"series_reference"
-2.5,20.8333333333333,0.416666666666667,-0.0645575287051448,6,"series_reference"
-2,20.8333333333333,0.416666666666667,-0.165568455983089,6,"series_reference"
-1.5,20.8333333333333,0.416666666666667,-0.234376000856523,6,"series_reference"
-1,20.8333333333333,0.416666666666667,-0.268743955017894,6,"series_reference"
-0.5,20.8333333333333,0.416666666666667,-0.271319466917626,6,"series_reference"
0,20.8333333333333,0.416666666666667,-0.247463840695548,6,"series_reference"
0.5,20.8333333333333,0.416666666666667,-0.203331700749723,6,"series_reference"
1,20.8333333333333,0.416666666666667,-0.14514812899485,6,"series_reference"
1.5,20.8333333333333,0.416666666666667,-0.079347025569254,6,"series_reference"
2,20.8333333333333,0.416666666666667,-0.0126603287658595,6,"series_reference"
2.5,20.8333333333333,0.416666666666667,0.0485769502416872,6,"series_reference"
3,20.8333333333333,0.416666666666667,0.0997811142308703,6,"series_reference"
3.5,20.8333333333333,0.416666666666667,0.139105579255598,6,"series_reference"
4,20.8333333333333,0.416666666666667,0.167235187741092,6,"series_reference"
-4,22.9166666666667,0.416666666666667,0.314327792341254,6,"series_reference"
-3.5,22.9166666666667,0.416666666666667,0.169868727560129,6,"series_reference"
-3,22.9166666666667,0.416666666666667,0.030222448868774,6,"series_reference"
-2.5,22.9166666666667,0.416666666666667,-0.0937062840584557,6,"series_reference"
-2,22.9166666666667,0.416666666666667,-0.191496109183571,6,"series_reference"
-1.5,22.9166666666667,0.416666666666667,-0.256528198699358,6,"series_reference"
-1,22.9166666666667,0.416666666666667,-0.287639203559005,6,"series_reference"
-0.5,22.9166666666667,0.416666666666667,-0.288114551791298,6,"series_reference"
0,22.9166666666667,0.416666666666667,-0.2633683870134,6,"series_reference"
0.5,22.9166666666667,0.416666666666667,-0.219181369475517,6,"series_reference"
1,22.9166666666667,0.416666666666667,-0.161189839843864,6,"series_reference"
1.5,22.9166666666667,0.416666666666667,-0.0952026014825365,6,"series_reference"
2,22.9166666666667,0.416666666666667,-0.0274877805535849,6,"series_reference"
2.5,22.9166666666667,0.416666666666667,0.035715499237418,6,"series_reference"
3,22.9166666666667,0.416666666666667,0.0894998173863712,6,"series_reference"
3.5,22.9166666666667,0.416666666666667,0.131488171983871,6,"series_reference"
4,22.9166666666667,0.416666666666667,0.161933686686703,6,"series_reference"
-4,25,0.416666666666667,0.285733271820316,6,"series_reference"
-3.5,25,0.416666666666667,0.139870328121756,6,"series_reference"
-3,25,0.416666666666667,0.000458787723646492,6,"series_reference"
-2.5,25,0.416666666666667,-0.121406883255737,6,"series_reference"
-2,25,0.416666666666667,-0.215787155530868,6,"series_reference"
-1.5,25,0.416666666666667,-0.277074554535143,6,"series_reference"
-1,25,0.416666666666667,-0.305100580275847,6,"series_reference"
-0.5,25,0.416666666666667,-0.303673096081231,6,"series_reference"
0,25,0.416666666666667,-0.278194624990614,6,"series_reference"
0.5,25,0.416666666666667,-0.234079179116053,6,"series_reference"
1,25,0.416666666666667,-0.176423741473855,6,"series_reference"
1.5,25,0.416666666666667,-0.110457679555366,6,"series_reference"
2,25,0.416666666666667,-0.0419838375790388,6,"series_reference"
2.5,25,0.416666666666667,0.0229154759685257,6,"series_reference"
3,25,0.416666666666667,0.0790862220037596,6,"series_reference"
3.5,25,0.416666666666667,0.123653343529865,6,"series_reference"
4,25,0.416666666666667,0.156414647618565,6,"series_reference"
-4,0,0.625,1.11888694462061,6,"series_reference"
-3.5,0,0.625,0.938967525696297,6,"series_reference"
-3,0,0.625,0.753709447217591,6,"series_reference"
-2.5,0,0.625,0.569251386687593,6,"series_reference"
-2,0,0.625,0.394449686814212,6,"series_reference"
-1.5,0,0.625,0.241173203776529,6,"series_reference"
-1,0,0.625,0.123561369789352,6,"series_reference"
-0.5,0,0.625,0.0550740360925188,6,"series_reference"
0,0,0.625,0.042732671222419,6,"series_reference"
0.5,0,0.625,0.0809813586473087,6,"series_reference"
1,0,0.625,0.151291141829691,6,"series_reference"
1.5,0,0.625,0.230530262117676,6,"series_reference"
2,0,0.625,0.301377854332874,6,"series_reference"
2.5,0,0.625,0.356323318704355,6,"series_reference"
3,0,0.625,0.395213287394347,6,"series_reference"
3.5,0,0.625,0.421177042447144,6,"series_reference"
4,0,0.625,0.437884431909415,6,"series_reference"
-4,2.08333333333333,0.625,1.05752131104706,6,"series_reference"
-3.5,2.08333333333333,0.625,0.867128104753006,6,"series_reference"
-3,2.08333333333333,0.625,0.670475040594627,6,"series_reference"
-2.5,2.08333333333333,0.625,0.474502989894263,6,"series_reference"
-2,2.08333333333333,0.625,0.289562979597098,6,"series_reference"
-1.5,2.08333333333333,0.625,0.129667901577564,6,"series_reference"
-1,2.08333333333333,0.625,0.0110883240499005,6,"series_reference"
-0.5,2.08333333333333,0.625,-0.0518822739211362,6,"series_reference"
0,2.08333333333333,0.625,-0.0534880290272466,6,"series_reference"
0.5,2.08333333333333,0.625,-0.00162439135905035,6,"series_reference"
1,2.08333333333333,0.625,0.0835027257698102,6,"series_reference"
1.5,2.08333333333333,0.625,0.177771193841117,6,"series_reference"
2,2.08333333333333,0.625,0.262661999693685,6,"series_reference"
2.5,2.08333333333333,0.625,0.329434758277971,6,"series_reference"
3,2.08333333333333,0.625,0.377348367250839,6,"series_reference"
3.5,2.08333333333333,0.625,0.409682487712911,6,"series_reference"
4,2.08333333333333,0.625,0.430647656900262,6,"series_reference"
-4,4.16666666666667,0.625,0.996393262756897,6,"series_reference"
-3.5,4.16666666666667,0.625,0.796084506798025,6,"series_reference"
-3,4.16666666666667,0.625,0.589064054134662,6,"series_reference"
-2.5,4.16666666666667,0.625,0.383301599147877,6,"series_reference"
-2,4.16666666666667,0.625,0.190764899487156,6,"series_reference"
-1.5,4.16666666666667,0.625,0.0273278425877774,6,"series_reference"
-1,4.16666666666667,0.625,-0.0895635815937046,6,"series_reference"
-0.5,4.16666666666667,0.625,-0.146102483746227,6,"series_reference"
0,4.16666666666667,0.625,-0.138443259526244,6,"series_reference"
0.5,4.16666666666667,0.625,-0.0761471682707859,6,"series_reference"
1,4.16666666666667,0.625,0.0202457113753944,6,"series_reference"
1.5,4.16666666666667,0.625,0.126690787822975,6,"series_reference"
2,4.16666666666667,0.625,0.223906793921913,6,"series_reference"
2.5,4.16666666666667,0.625,0.301791142305393,6,"series_reference"
3,4.16666666666667,0.625,0.358620046757883,6,"series_reference"
3.5,4.16666666666667,0.625,0.397470257746347,6,"series_reference"
4,4.16666666666667,0.625,0.422891369194495,6,"series_reference"
-4,6.25,0.625,0.935552682764267,6,"series_reference"
-3.5,6.25,0.625,0.72591275440759,6,"series_reference"
-3,6.25,0.625,0.509564929531377,6,"series_reference"
-2.5,6.25,0.625,0.295675711557959,6,"series_reference"
-2,6.25,0.625,0.0978357257678053,6,"series_reference"
-1.5,6.25,0.625,-0.0666160248179368,6,"series_reference"
-1,6.25,0.625,-0.179917983156716,6,"series_reference"
-0.5,6.25,0.625,-0.229623349205965,6,"series_reference"
0,6.25,0.625,-0.213998951083492,6,"series_reference"
0.5,6.25,0.625,-0.143713877662274,6,"series_reference"
1,6.25,0.625,-0.0388358222172469,6,"series_reference"
1.5,6.25,0.625,0.0773659578218371,6,"series_reference"
2,6.25,0.625,0.185287761548262,6,"series_reference"
2.5,6.25,0.625,0.27351325961783,6,"series_reference"
3,6.25,0.625,0.339079021598053,6,"series_reference"
3.5,6.25,0.625,0.384549850033978,6,"series_reference"
4,6.25,0.625,0.414608996800103,6,"series_reference"
-4,8.33333333333333,0.625,0.875050127431368,6,"series_reference"
-3.5,8.33333333333333,0.625,0.656686899580464,6,"series_reference"
-3,8.33333333333333,0.625,0.432056489753952,6,"series_reference"
-2.5,8.33333333333333,0.625,0.211631940515701,6,"series_reference"
-2,8.33333333333333,0.625,0.0105359604856929,6,"series_reference"
-1.5,8.33333333333333,0.625,-0.152883321059707,6,"series_reference"
-1,8.33333333333333,0.625,-0.261275933762061,6,"series_reference"
-0.5,8.33333333333333,0.625,-0.304083494820409,6,"series_reference"
0,8.33333333333333,0.625,-0.281632880480274,6,"series_reference"
0.5,8.33333333333333,0.625,-0.205254674286556,6,"series_reference"
1,8.33333333333333,0.625,-0.0940776653934463,6,"series_reference"
1.5,8.33333333333333,0.625,0.0298372275770724,6,"series_reference"
2,8.33333333333333,0.625,0.146959032515607,6,"series_reference"
2.5,8.33333333333333,0.625,0.244720258911726,6,"series_reference"
3,8.33333333333333,0.625,0.318780603911569,6,"series_reference"
3.5,8.33333333333333,0.625,0.370934516978067,6,"series_reference"
4,8.33333333333333,0.625,0.405795804397243,6,"series_reference"
-4,10.4166666666667,0.625,0.814936585104039,6,"series_reference"
-3.5,10.4166666666667,0.625,0.588478480200138,6,"series_reference"
-3,10.4166666666667,0.625,0.356607414262556,6,"series_reference"
-2.5,10.4166666666667,0.625,0.13115641688494,6,"series_reference"
-2,10.4166666666667,0.625,-0.0713878764845446,6,"series_reference"
-1.5,10.4166666666667,0.625,-0.232142701445607,6,"series_reference"
-1,10.4166666666667,0.625,-0.33475122531224,6,"series_reference"
-0.5,10.4166666666667,0.625,-0.37081436373987,6,"series_reference"
0,10.4166666666667,0.625,-0.342530279756202,6,"series_reference"
0.5,10.4166666666667,0.625,-0.26154324330714,6,"series_reference"
1,10.4166666666667,0.625,-0.145792556821056,6,"series_reference"
1.5,10.4166666666667,0.625,-0.0158839995637756,6,"series_reference"
2,10.4166666666667,0.625,0.109053664021016,6,"series_reference"
2.5,10.4166666666667,0.625,0.215527982268958,6,"series_reference"
3,10.4166666666667,0.625,0.297783938965497,6,"series_reference"
3.5,10.4166666666667,0.625,0.356641185450222,6,"series_reference"
4,10.4166666666667,0.625,0.396448990385804,6,"series_reference"
-4,12.5,0.625,0.755263221473984,6,"series_reference"
-3.5,12.5,0.625,0.521355999080076,6,"series_reference"
-3,12.5,0.625,0.283275880818678,6,"series_reference"
-2.5,12.5,0.625,0.0542164457159271,6,"series_reference"
-2,12.5,0.625,-0.148198052942422,6,"series_reference"
-1.5,12.5,0.625,-0.305011880461396,6,"series_reference"
-1,12.5,0.625,-0.40129979256846,6,"series_reference"
-0.5,12.5,0.625,-0.430907522764258,6,"series_reference"
0,12.5,0.625,-0.39765252404993,6,"series_reference"
0.5,12.5,0.625,-0.313227780798651,6,"series_reference"
1,12.5,0.625,-0.194269163378082,6,"series_reference"
1.5,12.5,0.625,-0.0598091427641669,6,"series_reference"
2,12.5,0.625,0.0716845045743839,6,"series_reference"
2.5,12.5,0.625,0.186047551521241,6,"series_reference"
3,12.5,0.625,0.276151183062072,6,"series_reference"
3.5,12.5,0.625,0.341690324198741,6,"series_reference"
4,12.5,0.625,0.386567767323306,6,"series_reference"
-4,14.5833333333333,0.625,0.696081114339918,6,"series_reference"
-3.5,14.5833333333333,0.625,0.455384434485901,6,"series_reference"
-3,14.5833333333333,0.625,0.212109374355389,6,"series_reference"
-2.5,14.5833333333333,0.625,-0.0192376543431312,6,"series_reference"
-2,14.5833333333333,0.625,-0.220161086495093,6,"series_reference"
-1.5,14.5833333333333,0.625,-0.372058804834495,6,"series_reference"
-1,14.5833333333333,0.625,-0.461744226376819,6,"series_reference"
-0.5,14.5833333333333,0.625,-0.485265190621368,6,"series_reference"
0,14.5833333333333,0.625,-0.447787358982809,6,"series_reference"
0.5,14.5833333333333,0.625,-0.360855032875227,6,"series_reference"
1,14.5833333333333,0.625,-0.239772273723688,6,"series_reference"
1.5,14.5833333333333,0.625,-0.101967107917183,6,"series_reference"
2,14.5833333333333,0.625,0.0349454477280218,6,"series_reference"
2.5,14.5833333333333,0.625,0.156384221359691,6,"series_reference"
3,14.5833333333333,0.625,0.253946666162742,6,"series_reference"
3.5,14.5833333333333,0.625,0.326105761479536,6,"series_reference"
4,14.5833333333333,0.625,0.376153423781289,6,"series_reference"
-4,16.6666666666667,0.625,0.637440980757427,6,"series_reference"
-3.5,16.6666666666667,0.625,0.390624790342473,6,"series_reference"
-3,16.6666666666667,0.625,0.143144658464626,6,"series_reference"
-2.5,16.6666666666667,0.625,-0.0892705985330864,6,"series_reference"
-2,16.6666666666667,0.625,-0.287543873587038,6,"series_reference"
-1.5,16.6666666666667,0.625,-0.433803635352862,6,"series_reference"
-1,16.6666666666667,0.625,-0.516794236757992,6,"series_reference"
-0.5,16.6666666666667,0.625,-0.534638661656027,6,"series_reference"
0,16.6666666666667,0.625,-0.493586212480841,6,"series_reference"
0.5,16.6666666666667,0.625,-0.404889107849839,6,"series_reference"
1,16.6666666666667,0.625,-0.282543733019229,6,"series_reference"
1.5,16.6666666666667,0.625,-0.142399850332221,6,"series_reference"
2,16.6666666666667,0.625,-0.00108705918140406,6,"series_reference"
2.5,16.6666666666667,0.625,0.126636499347661,6,"series_reference"
3,16.6666666666667,0.625,0.231236061715285,6,"series_reference"
3.5,16.6666666666667,0.625,0.309914456689302,6,"series_reference"
4,16.6666666666667,0.625,0.365209365944422,6,"series_reference"
-4,18.75,0.625,0.579392899825794,6,"series_reference"
-3.5,18.75,0.625,0.327133693411371,6,"series_reference"
-3,18.75,0.625,0.0764079006657961,6,"series_reference"
-2.5,18.75,0.625,-0.15596013404955,6,"series_reference"
-2,18.75,0.625,-0.350610466438326,6,"series_reference"
-1.5,18.75,0.625,-0.49072126738125,6,"series_reference"
-1,18.75,0.625,-0.567063763165663,6,"series_reference"
-0.5,18.75,0.625,-0.579657862165667,6,"series_reference"
0,18.75,0.625,-0.535592306578303,6,"series_reference"
0.5,18.75,0.625,-0.445726317841144,6,"series_reference"
1,18.75,0.625,-0.32280379914459,6,"series_reference"
1.5,18.75,0.625,-0.181158743398667,6,"series_reference"
2,18.75,0.625,-0.0363523643884502,6,"series_reference"
2.5,18.75,0.625,0.096895521670799,6,"series_reference"
3,18.75,0.625,0.208085584226117,6,"series_reference"
3.5,18.75,0.625,0.293146230974107,6,"series_reference"
4,18.75,0.625,0.353741137633001,6,"series_reference"
-4,20.8333333333333,0.625,0.521986034551935,6,"series_reference"
-3.5,20.8333333333333,0.625,0.264963043585535,6,"series_reference"
-3,20.8333333333333,0.625,0.0119149389058226,6,"series_reference"
-2.5,20.8333333333333,0.625,-0.219395044561853,6,"series_reference"
-2,20.8333333333333,0.625,-0.40961945813029,6,"series_reference"
-1.5,20.8333333333333,0.625,-0.543244172685533,6,"series_reference"
-1,20.8333333333333,0.625,-0.613085304405092,6,"series_reference"
-0.5,20.8333333333333,0.625,-0.620854323740102,6,"series_reference"
0,20.8333333333333,0.625,-0.574262109539475,6,"series_reference"
0.5,20.8333333333333,0.625,-0.483706978616958,6,"series_reference"
1,20.8333333333333,0.625,-0.360752708307167,6,"series_reference"
1.5,20.8333333333333,0.625,-0.218301649559034,6,"series_reference"
2,20.8333333333333,0.625,-0.0708039097124287,6,"series_reference"
2.5,20.8333333333333,0.625,0.0672446647590408,6,"series_reference"
3,20.8333333333333,0.625,0.184561232477746,6,"series_reference"
3.5,20.8333333333333,0.625,0.275833462850642,6,"series_reference"
4,20.8333333333333,0.625,0.34175641784549,6,"series_reference"
-4,22.9166666666667,0.625,0.465268356348425,6,"series_reference"
-3.5,22.9166666666667,0.625,0.204159722141013,6,"series_reference"
-3,22.9166666666667,0.625,-0.0503283261927645,6,"series_reference"
-2.5,22.9166666666667,0.625,-0.279673208190105,6,"series_reference"
-2,22.9166666666667,0.625,-0.464821922658556,6,"series_reference"
-1.5,22.9166666666667,0.625,-0.591765402639517,6,"series_reference"
-1,22.9166666666667,0.625,-0.655321941391581,6,"series_reference"
-0.5,22.9166666666667,0.625,-0.658679209471252,6,"series_reference"
0,22.9166666666667,0.625,-0.609981896954076,6,"series_reference"
0.5,22.9166666666667,0.625,-0.519124860381768,6,"series_reference"
1,22.9166666666667,0.625,-0.396572312250247,6,"series_reference"
1.5,22.9166666666667,0.625,-0.253890589656998,6,"series_reference"
2,22.9166666666667,0.625,-0.104407546312232,6,"series_reference"
2.5,22.9166666666667,0.625,0.037759366971067,6,"series_reference"
3,22.9166666666667,0.625,0.160728093073961,6,"series_reference"
3.5,22.9166666666667,0.625,0.258010755673217,6,"series_reference"
4,22.9166666666667,0.625,0.329264995346106,6,"series_reference"
-4,25,0.625,0.409286375768659,6,"series_reference"
-3.5,25,0.625,0.144765361371898,6,"series_reference"
-3,25,0.625,-0.110325430904555,6,"series_reference"
-2.5,25,0.625,-0.336899746668663,6,"series_reference"
-2,25,0.625,-0.516459849370292,6,"series_reference"
-1.5,25,0.625,-0.636641630257765,6,"series_reference"
-1,25,0.625,-0.694177443626275,6,"series_reference"
-0.5,25,0.625,-0.693517581926716,6,"series_reference"
0,25,0.625,-0.643080673062969,6,"series_reference"
0.5,25,0.625,-0.552234810098762,6,"series_reference"
1,25,0.625,-0.430427700146506,6,"series_reference"
1.5,25,0.625,-0.287989913259773,6,"series_reference"
2,25,0.625,-0.137139918204385,6,"series_reference"
2.5,25,0.625,0.00850713112067347,6,"series_reference"
3,25,0.625,0.1366497155182,6,"series_reference"
3.5,25,0.625,0.239714584327077,6,"series_reference"
4,25,0.625,0.316278720332506,6,"series_reference"
-4,0,0.833333333333333,1.53970981933606,6,"series_reference"
-3.5,0,0.833333333333333,1.29949179065649,6,"series_reference"
-3,0,0.833333333333333,1.05643432742484,6,"series_reference"
-2.5,0,0.833333333333333,0.817575959475348,6,"series_reference"
-2,0,0.833333333333333,0.592533328803746,6,"series_reference"
-1.5,0,0.833333333333333,0.393877124100197,6,"series_reference"
-1,0,0.833333333333333,0.236781416562545,6,"series_reference"
-0.5,0,0.833333333333333,0.137001938768321,6,"series_reference"
0,0,0.833333333333333,0.106246328931859,6,"series_reference"
0.5,0,0.833333333333333,0.145234954923174,6,"series_reference"
1,0,0.833333333333333,0.238365620573677,6,"series_reference"
1.5,0,0.833333333333333,0.357099376363936,6,"series_reference"
2,0,0.833333333333333,0.472825391851342,6,"series_reference"
2.5,0,0.833333333333333,0.568186339483832,6,"series_reference"
3,0,0.833333333333333,0.638496469136206,6,"series_reference"
3.5,0,0.833333333333333,0.686699031628425,6,"series_reference"
4,0,0.833333333333333,0.718242296304309,6,"series_reference"
-4,2.08333333333333,0.833333333333333,1.43560454073256,6,"series_reference"
-3.5,2.08333333333333,0.833333333333333,1.17656002636965,6,"series_reference"
-3,2.08333333333333,0.833333333333333,0.912158685912328,6,"series_reference"
-2.5,2.08333333333333,0.833333333333333,0.650370136078281,6,"series_reference"
-2,2.08333333333333,0.833333333333333,0.403009153886309,6,"series_reference"
-1.5,2.08333333333333,0.833333333333333,0.186454322349193,6,"series_reference"
-1,2.08333333333333,0.833333333333333,0.02079385391594,6,"series_reference"
-0.5,2.08333333333333,0.833333333333333,-0.0741735555579255,6,"series_reference"
0,2.08333333333333,0.833333333333333,-0.0863358071935494,6,"series_reference"
0.5,2.08333333333333,0.833333333333333,-0.0191220640456411,6,"series_reference"
1,2.08333333333333,0.833333333333333,0.105845229363481,6,"series_reference"
1.5,2.08333333333333,0.833333333333333,0.255523103772363,6,"series_reference"
2,2.08333333333333,0.833333333333333,0.398770205977199,6,"series_reference"
2.5,2.08333333333333,0.833333333333333,0.516745256831752,6,"series_reference"
3,2.08333333333333,0.833333333333333,0.604218952877027,6,"series_reference"
3.5,2.08333333333333,0.833333333333333,0.664573503053109,6,"series_reference"
4,2.08333333333333,0.833333333333333,0.704276369978956,6,"series_reference"
-4,4.16666666666667,0.833333333333333,1.33258448669113,6,"series_reference"
-3.5,4.16666666666667,0.833333333333333,1.05595476597078,6,"series_reference"
-3,4.16666666666667,0.833333333333333,0.77238684996144,6,"series_reference"
-2.5,4.16666666666667,0.833333333333333,0.491238922993787,6,"series_reference"
-2,4.16666666666667,0.833333333333333,0.2268291400663,6,"series_reference"
-1.5,4.16666666666667,0.833333333333333,-0.0010663787353673,6,"series_reference"
-1,4.16666666666667,0.833333333333333,-0.169209359898998,6,"series_reference"
-0.5,4.16666666666667,0.833333333333333,-0.256621049433638,6,"series_reference"
0,4.16666666666667,0.833333333333333,-0.25280964139787,6,"series_reference"
0.5,4.16666666666667,0.833333333333333,-0.164425339061856,6,"series_reference"
1,4.16666666666667,0.833333333333333,-0.0158261143103324,6,"series_reference"
1.5,4.16666666666667,0.833333333333333,0.158293225934274,6,"series_reference"
2,4.16666666666667,0.833333333333333,0.325201256397715,6,"series_reference"
2.5,4.16666666666667,0.833333333333333,0.464124697693838,6,"series_reference"
3,4.16666666666667,0.833333333333333,0.568402849985508,6,"series_reference"
3.5,4.16666666666667,0.833333333333333,0.641116312634426,6,"series_reference"
4,4.16666666666667,0.833333333333333,0.689327932137695,6,"series_reference"
-4,6.25,0.833333333333333,1.23070184726792,6,"series_reference"
-3.5,6.25,0.833333333333333,0.937731614729088,6,"series_reference"
-3,6.25,0.833333333333333,0.637113045675967,6,"series_reference"
-2.5,6.25,0.833333333333333,0.339919096129901,6,"series_reference"
-2,6.25,0.833333333333333,0.0630418249778466,6,"series_reference"
-1.5,6.25,0.833333333333333,-0.170971477357034,6,"series_reference"
-1,6.25,0.833333333333333,-0.337288728509014,6,"series_reference"
-0.5,6.25,0.833333333333333,-0.415657002446054,6,"series_reference"
0,6.25,0.833333333333333,-0.39815317018138,6,"series_reference"
0.5,6.25,0.833333333333333,-0.293832020218474,6,"series_reference"
1,6.25,0.833333333333333,-0.127811269982023,6,"series_reference"
1.5,6.25,0.833333333333333,0.0654048171182287,6,"series_reference"
2,6.25,0.833333333333333,0.252434384195348,6,"series_reference"
2.5,6.25,0.833333333333333,0.410569915482392,6,"series_reference"
3,6.25,0.833333333333333,0.53115986628887,6,"series_reference"
3.5,6.25,0.833333333333333,0.616354282031296,6,"series_reference"
4,6.25,0.833333333333333,0.673388414217621,6,"series_reference"
-4,8.33333333333333,0.833333333333333,1.13000909028731,6,"series_reference"
-3.5,8.33333333333333,0.833333333333333,0.821944203697546,6,"series_reference"
-3,8.33333333333333,0.833333333333333,0.506323354267671,6,"series_reference"
-2.5,8.33333333333333,0.833333333333333,0.196145144510331,6,"series_reference"
-2,8.33333333333333,0.833333333333333,-0.0892378255086128,6,"series_reference"
-1.5,8.33333333333333,0.833333333333333,-0.325235494518692,6,"series_reference"
-1,8.33333333333333,0.833333333333333,-0.486719586408802,6,"series_reference"
-0.5,8.33333333333333,0.833333333333333,-0.555369134303405,6,"series_reference"
0,8.33333333333333,0.833333333333333,-0.526152276283036,6,"series_reference"
0.5,8.33333333333333,0.833333333333333,-0.409840194378073,6,"series_reference"
1,8.33333333333333,0.833333333333333,-0.23113570478286,6,"series_reference"
1.5,8.33333333333333,0.833333333333333,-0.0232068135430459,6,"series_reference"
2,8.33333333333333,0.833333333333333,0.180736584229918,6,"series_reference"
2.5,8.33333333333333,0.833333333333333,0.35631830424802,6,"series_reference"
3,8.33333333333333,0.833333333333333,0.492609471740853,6,"series_reference"
3.5,8.33333333333333,0.833333333333333,0.590321624156097,6,"series_reference"
4,8.33333333333333,0.833333333333333,0.656453092066407,6,"series_reference"
-4,10.4166666666667,0.833333333333333,1.0305586465082,6,"series_reference"
-3.5,10.4166666666667,0.833333333333333,0.708640272938045,6,"series_reference"
-3,10.4166666666667,0.833333333333333,0.379995169041714,6,"series_reference"
-2.5,10.4166666666667,0.833333333333333,0.0596471133726273,6,"series_reference"
-2,10.4166666666667,0.833333333333333,-0.230835052920744,6,"series_reference"
-1.5,10.4166666666667,0.833333333333333,-0.465573265362029,6,"series_reference"
-1,10.4166666666667,0.833333333333333,-0.620175762758235,6,"series_reference"
-0.5,10.4166666666667,0.833333333333333,-0.67895558306875,6,"series_reference"
0,10.4166666666667,0.833333333333333,-0.639739753778581,6,"series_reference"
0.5,10.4166666666667,0.833333333333333,-0.514451867377071,6,"series_reference"
1,10.4166666666667,0.833333333333333,-0.326701899299697,6,"series_reference"
1.5,10.4166666666667,0.833333333333333,-0.107650033566128,6,"series_reference"
2,10.4166666666667,0.833333333333333,0.110328714002118,6,"series_reference"
2.5,10.4166666666667,0.833333333333333,0.301596325419498,6,"series_reference"
3,10.4166666666667,0.833333333333333,0.452877137404747,6,"series_reference"
3.5,10.4166666666667,0.833333333333333,0.563059663824274,6,"series_reference"
4,10.4166666666667,0.833333333333333,0.638521247406657,6,"series_reference"
-4,12.5,0.833333333333333,0.932402586603868,6,"series_reference"
-3.5,12.5,0.833333333333333,0.597866433261478,6,"series_reference"
-3,12.5,0.833333333333333,0.258096864818815,6,"series_reference"
-2.5,12.5,0.833333333333333,-0.0698469498255858,6,"series_reference"
-2,12.5,0.833333333333333,-0.36251912594141,6,"series_reference"
-1.5,12.5,0.833333333333333,-0.593481190879979,6,"series_reference"
-1,12.5,0.833333333333333,-0.739862495848372,6,"series_reference"
-0.5,12.5,0.833333333333333,-0.788955838257315,6,"series_reference"
0,12.5,0.833333333333333,-0.741223768775715,6,"series_reference"
0.5,12.5,0.833333333333333,-0.609289856508642,6,"series_reference"
1,12.5,0.833333333333333,-0.415303536775991,6,"series_reference"
1.5,12.5,0.833333333333333,-0.18806388867829,6,"series_reference"
2,12.5,0.833333333333333,0.0413890421422796,6,"series_reference"
2.5,12.5,0.833333333333333,0.246617060063339,6,"series_reference"
3,12.5,0.833333333333333,0.412092540767453,6,"series_reference"
3.5,12.5,0.833333333333333,0.534616452335453,6,"series_reference"
4,12.5,0.833333333333333,0.619596290521701,6,"series_reference"
-4,14.5833333333333,0.833333333333333,0.835592293442213,6,"series_reference"
-3.5,14.5833333333333,0.833333333333333,0.489663793352456,6,"series_reference"
-3,14.5833333333333,0.833333333333333,0.140587668931791,6,"series_reference"
-2.5,14.5833333333333,0.833333333333333,-0.192610661152253,6,"series_reference"
-2,14.5833333333333,0.833333333333333,-0.485007367084237,6,"series_reference"
-1.5,14.5833333333333,0.833333333333333,-0.710270289494741,6,"series_reference"
-1,14.5833333333333,0.833333333333333,-0.84761466796551,6,"series_reference"
-0.5,14.5833333333333,0.833333333333333,-0.887412296185245,6,"series_reference"
0,14.5833333333333,0.833333333333333,-0.832446082924514,6,"series_reference"
0.5,14.5833333333333,0.833333333333333,-0.695683159562198,6,"series_reference"
1,14.5833333333333,0.833333333333333,-0.497638784056153,6,"series_reference"
1.5,14.5833333333333,0.833333333333333,-0.264607802022613,6,"series_reference"
2,14.5833333333333,0.833333333333333,-0.0259427066899773,6,"series_reference"
2.5,14.5833333333333,0.833333333333333,0.19157838258595,6,"series_reference"
3,14.5833333333333,0.833333333333333,0.37038779044485,6,"series_reference"
3.5,14.5833333333333,0.833333333333333,0.5050462841646,6,"series_reference"
4,14.5833333333333,0.833333333333333,0.599685840612369,6,"series_reference"
-4,16.6666666666667,0.833333333333333,0.740178133374425,6,"series_reference"
-3.5,16.6666666666667,0.833333333333333,0.384068570006778,6,"series_reference"
-3,16.6666666666667,0.833333333333333,0.0274177186984912,6,"series_reference"
-2.5,16.6666666666667,0.833333333333333,-0.308918237596354,6,"series_reference"
-2,16.6666666666667,0.833333333333333,-0.59896841600348,6,"series_reference"
-1.5,16.6666666666667,0.833333333333333,-0.817093137904471,6,"series_reference"
-1,16.6666666666667,0.833333333333333,-0.944970825726943,6,"series_reference"
-0.5,16.6666666666667,0.833333333333333,-0.975985979429449,6,"series_reference"
0,16.6666666666667,0.833333333333333,-0.914894226715597,6,"series_reference"
0.5,16.6666666666667,0.833333333333333,-0.774730305089276,6,"series_reference"
1,16.6666666666667,0.833333333333333,-0.574322347831216,6,"series_reference"
1.5,16.6666666666667,0.833333333333333,-0.337453556146851,6,"series_reference"
2,16.6666666666667,0.833333333333333,-0.0915610890087191,6,"series_reference"
2.5,16.6666666666667,0.833333333333333,0.136661724314397,6,"series_reference"
3,16.6666666666667,0.833333333333333,0.327895716749963,6,"series_reference"
3.5,16.6666666666667,0.833333333333333,0.474409126749399,6,"series_reference"
4,16.6666666666667,0.833333333333333,0.57880176100938,6,"series_reference"
-4,18.75,0.833333333333333,0.646209130402533,6,"series_reference"
-3.5,18.75,0.833333333333333,0.281111701624688,6,"series_reference"
-3,18.75,0.833333333333333,-0.0814717131213398,6,"series_reference"
-2.5,18.75,0.833333333333333,-0.419043340476431,6,"series_reference"
-2,18.75,0.833333333333333,-0.705025141755924,6,"series_reference"
-1.5,18.75,0.833333333333333,-0.914965997961185,6,"series_reference"
-1,18.75,0.833333333333333,-1.033229849305,6,"series_reference"
-0.5,18.75,0.833333333333333,-1.05604110508569,6,"series_reference"
0,18.75,0.833333333333333,-0.989782654656089,6,"series_reference"
0.5,18.75,0.833333333333333,-0.847347037584077,6,"series_reference"
1,18.75,0.833333333333333,-0.645896208917424,6,"series_reference"
1.5,18.75,0.833333333333333,-0.406779161032107,6,"series_reference"
2,18.75,0.833333333333333,-0.155390675982033,6,"series_reference"
2.5,18.75,0.833333333333333,0.0820313748178987,6,"series_reference"
3,18.75,0.833333333333333,0.284748268315665,6,"series_reference"
3.5,18.75,0.833333333333333,0.442769976640939,6,"series_reference"
4,18.75,0.833333333333333,0.556960147349263,6,"series_reference"
-4,20.8333333333333,0.833333333333333,0.553732647162168,6,"series_reference"
-3.5,20.8333333333333,0.833333333333333,0.18081853326937,6,"series_reference"
-3,20.8333333333333,0.833333333333333,-0.186147845846973,6,"series_reference"
-2.5,20.8333333333333,0.833333333333333,-0.52325788932482,6,"series_reference"
-2,20.8333333333333,0.833333333333333,-0.803757314979076,6,"series_reference"
-1.5,20.8333333333333,0.833333333333333,-1.00478727239271,6,"series_reference"
-1,20.8333333333333,0.833333333333333,-1.11349494719841,6,"series_reference"
-0.5,20.8333333333333,0.833333333333333,-1.12870799112079,6,"series_reference"
0,20.8333333333333,0.833333333333333,-1.05811251231745,6,"series_reference"
0.5,20.8333333333333,0.833333333333333,-0.914302673578475,6,"series_reference"
1,20.8333333333333,0.833333333333333,-0.712839059735035,6,"series_reference"
1.5,20.8333333333333,0.833333333333333,-0.472764251056358,6,"series_reference"
2,20.8333333333333,0.833333333333333,-0.21738193879444,6,"series_reference"
2.5,20.8333333333333,0.833333333333333,0.027834255339386,6,"series_reference"
3,20.8333333333333,0.833333333333333,0.241075047430848,6,"series_reference"
3.5,20.8333333333333,0.833333333333333,0.410198157141591,6,"series_reference"
4,20.8333333333333,0.833333333333333,0.534181267773264,6,"series_reference"
-4,22.9166666666667,0.833333333333333,0.462794229588655,6,"series_reference"
-3.5,22.9166666666667,0.833333333333333,0.0832085758233623,6,"series_reference"
-3,22.9166666666667,0.833333333333333,-0.286685893874536,6,"series_reference"
-2.5,22.9166666666667,0.833333333333333,-0.621830897524873,6,"series_reference"
-2,22.9166666666667,0.833333333333333,-0.895704111130226,6,"series_reference"
-1.5,22.9166666666667,0.833333333333333,-1.08735300272146,6,"series_reference"
-1,22.9166666666667,0.833333333333333,-1.18670825475159,6,"series_reference"
-0.5,22.9166666666667,0.833333333333333,-1.19493057641675,6,"series_reference"
0,22.9166666666667,0.833333333333333,-1.12071634647934,6,"series_reference"
0.5,22.9166666666667,0.833333333333333,-0.976248143856374,6,"series_reference"
1,22.9166666666667,0.833333333333333,-0.775574533413623,6,"series_reference"
1.5,22.9166666666667,0.833333333333333,-0.535586701787247,6,"series_reference"
2,22.9166666666667,0.833333333333333,-0.277507391189998,6,"series_reference"
2.5,22.9166666666667,0.833333333333333,-0.0257999084865648,6,"series_reference"
3,22.9166666666667,0.833333333333333,0.197002008502023,6,"series_reference"
3.5,22.9166666666667,0.833333333333333,0.376766573699697,6,"series_reference"
4,22.9166666666667,0.833333333333333,0.510489455283856,6,"series_reference"
-4,25,0.833333333333333,0.37343666661129,6,"series_reference"
-3.5,25,0.833333333333333,-0.0117046598321946,6,"series_reference"
-3,25,0.833333333333333,-0.38316846828878,6,"series_reference"
-2.5,25,0.833333333333333,-0.715027368755111,6,"series_reference"
-2,25,0.833333333333333,-0.981366488438786,6,"series_reference"
-1.5,25,0.833333333333333,-1.16336999012586,6,"series_reference"
-1,25,0.833333333333333,-1.25367833819336,6,"series_reference"
-0.5,25,0.833333333333333,-1.25550280959219,6,"series_reference"
0,25,0.833333333333333,-1.17829202318715,6,"series_reference"
0.5,25,0.833333333333333,-1.03373785353868,6,"series_reference"
1,25,0.833333333333333,-0.834478341451225,6,"series_reference"
1.5,25,0.833333333333333,-0.595420206792966,6,"series_reference"
2,25,0.833333333333333,-0.335758053438294,6,"series_reference"
2.5,25,0.833333333333333,-0.0787580893221702,6,"series_reference"
3,25,0.833333333333333,0.152650335830038,6,"series_reference"
3.5,25,0.833333333333333,0.342550943886362,6,"series_reference"
4,25,0.833333333333333,0.485912953421519,6,"series_reference"
-4,0,1.04166666666667,1.8951058544948,6,"series_reference"
-3.5,0,1.04166666666667,1.60956543916204,6,"series_reference"
-3,0,1.04166666666667,1.32518573406579,6,"series_reference"
-2.5,0,1.04166666666667,1.04952509654437,6,"series_reference"
-2,0,1.04166666666667,0.79164955665229,6,"series_reference"
-1.5,0,1.04166666666667,0.564052188416485,6,"series_reference"
-1,0,1.04166666666667,0.381255823228252,6,"series_reference"
-0.5,0,1.04166666666667,0.258730230602313,6,"series_reference"
0,0,1.04166666666667,0.209288379332671,6,"series_reference"
0.5,0,1.04166666666667,0.238196189356285,6,"series_reference"
1,0,1.04166666666667,0.337532548913606,6,"series_reference"
1.5,0,1.04166666666667,0.483213866527257,6,"series_reference"
2,0,1.04166666666667,0.641326764746125,6,"series_reference"
2.5,0,1.04166666666667,0.782837174076266,6,"series_reference"
3,0,1.04166666666667,0.893509231088548,6,"series_reference"
3.5,0,1.04166666666667,0.9724468736317,6,"series_reference"
4,0,1.04166666666667,1.02543979003081,6,"series_reference"
-4,2.08333333333333,1.04166666666667,1.72977633982855,6,"series_reference"
-3.5,2.08333333333333,1.04166666666667,1.41289713526487,6,"series_reference"
-3,2.08333333333333,1.04166666666667,1.09231392356884,6,"series_reference"
-2.5,2.08333333333333,1.04166666666667,0.776248595210004,6,"series_reference"
-2,2.08333333333333,1.04166666666667,0.477447780762943,6,"series_reference"
-1.5,2.08333333333333,1.04166666666667,0.214260184384882,6,"series_reference"
-1,2.08333333333333,1.04166666666667,0.00998059545770813,6,"series_reference"
-0.5,2.08333333333333,1.04166666666667,-0.111397892851974,6,"series_reference"
0,2.08333333333333,1.04166666666667,-0.13332214552761,6,"series_reference"
0.5,2.08333333333333,1.04166666666667,-0.0552998999322987,6,"series_reference"
1,2.08333333333333,1.04166666666667,0.103132747881328,6,"series_reference"
1.5,2.08333333333333,1.04166666666667,0.306228354284861,6,"series_reference"
2,2.08333333333333,1.04166666666667,0.513599020175854,6,"series_reference"
2.5,2.08333333333333,1.04166666666667,0.69431807836533,6,"series_reference"
3,2.08333333333333,1.04166666666667,0.834374087264144,6,"series_reference"
3.5,2.08333333333333,1.04166666666667,0.934124140702731,6,"series_reference"
4,2.08333333333333,1.04166666666667,1.00116284363434,6,"series_reference"
-4,4.16666666666667,1.04166666666667,1.56803011873119,6,"series_reference"
-3.5,4.16666666666667,1.04166666666667,1.22261890834273,6,"series_reference"
-3,4.16666666666667,1.04166666666667,0.870330494257171,6,"series_reference"
-2.5,4.16666666666667,1.04166666666667,0.521347072443629,6,"series_reference"
-2,4.16666666666667,1.04166666666667,0.192104130134007,6,"series_reference"
-1.5,4.16666666666667,1.04166666666667,-0.0937797339152526,6,"series_reference"
-1,4.16666666666667,1.04166666666667,-0.307559336862754,6,"series_reference"
-0.5,4.16666666666667,1.04166666666667,-0.421952423560451,6,"series_reference"
0,4.16666666666667,1.04166666666667,-0.420839109468502,6,"series_reference"
0.5,4.16666666666667,1.04166666666667,-0.307489432224791,6,"series_reference"
1,4.16666666666667,1.04166666666667,-0.106901376953285,6,"series_reference"
1.5,4.16666666666667,1.04166666666667,0.139844011479331,6,"series_reference"
2,4.16666666666667,1.04166666666667,0.388240434807317,6,"series_reference"
2.5,4.16666666666667,1.04166666666667,0.604483241519317,6,"series_reference"
3,4.16666666666667,1.04166666666667,0.772901155301804,6,"series_reference"
3.5,4.16666666666667,1.04166666666667,0.893628977182734,6,"series_reference"
4,4.16666666666667,1.04166666666667,0.9752324777016,6,"series_reference"
-4,6.25,1.04166666666667,1.40980244556696,6,"series_reference"
-3.5,6.25,1.04166666666667,1.03851885087113,6,"series_reference"
-3,6.25,1.04166666666667,0.658793024527642,6,"series_reference"
-2.5,6.25,1.04166666666667,0.283271753271233,6,"series_reference"
-2,6.25,1.04166666666667,-0.0678732919867087,6,"series_reference"
-1.5,6.25,1.04166666666667,-0.366854569404054,6,"series_reference"
-1,6.25,1.04166666666667,-0.582095057170197,6,"series_reference"
-0.5,6.25,1.04166666666667,-0.686302215891058,6,"series_reference"
0,6.25,1.04166666666667,-0.665773950322924,6,"series_reference"
0.5,6.25,1.04166666666667,-0.526708192725331,6,"series_reference"
1,6.25,1.04166666666667,-0.296126169990486,6,"series_reference"
1.5,6.25,1.04166666666667,-0.0165114231269992,6,"series_reference"
2,6.25,1.04166666666667,0.265681371436498,6,"series_reference"
2.5,6.25,1.04166666666667,0.513772689043083,6,"series_reference"
3,6.25,1.04166666666667,0.709315811579651,6,"series_reference"
3.5,6.25,1.04166666666667,0.851029157201421,6,"series_reference"
4,6.25,1.04166666666667,0.947644520485097,6,"series_reference"
-4,8.33333333333333,1.04166666666667,1.25503638236493,6,"series_reference"
-3.5,8.33333333333333,1.04166666666667,0.860404534040997,6,"series_reference"
-3,8.33333333333333,1.04166666666667,0.45715439248129,6,"series_reference"
-2.5,8.33333333333333,1.04166666666667,0.0606683299222679,6,"series_reference"
-2,8.33333333333333,1.04166666666667,-0.305397463603433,6,"series_reference"
-1.5,8.33333333333333,1.04166666666667,-0.6102766408511,6,"series_reference"
-1,8.33333333333333,1.04166666666667,-0.821590385999873,6,"series_reference"
-0.5,8.33333333333333,1.04166666666667,-0.913996374580668,6,"series_reference"
0,8.33333333333333,1.04166666666667,-0.877044857592358,6,"series_reference"
0.5,8.33333333333333,1.04166666666667,-0.719160453625423,6,"series_reference"
1,8.33333333333333,1.04166666666667,-0.467452163899149,6,"series_reference"
1.5,8.33333333333333,1.04166666666667,-0.16343564533013,6,"series_reference"
2,8.33333333333333,1.04166666666667,0.146255280921367,6,"series_reference"
2.5,8.33333333333333,1.04166666666667,0.422599456433751,6,"series_reference"
3,8.33333333333333,1.04166666666667,0.643852738974239,6,"series_reference"
3.5,8.33333333333333,1.04166666666667,0.806405181800587,6,"series_reference"
4,8.33333333333333,1.04166666666667,0.918402126335818,6,"series_reference"
-4,10.4166666666667,1.04166666666667,1.10368184676664,6,"series_reference"
-3.5,10.4166666666667,1.04166666666667,0.688100174496288,6,"series_reference"
-3,10.4166666666667,1.04166666666667,0.264918055275631,6,"series_reference"
-2.5,10.4166666666667,1.04166666666667,-0.14765842245784,6,"series_reference"
-2,10.4166666666667,1.04166666666667,-0.522928440179529,6,"series_reference"
-1.5,10.4166666666667,1.04166666666667,-0.828299662659041,6,"series_reference"
-1,10.4166666666667,1.04166666666667,-1.03210962213015,6,"series_reference"
-0.5,10.4166666666667,1.04166666666667,-1.11207511856534,6,"series_reference"
0,10.4166666666667,1.04166666666667,-1.06120683349276,6,"series_reference"
0.5,10.4166666666667,1.04166666666667,-0.889568951483026,6,"series_reference"
1,10.4166666666667,1.04166666666667,-0.623281732677309,6,"series_reference"
1.5,10.4166666666667,1.04166666666667,-0.30152967564142,6,"series_reference"
2,10.4166666666667,1.04166666666667,0.0302098438973135,6,"series_reference"
2.5,10.4166666666667,1.04166666666667,0.331345495926294,6,"series_reference"
3,10.4166666666667,1.04166666666667,0.576752345706933,6,"series_reference"
3.5,10.4166666666667,1.04166666666667,0.759849435576575,6,"series_reference"
4,10.4166666666667,1.04166666666667,0.887515961301636,6,"series_reference"
-4,12.5,1.04166666666667,0.955694694897403,6,"series_reference"
-3.5,12.5,1.04166666666667,0.521444039438542,6,"series_reference"
-3,12.5,1.04166666666667,0.0816297616565476,6,"series_reference"
-2.5,12.5,1.04166666666667,-0.342772643595521,6,"series_reference"
-2,12.5,1.04166666666667,-0.722567057184623,6,"series_reference"
-1.5,12.5,1.04166666666667,-1.02438439767398,6,"series_reference"
-1,12.5,1.04166666666667,-1.21837326755271,6,"series_reference"
-0.5,12.5,1.04166666666667,-1.28586350775737,6,"series_reference"
0,12.5,1.04166666666667,-1.22319959025875,6,"series_reference"
0.5,12.5,1.04166666666667,-1.04159711494039,6,"series_reference"
1,12.5,1.04166666666667,-0.765613319925537,6,"series_reference"
1.5,12.5,1.04166666666667,-0.431382703393305,6,"series_reference"
2,12.5,1.04166666666667,-0.0822817272123508,6,"series_reference"
2.5,12.5,1.04166666666667,0.240358943376134,6,"series_reference"
3,12.5,1.04166666666667,0.508257288264515,6,"series_reference"
3.5,12.5,1.04166666666667,0.711465160228495,6,"series_reference"
4,12.5,1.04166666666667,0.855004304298431,6,"series_reference"
-4,14.5833333333333,1.04166666666667,0.811035844944542,6,"series_reference"
-3.5,14.5833333333333,1.04166666666667,0.360286106813267,6,"series_reference"
-3,14.5833333333333,1.04166666666667,-0.0931293518786385,6,"series_reference"
-2.5,14.5833333333333,1.04166666666667,-0.525629428273281,6,"series_reference"
-2,14.5833333333333,1.04166666666667,-0.90612510177397,6,"series_reference"
-1.5,14.5833333333333,1.04166666666667,-1.20138516027507,6,"series_reference"
-1,14.5833333333333,1.04166666666667,-1.38412324726057,6,"series_reference"
-0.5,14.5833333333333,1.04166666666667,-1.43947530487524,6,"series_reference"
0,14.5833333333333,1.04166666666667,-1.36682342764486,6,"series_reference"
0.5,14.5833333333333,1.04166666666667,-1.17813284366021,6,"series_reference"
1,14.5833333333333,1.04166666666667,-0.896121352607205,6,"series_reference"
1.5,14.5833333333333,1.04166666666667,-0.553562117568765,6,"series_reference"
2,14.5833333333333,1.04166666666667,-0.191109749833468,6,"series_reference"
2.5,14.5833333333333,1.04166666666667,0.149952621256821,6,"series_reference"
3,14.5833333333333,1.04166666666667,0.438609191014563,6,"series_reference"
3.5,14.5833333333333,1.04166666666667,0.661365270345068,6,"series_reference"
4,14.5833333333333,1.04166666666667,0.820893059279155,6,"series_reference"
-4,16.6666666666667,1.04166666666667,0.669670445639685,6,"series_reference"
-3.5,16.6666666666667,1.04166666666667,0.204485983814098,6,"series_reference"
-3,16.6666666666667,1.04166666666667,-0.259748449426149,6,"series_reference"
-2.5,16.6666666666667,1.04166666666667,-0.697092177973476,6,"series_reference"
-2,16.6666666666667,1.04166666666667,-1.07517848093216,6,"series_reference"
-1.5,16.6666666666667,1.04166666666667,-1.36168343711831,6,"series_reference"
-1,16.6666666666667,1.04166666666667,-1.53237116813176,6,"series_reference"
-0.5,16.6666666666667,1.04166666666667,-1.57614513931294,6,"series_reference"
0,16.6666666666667,1.04166666666667,-1.49505359451245,6,"series_reference"
0.5,16.6666666666667,1.04166666666667,-1.30148475784264,6,"series_reference"
1,16.6666666666667,1.04166666666667,-1.01621818269374,6,"series_reference"
1.5,16.6666666666667,1.04166666666667,-0.668607337091088,6,"series_reference"
2,16.6666666666667,1.04166666666667,-0.296217844579539,6,"series_reference"
2.5,16.6666666666667,1.04166666666667,0.0604036192891937,6,"series_reference"
3,16.6666666666667,1.04166666666667,0.368045638834433,6,"series_reference"
3.5,16.6666666666667,1.04166666666667,0.609671041108938,6,"series_reference"
4,16.6666666666667,1.04166666666667,0.785215675694922,6,"series_reference"
-4,18.75,1.04166666666667,0.531567092711578,6,"series_reference"
-3.5,18.75,1.04166666666667,0.0539110781568004,6,"series_reference"
-3,18.75,1.04166666666667,-0.418591640040925,6,"series_reference"
-2.5,18.75,1.04166666666667,-0.857946309404376,6,"series_reference"
-2,18.75,1.04166666666667,-1.23110806382328,6,"series_reference"
-1.5,18.75,1.04166666666667,-1.50728660034785,6,"series_reference"
-1,18.75,1.04166666666667,-1.6655727226906,6,"series_reference"
-0.5,18.75,1.04166666666667,-1.69845478210662,6,"series_reference"
0,18.75,1.04166666666667,-1.61025457469902,6,"series_reference"
0.5,18.75,1.04166666666667,-1.41352123290877,6,"series_reference"
1,18.75,1.04166666666667,-1.12710256168096,6,"series_reference"
1.5,18.75,1.04166666666667,-0.777026375978496,6,"series_reference"
2,18.75,1.04166666666667,-0.397593627032748,6,"series_reference"
2.5,18.75,1.04166666666667,-0.02804622370014,6,"series_reference"
3,18.75,1.04166666666667,0.296797500834896,6,"series_reference"
3.5,18.75,1.04166666666667,0.55651070068583,6,"series_reference"
4,18.75,1.04166666666667,0.74801297665694,6,"series_reference"
-4,20.8333333333333,1.04166666666667,0.396697095570045,6,"series_reference"
-3.5,20.8333333333333,1.04166666666667,-0.0915649889412915,6,"series_reference"
-3,20.8333333333333,1.04166666666667,-0.570001739356696,6,"series_reference"
-2.5,20.8333333333333,1.04166666666667,-1.00891014890647,6,"series_reference"
-2,20.8333333333333,1.04166666666667,-1.37513150824283,6,"series_reference"
-1.5,20.8333333333333,1.04166666666667,-1.63990103696443,6,"series_reference"
-1,20.8333333333333,1.04166666666667,-1.7857527342553,6,"series_reference"
-0.5,20.8333333333333,1.04166666666667,-1.80849165148784,6,"series_reference"
0,20.8333333333333,1.04166666666667,-1.71433009620921,6,"series_reference"
0.5,20.8333333333333,1.04166666666667,-1.51577096756917,6,"series_reference"
1,20.8333333333333,1.04166666666667,-1.22979790852595,6,"series_reference"
1.5,20.8333333333333,1.04166666666667,-0.879294340436999,6,"series_reference"
2,20.8333333333333,1.04166666666667,-0.495260416983021,6,"series_reference"
2.5,20.8333333333333,1.04166666666667,-0.115189116772632,6,"series_reference"
3,20.8333333333333,1.04166666666667,0.225086624391236,6,"series_reference"
3.5,20.8333333333333,1.04166666666667,0.502017961693175,6,"series_reference"
4,20.8333333333333,1.04166666666667,0.709332896366409,6,"series_reference"
-4,22.9166666666667,1.04166666666667,0.265033795886459,6,"series_reference"
-3.5,22.9166666666667,1.04166666666667,-0.23206374247798,6,"series_reference"
-3,22.9166666666667,1.04166666666667,-0.714303293510659,6,"series_reference"
-2.5,22.9166666666667,1.04166666666667,-1.15064378127602,6,"series_reference"
-2,22.9166666666667,1.04166666666667,-1.508328438998,6,"series_reference"
-1.5,22.9166666666667,1.04166666666667,-1.76098827936627,6,"series_reference"
-1,22.9166666666667,1.04166666666667,-1.89459700470064,6,"series_reference"
-0.5,22.9166666666667,1.04166666666667,-1.90796246888058,6,"series_reference"
0,22.9166666666667,1.04166666666667,-1.80883056536705,6,"series_reference"
0.5,22.9166666666667,1.04166666666667,-1.60949705421285,6,"series_reference"
1,22.9166666666667,1.04166666666667,-1.32518276217305,6,"series_reference"
1.5,22.9166666666667,1.04166666666667,-0.975853260061564,6,"series_reference"
2,22.9166666666667,1.04166666666667,-0.589269985693655,6,"series_reference"
2.5,22.9166666666667,1.04166666666667,-0.200849565643553,6,"series_reference"
3,22.9166666666667,1.04166666666667,0.153123920541022,6,"series_reference"
3.5,22.9166666666667,1.04166666666667,0.446330526452156,6,"series_reference"
4,22.9166666666667,1.04166666666667,0.669230130495426,6,"series_reference"
-4,25,1.04166666666667,0.136551939273575,6,"series_reference"
-3.5,25,1.04166666666667,-0.367703002366696,6,"series_reference"
-3,25,1.04166666666667,-0.851804992515127,6,"series_reference"
-2.5,25,1.04166666666667,-1.28375554872142,6,"series_reference"
-2,25,1.04166666666667,-1.63166048268887,6,"series_reference"
-1.5,25,1.04166666666667,-1.87180834268247,6,"series_reference"
-1,25,1.04166666666667,-1.99352101077255,6,"series_reference"
-0.5,25,1.04166666666667,-1.99827648955451,6,"series_reference"
0,25,1.04166666666667,-1.89503154846165,6,"series_reference"
0.5,25,1.04166666666667,-1.6957524072701,6,"series_reference"
1,25,1.04166666666667,-1.41401519522065,6,"series_reference"
1.5,25,1.04166666666667,-1.06711281446022,6,"series_reference"
2,25,1.04166666666667,-0.679696308549617,6,"series_reference"
2.5,25,1.04166666666667,-0.284882231541047,6,"series_reference"
3,25,1.04166666666667,0.0811078451271254,6,"series_reference"
3.5,25,1.04166666666667,0.389588599624188,6,"series_reference"
4,25,1.04166666666667,0.627765705293867,6,"series_reference"
-4,0,1.25,2.19364445454532,6,"series_reference"
-3.5,0,1.25,1.87470080096561,6,"series_reference"
-3,0,1.25,1.56394324281583,6,"series_reference"
-2.5,0,1.25,1.2642675975758,6,"series_reference"
-2,0,1.25,0.987513698548648,6,"series_reference"
-1.5,0,1.25,0.743921309980998,6,"series_reference"
-1,0,1.25,0.547031101616302,6,"series_reference"
-0.5,0,1.25,0.410610793602873,6,"series_reference"
0,0,1.25,0.347362494537698,6,"series_reference"
0.5,0,1.25,0.363525076553087,6,"series_reference"
1,0,1.25,0.456277276085467,6,"series_reference"
1.5,0,1.25,0.610642947536815,6,"series_reference"
2,0,1.25,0.797907076963004,6,"series_reference"
2.5,0,1.25,0.983078068786066,6,"series_reference"
3,0,1.25,1.13977416649749,6,"series_reference"
3.5,0,1.25,1.25800182017366,6,"series_reference"
4,0,1.25,1.34040573316544,6,"series_reference"
-4,2.08333333333333,1.25,1.94012535209003,6,"series_reference"
-3.5,2.08333333333333,1.25,1.57215549749127,6,"series_reference"
-3,2.08333333333333,1.25,1.20294533293344,6,"series_reference"
-2.5,2.08333333333333,1.25,0.838143446928735,6,"series_reference"
-2,2.08333333333333,1.25,0.49298759066397,6,"series_reference"
-1.5,2.08333333333333,1.25,0.187564714283432,6,"series_reference"
-1,2.08333333333333,1.25,-0.0506239732484435,6,"series_reference"
-0.5,2.08333333333333,1.25,-0.192443973836602,6,"series_reference"
0,2.08333333333333,1.25,-0.217726836184076,6,"series_reference"
0.5,2.08333333333333,1.25,-0.124964212041012,6,"series_reference"
1,2.08333333333333,1.25,0.0658272519394556,6,"series_reference"
1.5,2.08333333333333,1.25,0.318373506139652,6,"series_reference"
2,2.08333333333333,1.25,0.589338641607529,6,"series_reference"
2.5,2.08333333333333,1.25,0.839385147998255,6,"series_reference"
3,2.08333333333333,1.25,1.04372115130366,6,"series_reference"
3.5,2.08333333333333,1.25,1.19550592842465,6,"series_reference"
4,2.08333333333333,1.25,1.30063740718615,6,"series_reference"
-4,4.16666666666667,1.25,1.69615711985428,6,"series_reference"
-3.5,4.16666666666667,1.25,1.28503139210457,6,"series_reference"
-3,4.16666666666667,1.25,0.867033059404273,6,"series_reference"
-2.5,4.16666666666667,1.25,0.451505912229174,6,"series_reference"
-2,4.16666666666667,1.25,0.0583808236947183,6,"series_reference"
-1.5,4.16666666666667,1.25,-0.284253044105451,6,"series_reference"
-1,4.16666666666667,1.25,-0.540886647146412,6,"series_reference"
-0.5,4.16666666666667,1.25,-0.677320313070192,6,"series_reference"
0,4.16666666666667,1.25,-0.672638191056498,6,"series_reference"
0.5,4.16666666666667,1.25,-0.52867869972699,6,"series_reference"
1,4.16666666666667,1.25,-0.27225963540864,6,"series_reference"
1.5,4.16666666666667,1.25,0.0509232744187829,6,"series_reference"
2,4.16666666666667,1.25,0.388459450634859,6,"series_reference"
2.5,4.16666666666667,1.25,0.695334563759471,6,"series_reference"
3,4.16666666666667,1.25,0.944652357124126,6,"series_reference"
3.5,4.16666666666667,1.25,1.12979838321237,6,"series_reference"
4,4.16666666666667,1.25,1.25829606989476,6,"series_reference"
-4,6.25,1.25,1.4611842719187,6,"series_reference"
-3.5,6.25,1.25,1.01220095541433,6,"series_reference"
-3,6.25,1.25,0.553719376264094,6,"series_reference"
-2.5,6.25,1.25,0.0991883253239765,6,"series_reference"
-2,6.25,1.25,-0.326638034694819,6,"series_reference"
-1.5,6.25,1.25,-0.68988849524283,6,"series_reference"
-1,6.25,1.25,-0.951426845402697,6,"series_reference"
-0.5,6.25,1.25,-1.07697573089726,6,"series_reference"
0,6.25,1.25,-1.04799522822049,6,"series_reference"
0.5,6.25,1.25,-0.868833109842303,6,"series_reference"
1,6.25,1.25,-0.568207668289316,6,"series_reference"
1.5,6.25,1.25,-0.194497198374052,6,"series_reference"
2,6.25,1.25,0.195472766361911,6,"series_reference"
2.5,6.25,1.25,0.551609962300774,6,"series_reference"
3,6.25,1.25,0.842991660538448,6,"series_reference"
3.5,6.25,1.25,1.06103597093866,6,"series_reference"
4,6.25,1.25,1.21339986537824,6,"series_reference"
-4,8.33333333333333,1.25,1.23469843913401,6,"series_reference"
-3.5,8.33333333333333,1.25,0.752641188099762,6,"series_reference"
-3,8.33333333333333,1.25,0.260829408643337,6,"series_reference"
-2.5,8.33333333333333,1.25,-0.223131611845892,6,"series_reference"
-2,8.33333333333333,1.25,-0.670130545840061,6,"series_reference"
-1.5,8.33333333333333,1.25,-1.04257515844916,6,"series_reference"
-1,8.33333333333333,1.25,-1.30066374751589,6,"series_reference"
-0.5,8.33333333333333,1.25,-1.41266235037112,6,"series_reference"
0,8.33333333333333,1.25,-1.36363676407299,6,"series_reference"
0.5,8.33333333333333,1.25,-1.15988881309031,6,"series_reference"
1,8.33333333333333,1.25,-0.829674610080835,6,"series_reference"
1.5,8.33333333333333,1.25,-0.420309228464979,6,"series_reference"
2,8.33333333333333,1.25,0.0104445791829706,6,"series_reference"
2.5,8.33333333333333,1.25,0.408820783169558,6,"series_reference"
3,8.33333333333333,1.25,0.739164922785884,6,"series_reference"
3.5,8.33333333333333,1.25,0.989394351908505,6,"series_reference"
4,8.33333333333333,1.25,1.16597993353997,6,"series_reference"
-4,10.4166666666667,1.25,1.01623696766152,6,"series_reference"
-3.5,10.4166666666667,1.25,0.505431440215489,6,"series_reference"
-3,10.4166666666667,1.25,-0.0135253061140821,6,"series_reference"
-2.5,10.4166666666667,1.25,-0.519051941373159,6,"series_reference"
-2,10.4166666666667,1.25,-0.978419838042954,6,"series_reference"
-1.5,10.4166666666667,1.25,-1.35206810464262,6,"series_reference"
-1,10.4166666666667,1.25,-1.60149740400007,6,"series_reference"
-0.5,10.4166666666667,1.25,-1.6988465434511,6,"series_reference"
0,10.4166666666667,1.25,-1.63310947131158,6,"series_reference"
0.5,10.4166666666667,1.25,-1.41211404656791,6,"series_reference"
1,10.4166666666667,1.25,-1.06252960878771,6,"series_reference"
1.5,10.4166666666667,1.25,-0.628618652820404,6,"series_reference"
2,10.4166666666667,1.25,-0.166667106963048,6,"series_reference"
2.5,10.4166666666667,1.25,0.267501515424573,6,"series_reference"
3,10.4166666666667,1.25,0.633593711832722,6,"series_reference"
3.5,10.4166666666667,1.25,0.915065813459366,6,"series_reference"
4,10.4166666666667,1.25,1.11608040811398,6,"series_reference"
-4,12.5,1.25,0.805380386257725,6,"series_reference"
-3.5,12.5,1.25,0.269747024053493,6,"series_reference"
-3,12.5,1.25,-0.270981621065871,6,"series_reference"
-2.5,12.5,1.25,-0.79157489506386,6,"series_reference"
-2,12.5,1.25,-1.25652659850471,6,"series_reference"
-1.5,12.5,1.25,-1.62574153859781,6,"series_reference"
-1,12.5,1.25,-1.86330346029104,6,"series_reference"
-0.5,12.5,1.25,-1.94579781649278,6,"series_reference"
0,12.5,1.25,-1.86604608942326,6,"series_reference"
0.5,12.5,1.25,-1.63303707514105,6,"series_reference"
1,12.5,1.25,-1.27135728374359,6,"series_reference"
1.5,12.5,1.25,-0.82126097191582,6,"series_reference"
2,12.5,1.25,-0.335987424700904,6,"series_reference"
2.5,12.5,1.25,0.128113079864796,6,"series_reference"
3,12.5,1.25,0.526689662786358,6,"series_reference"
3.5,12.5,1.25,0.838256790513914,6,"series_reference"
4,12.5,1.25,1.06375824412496,6,"series_reference"
-4,14.5833333333333,1.25,0.601749199263763,6,"series_reference"
-3.5,14.5833333333333,1.25,0.0448505943033943,6,"series_reference"
-3,14.5833333333333,1.25,-0.512961030588289,6,"series_reference"
-2.5,14.5833333333333,1.25,-1.04322203726536,6,"series_reference"
-2,14.5833333333333,1.25,-1.50849619661546,6,"series_reference"
-1.5,14.5833333333333,1.25,-1.86929490110222,6,"series_reference"
-1,14.5833333333333,1.25,-2.09309439258873,6,"series_reference"
-0.5,14.5833333333333,1.25,-2.16105540773954,6,"series_reference"
0,14.5833333333333,1.25,-2.06951915344974,6,"series_reference"
0.5,14.5833333333333,1.25,-1.82832175646092,6,"series_reference"
1,14.5833333333333,1.25,-1.45979676439852,6,"series_reference"
1.5,14.5833333333333,1.25,-0.999839905984047,6,"series_reference"
2,14.5833333333333,1.25,-0.497703919364074,6,"series_reference"
2.5,14.5833333333333,1.25,-0.00895414181582499,6,"series_reference"
3,14.5833333333333,1.25,0.418849580089765,6,"series_reference"
3.5,14.5833333333333,1.25,0.75918522141194,6,"series_reference"
4,14.5833333333333,1.25,1.00908287464502,6,"series_reference"
-4,16.6666666666667,1.25,0.405000347867133,6,"series_reference"
-3.5,16.6666666666667,1.25,-0.169816527942039,6,"series_reference"
-3,16.6666666666667,1.25,-0.740703411547058,6,"series_reference"
-2.5,16.6666666666667,1.25,-1.27612957998114,6,"series_reference"
-2,16.6666666666667,1.25,-1.73763632594027,6,"series_reference"
-1.5,16.6666666666667,1.25,-2.08723475720704,6,"series_reference"
-1,16.6666666666667,1.25,-2.29625173000524,6,"series_reference"
-0.5,16.6666666666667,1.25,-2.3503051276303,6,"series_reference"
0,16.6666666666667,1.25,-2.24885752652968,6,"series_reference"
0.5,16.6666666666667,1.25,-2.00232111011716,6,"series_reference"
1,16.6666666666667,1.25,-1.63077680134444,6,"series_reference"
1.5,16.6666666666667,1.25,-1.16576024067785,6,"series_reference"
2,16.6666666666667,1.25,-0.652049520653173,6,"series_reference"
2.5,16.6666666666667,1.25,-0.143376076180298,6,"series_reference"
3,16.6666666666667,1.25,0.310451341917586,6,"series_reference"
3.5,16.6666666666667,1.25,0.678077809340468,6,"series_reference"
4,16.6666666666667,1.25,0.952135701042827,6,"series_reference"
-4,18.75,1.25,0.21482358366737,6,"series_reference"
-3.5,18.75,1.25,-0.375083138067617,6,"series_reference"
-3,18.75,1.25,-0.955296593066417,6,"series_reference"
-2.5,18.75,1.25,-1.49212428299056,6,"series_reference"
-2,18.75,1.25,-1.94668864611066,6,"series_reference"
-1.5,18.75,1.25,-2.28317954364396,6,"series_reference"
-1,18.75,1.25,-2.47698999239044,6,"series_reference"
-0.5,18.75,1.25,-2.5179312200181,6,"series_reference"
0,18.75,1.25,-2.40816290069731,6,"series_reference"
0.5,18.75,1.25,-2.15844133641435,6,"series_reference"
1,18.75,1.25,-1.78668300572978,6,"series_reference"
1.5,18.75,1.25,-1.32025575563732,6,"series_reference"
2,18.75,1.25,-0.799288735418145,6,"series_reference"
2.5,18.75,1.25,-0.274889919492839,6,"series_reference"
3,18.75,1.25,0.201850627408394,6,"series_reference"
3.5,18.75,1.25,0.595167258957703,6,"series_reference"
4,18.75,1.25,0.893009425156192,6,"series_reference"
-4,20.8333333333333,1.25,0.0309379192894674,6,"series_reference"
-3.5,20.8333333333333,1.25,-0.571330855512167,6,"series_reference"
-3,20.8333333333333,1.25,-1.15770138466163,6,"series_reference"
-2.5,20.8333333333333,1.25,-1.69278284235391,6,"series_reference"
-2,20.8333333333333,1.25,-2.13795362845072,6,"series_reference"
-1.5,20.8333333333333,1.25,-2.4600812923524,6,"series_reference"
-1,20.8333333333333,1.25,-2.63866839344924,6,"series_reference"
-0.5,20.8333333333333,1.25,-2.66737740692136,6,"series_reference"
0,20.8333333333333,1.25,-2.55064948999124,6,"series_reference"
0.5,20.8333333333333,1.25,-2.29938908174059,6,"series_reference"
1,20.8333333333333,1.25,-1.9294793974042,6,"series_reference"
1.5,20.8333333333333,1.25,-1.46441295454755,6,"series_reference"
2,20.8333333333333,1.25,-0.939706592476864,6,"series_reference"
2.5,20.8333333333333,1.25,-0.403288626164667,6,"series_reference"
3,20.8333333333333,1.25,0.0933784530767552,6,"series_reference"
3.5,20.8333333333333,1.25,0.510689554298644,6,"series_reference"
4,20.8333333333333,1.25,0.831807235873643,6,"series_reference"
-4,22.9166666666667,1.25,-0.146911739752857,6,"series_reference"
-3.5,22.9166666666667,1.25,-0.759044415707472,6,"series_reference"
-3,22.9166666666667,1.25,-1.34877233351623,6,"series_reference"
-2.5,22.9166666666667,1.25,-1.87947810441539,6,"series_reference"
-2,22.9166666666667,1.25,-2.31338253922805,6,"series_reference"
-1.5,22.9166666666667,1.25,-2.62037965412475,6,"series_reference"
-1,22.9166666666667,1.25,-2.78400389935738,6,"series_reference"
-0.5,22.9166666666667,1.25,-2.80139136976984,6,"series_reference"
0,22.9166666666667,1.25,-2.67887484381346,6,"series_reference"
0.5,22.9166666666667,1.25,-2.42734406946439,6,"series_reference"
1,22.9166666666667,1.25,-2.06079838994008,6,"series_reference"
1.5,22.9166666666667,1.25,-1.5991912282029,6,"series_reference"
2,22.9166666666667,1.25,-1.07359990125606,6,"series_reference"
2.5,22.9166666666667,1.25,-0.528415197118263,6,"series_reference"
3,22.9166666666667,1.25,-0.0146605233382688,6,"series_reference"
3.5,22.9166666666667,1.25,0.424881338159633,6,"series_reference"
4,22.9166666666667,1.25,0.768641866167171,6,"series_reference"
-4,25,1.25,-0.318957721930662,6,"series_reference"
-3.5,25,1.25,-0.938662603229405,6,"series_reference"
-3,25,1.25,-1.52927474366676,6,"series_reference"
-2.5,25,1.25,-2.05341508319184,6,"series_reference"
-2,25,1.25,-2.4746462389999,6,"series_reference"
-1.5,25,1.25,-2.76611330986505,6,"series_reference"
-1,25,1.25,-2.91522202500172,6,"series_reference"
-0.5,25,1.25,-2.92219501075123,6,"series_reference"
0,25,1.25,-2.7949010705922,6,"series_reference"
0.5,25,1.25,-2.54408245735089,6,"series_reference"
1,25,1.25,-2.18200848484483,6,"series_reference"
1.5,25,1.25,-1.72543999929135,6,"series_reference"
2,25,1.25,-1.20127043164381,6,"series_reference"
2.5,25,1.25,-0.650156982443709,6,"series_reference"
3,25,1.25,-0.121988994410849,6,"series_reference"
3.5,25,1.25,0.337977445272473,6,"series_reference"
4,25,1.25,0.703634539653171,6,"series_reference"
-4,0,1.45833333333333,2.37564856905246,6,"series_reference"
-3.5,0,1.45833333333333,2.05353881538916,6,"series_reference"
-3,0,1.45833333333333,1.72803877273682,6,"series_reference"
-2.5,0,1.45833333333333,1.41036450901842,6,"series_reference"
-2,0,1.45833333333333,1.13069471907793,6,"series_reference"
-1.5,0,1.45833333333333,0.9012835153111,6,"series_reference"
-1,0,1.45833333333333,0.710302061408586,6,"series_reference"
-0.5,0,1.45833333333333,0.577447258782352,6,"series_reference"
0,0,1.45833333333333,0.509787517474772,6,"series_reference"
0.5,0,1.45833333333333,0.516839780673962,6,"series_reference"
1,0,1.45833333333333,0.599288446977019,6,"series_reference"
1.5,0,1.45833333333333,0.748590527736519,6,"series_reference"
2,0,1.45833333333333,0.946337111925289,6,"series_reference"
2.5,0,1.45833333333333,1.16256509628116,6,"series_reference"
3,0,1.45833333333333,1.36372211560527,6,"series_reference"
3.5,0,1.45833333333333,1.52732440445289,6,"series_reference"
4,0,1.45833333333333,1.64757535871342,6,"series_reference"
-4,2.08333333333333,1.45833333333333,2.01573437149759,6,"series_reference"
-3.5,2.08333333333333,1.45833333333333,1.61762977003638,6,"series_reference"
-3,2.08333333333333,1.45833333333333,1.20571639962559,6,"series_reference"
-2.5,2.08333333333333,1.45833333333333,0.793382770694931,6,"series_reference"
-2,2.08333333333333,1.45833333333333,0.414657095889504,6,"series_reference"
-1.5,2.08333333333333,1.45833333333333,0.0701329287607342,6,"series_reference"
-1,2.08333333333333,1.45833333333333,-0.197031535811526,6,"series_reference"
-0.5,2.08333333333333,1.45833333333333,-0.353631917470095,6,"series_reference"
0,2.08333333333333,1.45833333333333,-0.373633772004855,6,"series_reference"
0.5,2.08333333333333,1.45833333333333,-0.25515582191592,6,"series_reference"
1,2.08333333333333,1.45833333333333,-0.022780094602207,6,"series_reference"
1.5,2.08333333333333,1.45833333333333,0.282460323089853,6,"series_reference"
2,2.08333333333333,1.45833333333333,0.615938964776078,6,"series_reference"
2.5,2.08333333333333,1.45833333333333,0.936748970615957,6,"series_reference"
3,2.08333333333333,1.45833333333333,1.21319364599549,6,"series_reference"
3.5,2.08333333333333,1.45833333333333,1.4291363511982,6,"series_reference"
4,2.08333333333333,1.45833333333333,1.58479529775308,6,"series_reference"
-4,4.16666666666667,1.45833333333333,1.69187632840008,6,"series_reference"
-3.5,4.16666666666667,1.45833333333333,1.21009553337328,6,"series_reference"
-3,4.16666666666667,1.45833333333333,0.728300126017351,6,"series_reference"
-2.5,4.16666666666667,1.45833333333333,0.244694683563595,6,"series_reference"
-2,4.16666666666667,1.45833333333333,-0.208530668532239,6,"series_reference"
-1.5,4.16666666666667,1.45833333333333,-0.608788012516397,6,"series_reference"
-1,4.16666666666667,1.45833333333333,-0.907102466721306,6,"series_reference"
-0.5,4.16666666666667,1.45833333333333,-1.06166282788549,6,"series_reference"
0,4.16666666666667,1.45833333333333,-1.04565672703541,6,"series_reference"
0.5,4.16666666666667,1.45833333333333,-0.860404734701474,6,"series_reference"
1,4.16666666666667,1.45833333333333,-0.536994701095771,6,"series_reference"
1.5,4.16666666666667,1.45833333333333,-0.12814059242042,6,"series_reference"
2,4.16666666666667,1.45833333333333,0.306564112635771,6,"series_reference"
2.5,4.16666666666667,1.45833333333333,0.714595086967445,6,"series_reference"
3,4.16666666666667,1.45833333333333,1.05978833385287,6,"series_reference"
3.5,4.16666666666667,1.45833333333333,1.32668168125773,6,"series_reference"
4,4.16666666666667,1.45833333333333,1.51827336294826,6,"series_reference"
-4,6.25,1.45833333333333,1.36055885843913,6,"series_reference"
-3.5,6.25,1.45833333333333,0.82887229247726,6,"series_reference"
-3,6.25,1.45833333333333,0.291333342397106,6,"series_reference"
-2.5,6.25,1.45833333333333,-0.241664760181189,6,"series_reference"
-2,6.25,1.45833333333333,-0.74456290861855,6,"series_reference"
-1.5,6.25,1.45833333333333,-1.17287619501819,6,"series_reference"
-1,6.25,1.45833333333333,-1.47932704848818,6,"series_reference"
-0.5,6.25,1.45833333333333,-1.62224409647784,6,"series_reference"
0,6.25,1.45833333333333,-1.57845737199176,6,"series_reference"
0.5,6.25,1.45833333333333,-1.35099702985856,6,"series_reference"
1,6.25,1.45833333333333,-0.971006553688417,6,"series_reference"
1.5,6.25,1.45833333333333,-0.493063009012361,6,"series_reference"
2,6.25,1.45833333333333,0.01671970281736,6,"series_reference"
2.5,6.25,1.45833333333333,0.496850588483801,6,"series_reference"
3,6.25,1.45833333333333,0.904226877125882,6,"series_reference"
3.5,6.25,1.45833333333333,1.2202930307843,6,"series_reference"
4,6.25,1.45833333333333,1.448091202698,6,"series_reference"
-4,8.33333333333333,1.45833333333333,1.0458970147341,6,"series_reference"
-3.5,8.33333333333333,1.45833333333333,0.471870686625373,6,"series_reference"
-3,8.33333333333333,1.45833333333333,-0.109542658942308,6,"series_reference"
-2.5,8.33333333333333,1.45833333333333,-0.681328274598992,6,"series_reference"
-2,8.33333333333333,1.45833333333333,-1.21034451596444,6,"series_reference"
-1.5,8.33333333333333,1.45833333333333,-1.64955080241348,6,"series_reference"
-1,8.33333333333333,1.45833333333333,-1.95177130721368,6,"series_reference"
-0.5,8.33333333333333,1.45833333333333,-2.07934074448245,6,"series_reference"
0,8.33333333333333,1.45833333333333,-2.01343574156167,6,"series_reference"
0.5,8.33333333333333,1.45833333333333,-1.75846003020486,6,"series_reference"
1,8.33333333333333,1.45833333333333,-1.343327371935,6,"series_reference"
1.5,8.33333333333333,1.45833333333333,-0.819843950618188,6,"series_reference"
2,8.33333333333333,1.45833333333333,-0.255009219813124,6,"series_reference"
2.5,8.33333333333333,1.45833333333333,0.284111854431636,6,"series_reference"
3,8.33333333333333,1.45833333333333,0.747198003525802,6,"series_reference"
3.5,8.33333333333333,1.45833333333333,1.11032358000026,6,"series_reference"
4,8.33333333333333,1.45833333333333,1.37435141305202,6,"series_reference"
-4,10.4166666666667,1.45833333333333,0.746723859670148,6,"series_reference"
-3.5,10.4166666666667,1.45833333333333,0.137065726024601,6,"series_reference"
-3,10.4166666666667,1.45833333333333,-0.478362512857569,6,"series_reference"
-2.5,10.4166666666667,1.45833333333333,-1.07650858691434,6,"series_reference"
-2,10.4166666666667,1.45833333333333,-1.61905395906668,6,"series_reference"
-1.5,10.4166666666667,1.45833333333333,-2.05828395716971,6,"series_reference"
-1,10.4166666666667,1.45833333333333,-2.34953161390795,6,"series_reference"
-0.5,10.4166666666667,1.45833333333333,-2.46032728466785,6,"series_reference"
0,10.4166666666667,1.45833333333333,-2.37639813877773,6,"series_reference"
0.5,10.4166666666667,1.45833333333333,-2.1032809830943,6,"series_reference"
1,10.4166666666667,1.45833333333333,-1.66694824722139,6,"series_reference"
1.5,10.4166666666667,1.45833333333333,-1.11437807269364,6,"series_reference"
2,10.4166666666667,1.45833333333333,-0.509950504939528,6,"series_reference"
2.5,10.4166666666667,1.45833333333333,0.0768410666136567,6,"series_reference"
3,10.4166666666667,1.45833333333333,0.589351159468113,6,"series_reference"
3.5,10.4166666666667,1.45833333333333,0.997141970703024,6,"series_reference"
4,10.4166666666667,1.45833333333333,1.29717668548868,6,"series_reference"
-4,12.5,1.45833333333333,0.461933962182984,6,"series_reference"
-3.5,12.5,1.45833333333333,-0.175370119545778,6,"series_reference"
-3,12.5,1.45833333333333,-0.818727247108269,6,"series_reference"
-2.5,12.5,1.45833333333333,-1.43371170239817,6,"series_reference"
-2,12.5,1.45833333333333,-1.98079195650971,6,"series_reference"
-1.5,12.5,1.45833333333333,-2.41300302931429,6,"series_reference"
-1,12.5,1.45833333333333,-2.68948955890744,6,"series_reference"
-0.5,12.5,1.45833333333333,-2.78329440708294,6,"series_reference"
0,12.5,1.45833333333333,-2.68446873118058,6,"series_reference"
0.5,12.5,1.45833333333333,-2.39949493203832,6,"series_reference"
1,12.5,1.45833333333333,-1.95132087444625,6,"series_reference"
1.5,12.5,1.45833333333333,-1.38135926504461,6,"series_reference"
2,12.5,1.45833333333333,-0.749341707147694,6,"series_reference"
2.5,12.5,1.45833333333333,-0.124617389754698,6,"series_reference"
3,12.5,1.45833333333333,0.431291021338466,6,"series_reference"
3.5,12.5,1.45833333333333,0.881127204920793,6,"series_reference"
4,12.5,1.45833333333333,1.21670866294057,6,"series_reference"
-4,14.5833333333333,1.45833333333333,0.190498406933831,6,"series_reference"
-3.5,14.5833333333333,1.45833333333333,-0.472075791744974,6,"series_reference"
-3,14.5833333333333,1.45833333333333,-1.1333004793281,6,"series_reference"
-2.5,14.5833333333333,1.45833333333333,-1.75823095195313,6,"series_reference"
-2,14.5833333333333,1.45833333333333,-2.30332399912658,6,"series_reference"
-1.5,14.5833333333333,1.45833333333333,-2.72389842501216,6,"series_reference"
-1,14.5833333333333,1.45833333333333,-2.98356505911419,6,"series_reference"
-0.5,14.5833333333333,1.45833333333333,-3.06080303723635,6,"series_reference"
0,14.5833333333333,1.45833333333333,-2.94956565538606,6,"series_reference"
0.5,14.5833333333333,1.45833333333333,-2.65711058140085,6,"series_reference"
1,14.5833333333333,1.45833333333333,-2.20352106634171,6,"series_reference"
1.5,14.5833333333333,1.45833333333333,-1.62458211836229,6,"series_reference"
2,14.5833333333333,1.45833333333333,-0.974330758509412,6,"series_reference"
2.5,14.5833333333333,1.45833333333333,-0.320021248272041,6,"series_reference"
3,14.5833333333333,1.45833333333333,0.273573713566998,6,"series_reference"
3.5,14.5833333333333,1.45833333333333,0.762663658636216,6,"series_reference"
4,14.5833333333333,1.45833333333333,1.13310652906131,6,"series_reference"
-4,16.6666666666667,1.45833333333333,-0.0685279109360009,6,"series_reference"
-3.5,16.6666666666667,1.45833333333333,-0.751534045267267,6,"series_reference"
-3,16.6666666666667,1.45833333333333,-1.42595552109348,6,"series_reference"
-2.5,16.6666666666667,1.45833333333333,-2.05437228223581,6,"series_reference"
-2,16.6666666666667,1.45833333333333,-2.59269570818496,6,"series_reference"
-1.5,16.6666666666667,1.45833333333333,-2.99859975568823,6,"series_reference"
-1,16.6666666666667,1.45833333333333,-3.24047829050203,6,"series_reference"
-0.5,16.6666666666667,1.45833333333333,-3.30191042311308,6,"series_reference"
0,16.6666666666667,1.45833333333333,-3.18029525096875,6,"series_reference"
0.5,16.6666666666667,1.45833333333333,-2.88349464666955,6,"series_reference"
1,16.6666666666667,1.45833333333333,-2.42897030134383,6,"series_reference"
1.5,16.6666666666667,1.45833333333333,-1.84715411753942,6,"series_reference"
2,16.6666666666667,1.45833333333333,-1.18597900340911,6,"series_reference"
2.5,16.6666666666667,1.45833333333333,-0.50921574810261,6,"series_reference"
3,16.6666666666667,1.45833333333333,0.116704571043162,6,"series_reference"
3.5,16.6666666666667,1.45833333333333,0.642136328608639,6,"series_reference"
4,16.6666666666667,1.45833333333333,1.04654536292264,6,"series_reference"
-4,18.75,1.45833333333333,-0.316004803943873,6,"series_reference"
-3.5,18.75,1.45833333333333,-1.01524258695297,6,"series_reference"
-3,18.75,1.45833333333333,-1.69823196521772,6,"series_reference"
-2.5,18.75,1.45833333333333,-2.3256605881413,6,"series_reference"
-2,18.75,1.45833333333333,-2.85368947640434,6,"series_reference"
-1.5,18.75,1.45833333333333,-3.24298933931043,6,"series_reference"
-1,18.75,1.45833333333333,-3.46678515497908,6,"series_reference"
-0.5,18.75,1.45833333333333,-3.51335093727634,6,"series_reference"
0,18.75,1.45833333333333,-3.38305829003461,6,"series_reference"
0.5,18.75,1.45833333333333,-3.08420946688018,6,"series_reference"
1,18.75,1.45833333333333,-2.63190348892127,6,"series_reference"
1.5,18.75,1.45833333333333,-2.05164881165649,6,"series_reference"
2,18.75,1.45833333333333,-1.38526558590577,6,"series_reference"
2.5,18.75,1.45833333333333,-0.69212027126554,6,"series_reference"
3,18.75,1.45833333333333,-0.0388627457051465,6,"series_reference"
3.5,18.75,1.45833333333333,0.519926411329481,6,"series_reference"
4,18.75,1.45833333333333,0.957214297007972,6,"series_reference"
-4,20.8333333333333,1.45833333333333,-0.552709338788724,6,"series_reference"
-3.5,20.8333333333333,1.45833333333333,-1.26450983734055,6,"series_reference"
-3,20.8333333333333,1.45833333333333,-1.95215793610779,6,"series_reference"
-2.5,20.8333333333333,1.45833333333333,-2.57500900931724,6,"series_reference"
-2,20.8333333333333,1.45833333333333,-3.0901504036052,6,"series_reference"
-1.5,20.8333333333333,1.45833333333333,-3.46167537423203,6,"series_reference"
-1,20.8333333333333,1.45833333333333,-3.66753888389113,6,"series_reference"
-0.5,20.8333333333333,1.45833333333333,-3.700258628487,6,"series_reference"
0,20.8333333333333,1.45833333333333,-3.56273086727619,6,"series_reference"
0.5,20.8333333333333,1.45833333333333,-3.26354447799826,6,"series_reference"
1,20.8333333333333,1.45833333333333,-2.81568329793484,6,"series_reference"
1.5,20.8333333333333,1.45833333333333,-2.24021874886242,6,"series_reference"
2,20.8333333333333,1.45833333333333,-1.57309252303306,6,"series_reference"
2.5,20.8333333333333,1.45833333333333,-0.868716305325456,6,"series_reference"
3,20.8333333333333,1.45833333333333,-0.192725986939732,6,"series_reference"
3.5,20.8333333333333,1.45833333333333,0.396407291744982,6,"series_reference"
4,20.8333333333333,1.45833333333333,0.86531452069365,6,"series_reference"
-4,22.9166666666667,1.45833333333333,-0.779340918369935,6,"series_reference"
-3.5,22.9166666666667,1.45833333333333,-1.50047965975425,6,"series_reference"
-3,22.9166666666667,1.45833333333333,-2.18946507720833,6,"series_reference"
-2.5,22.9166666666667,1.45833333333333,-2.80485108498362,6,"series_reference"
-2,22.9166666666667,1.45833333333333,-3.30521728815868,6,"series_reference"
-1.5,22.9166666666667,1.45833333333333,-3.65834204836782,6,"series_reference"
-1,22.9166666666667,1.45833333333333,-3.8467116331752,6,"series_reference"
-0.5,22.9166666666667,1.45833333333333,-3.86662920044926,6,"series_reference"
0,22.9166666666667,1.45833333333333,-3.72310227527637,6,"series_reference"
0.5,22.9166666666667,1.45833333333333,-3.42486679058392,6,"series_reference"
1,22.9166666666667,1.45833333333333,-2.98301781012114,6,"series_reference"
1.5,22.9166666666667,1.45833333333333,-2.41468026140251,6,"series_reference"
2,22.9166666666667,1.45833333333333,-1.75029003759846,6,"series_reference"
2.5,22.9166666666667,1.45833333333333,-1.03903673292892,6,"series_reference"
3,22.9166666666667,1.45833333333333,-0.344533106726645,6,"series_reference"
3.5,22.9166666666667,1.45833333333333,0.271940997756028,6,"series_reference"
4,22.9166666666667,1.45833333333333,0.771057173962802,6,"series_reference"
-4,25,1.45833333333333,-0.996527751504058,6,"series_reference"
-3.5,25,1.45833333333333,-1.72415486349556,6,"series_reference"
-3,25,1.45833333333333,-2.4116429061577,6,"series_reference"
-2.5,25,1.45833333333333,-3.01724176806184,6,"series_reference"
-2,25,1.45833333333333,-3.50148814860974,6,"series_reference"
-1.5,25,1.45833333333333,-3.83598106444784,6,"series_reference"
-1,25,1.45833333333333,-4.00747993938895,6,"series_reference"
-0.5,25,1.45833333333333,-4.01562696436665,6,"series_reference"
0,25,1.45833333333333,-3.86716714765291,6,"series_reference"
0.5,25,1.45833333333333,-3.57086002076651,6,"series_reference"
1,25,1.45833333333333,-3.1361150663668,6,"series_reference"
1.5,25,1.45833333333333,-2.57657812194134,6,"series_reference"
2,25,1.45833333333333,-1.91762188491081,6,"series_reference"
2.5,25,1.45833333333333,-1.20315640087188,6,"series_reference"
3,25,1.45833333333333,-0.493980308856626,6,"series_reference"
3.5,25,1.45833333333333,0.146875155120895,6,"series_reference"
4,25,1.45833333333333,0.674661177069169,6,"series_reference"
-4,0,1.66666666666667,2.33121456030013,6,"series_reference"
-3.5,0,1.66666666666667,1.91601995289169,6,"series_reference"
-3,0,1.66666666666667,1.59523527574796,6,"series_reference"
-2.5,0,1.66666666666667,1.33827829900813,6,"series_reference"
-2,0,1.66666666666667,1.06881330810448,6,"series_reference"
-1.5,0,1.66666666666667,0.896406985748319,6,"series_reference"
-1,0,1.66666666666667,0.776352680170051,6,"series_reference"
-0.5,0,1.66666666666667,0.69513291860015,6,"series_reference"
0,0,1.66666666666667,0.668999787389108,6,"series_reference"
0.5,0,1.66666666666667,0.687211646808571,6,"series_reference"
1,0,1.66666666666667,0.764020715601855,6,"series_reference"
1.5,0,1.66666666666667,0.903973191525575,6,"series_reference"
2,0,1.66666666666667,1.09770734370675,6,"series_reference"
2.5,0,1.66666666666667,1.32645222309913,6,"series_reference"
3,0,1.66666666666667,1.5607246674277,6,"series_reference"
3.5,0,1.66666666666667,1.76940930145868,6,"series_reference"
4,0,1.66666666666667,1.93413526079102,6,"series_reference"
-4,2.08333333333333,1.66666666666667,1.86718206292786,6,"series_reference"
-3.5,2.08333333333333,1.66666666666667,1.4495037728971,6,"series_reference"
-3,2.08333333333333,1.66666666666667,1.00136069931266,6,"series_reference"
-2.5,2.08333333333333,1.66666666666667,0.542847980174987,6,"series_reference"
-2,2.08333333333333,1.66666666666667,0.156332650601508,6,"series_reference"
-1.5,2.08333333333333,1.66666666666667,-0.212693024990853,6,"series_reference"
-1,2.08333333333333,1.66666666666667,-0.482636249560349,6,"series_reference"
-0.5,2.08333333333333,1.66666666666667,-0.638956857959694,6,"series_reference"
0,2.08333333333333,1.66666666666667,-0.640526277739317,6,"series_reference"
0.5,2.08333333333333,1.66666666666667,-0.481592024154628,6,"series_reference"
1,2.08333333333333,1.66666666666667,-0.190463303710128,6,"series_reference"
1.5,2.08333333333333,1.66666666666667,0.182102989533096,6,"series_reference"
2,2.08333333333333,1.66666666666667,0.585002225941567,6,"series_reference"
2.5,2.08333333333333,1.66666666666667,0.977823625648336,6,"series_reference"
3,2.08333333333333,1.66666666666667,1.32961135567263,6,"series_reference"
3.5,2.08333333333333,1.66666666666667,1.61874242244693,6,"series_reference"
4,2.08333333333333,1.66666666666667,1.83743667301532,6,"series_reference"
-4,4.16666666666667,1.66666666666667,1.42670883817352,6,"series_reference"
-3.5,4.16666666666667,1.66666666666667,0.922984713808999,6,"series_reference"
-3,4.16666666666667,1.66666666666667,0.384398208062983,6,"series_reference"
-2.5,4.16666666666667,1.66666666666667,-0.164122510924503,6,"series_reference"
-2,4.16666666666667,1.66666666666667,-0.66062558118318,6,"series_reference"
-1.5,4.16666666666667,1.66666666666667,-1.10621499505966,6,"series_reference"
-1,4.16666666666667,1.66666666666667,-1.44172591504827,6,"series_reference"
-0.5,4.16666666666667,1.66666666666667,-1.60941865171081,6,"series_reference"
0,4.16666666666667,1.66666666666667,-1.57494981745835,6,"series_reference"
0.5,4.16666666666667,1.66666666666667,-1.33753671425333,6,"series_reference"
1,4.16666666666667,1.66666666666667,-0.932383835394799,6,"series_reference"
1.5,4.16666666666667,1.66666666666667,-0.421849952570881,6,"series_reference"
2,4.16666666666667,1.66666666666667,0.123766670533685,6,"series_reference"
2.5,4.16666666666667,1.66666666666667,0.644393914135387,6,"series_reference"
3,4.16666666666667,1.66666666666667,1.09834654661393,6,"series_reference"
3.5,4.16666666666667,1.66666666666667,1.46331822026887,6,"series_reference"
4,4.16666666666667,1.66666666666667,1.73570775419827,6,"series_reference"
-4,6.25,1.66666666666667,1.00913434900248,6,"series_reference"
-3.5,6.25,1.66666666666667,0.433147822091218,6,"series_reference"
-3,6.25,1.66666666666667,-0.176718020210862,6,"series_reference"
-2.5,6.25,1.66666666666667,-0.778367193787057,6,"series_reference"
-2,6.25,1.66666666666667,-1.35352558909675,6,"series_reference"
-1.5,6.25,1.66666666666667,-1.84064765178406,6,"series_reference"
-1,6.25,1.66666666666667,-2.18886420202583,6,"series_reference"
-0.5,6.25,1.66666666666667,-2.3457759626684,6,"series_reference"
0,6.25,1.66666666666667,-2.2826440455834,6,"series_reference"
0.5,6.25,1.66666666666667,-2.00035556640535,6,"series_reference"
1,6.25,1.66666666666667,-1.53170212303639,6,"series_reference"
1.5,6.25,1.66666666666667,-0.937475677499275,6,"series_reference"
2,6.25,1.66666666666667,-0.293976827770694,6,"series_reference"
2.5,6.25,1.66666666666667,0.325814534333345,6,"series_reference"
3,6.25,1.66666666666667,0.86790331364708,6,"series_reference"
3.5,6.25,1.66666666666667,1.30376859544105,6,"series_reference"
4,6.25,1.66666666666667,1.6291752219726,6,"series_reference"
-4,8.33333333333333,1.66666666666667,0.646378293732287,6,"series_reference"
-3.5,8.33333333333333,1.66666666666667,-0.022096380927616,6,"series_reference"
-3,8.33333333333333,1.66666666666667,-0.686611808935509,6,"series_reference"
-2.5,8.33333333333333,1.66666666666667,-1.33833532637293,6,"series_reference"
-2,8.33333333333333,1.66666666666667,-1.94465334484193,6,"series_reference"
-1.5,8.33333333333333,1.66666666666667,-2.44548220612381,6,"series_reference"
-1,8.33333333333333,1.66666666666667,-2.78814214229639,6,"series_reference"
-0.5,8.33333333333333,1.66666666666667,-2.9278672369201,6,"series_reference"
0,8.33333333333333,1.66666666666667,-2.84226237312723,6,"series_reference"
0.5,8.33333333333333,1.66666666666667,-2.53326018191761,6,"series_reference"
1,8.33333333333333,1.66666666666667,-2.02914314328361,6,"series_reference"
1.5,8.33333333333333,1.66666666666667,-1.38457971153896,6,"series_reference"
2,8.33333333333333,1.66666666666667,-0.674489548931407,6,"series_reference"
2.5,8.33333333333333,1.66666666666667,0.0216481506559223,6,"series_reference"
3,8.33333333333333,1.66666666666667,0.639141565987289,6,"series_reference"
3.5,8.33333333333333,1.66666666666667,1.14072659487595,6,"series_reference"
4,8.33333333333333,1.66666666666667,1.518093663919,6,"series_reference"
-4,10.4166666666667,1.66666666666667,0.263368636750601,6,"series_reference"
-3.5,10.4166666666667,1.66666666666667,-0.445156971949195,6,"series_reference"
-3,10.4166666666667,1.66666666666667,-1.15038118167458,6,"series_reference"
-2.5,10.4166666666667,1.66666666666667,-1.83373966975976,6,"series_reference"
-2,10.4166666666667,1.66666666666667,-2.45372794256811,6,"series_reference"
-1.5,10.4166666666667,1.66666666666667,-2.95270668404428,6,"series_reference"
-1,10.4166666666667,1.66666666666667,-3.2810621642884,6,"series_reference"
-0.5,10.4166666666667,1.66666666666667,-3.40199839324613,6,"series_reference"
0,10.4166666666667,1.66666666666667,-3.29847682350027,6,"series_reference"
0.5,10.4166666666667,1.66666666666667,-2.97337273644867,6,"series_reference"
1,10.4166666666667,1.66666666666667,-2.45050311165805,6,"series_reference"
1.5,10.4166666666667,1.66666666666667,-1.77709212959994,6,"series_reference"
2,10.4166666666667,1.66666666666667,-1.02278363961842,6,"series_reference"
2.5,10.4166666666667,1.66666666666667,-0.268600305634084,6,"series_reference"
3,10.4166666666667,1.66666666666667,0.412811906873937,6,"series_reference"
3.5,10.4166666666667,1.66666666666667,0.974818060327802,6,"series_reference"
4,10.4166666666667,1.66666666666667,1.40274235130638,6,"series_reference"
-4,12.5,1.66666666666667,-0.0976717062835206,6,"series_reference"
-3.5,12.5,1.66666666666667,-0.838592332036852,6,"series_reference"
-3,12.5,1.66666666666667,-1.56954039326749,6,"series_reference"
-2.5,12.5,1.66666666666667,-2.27460433918937,6,"series_reference"
-2,12.5,1.66666666666667,-2.89666792790581,6,"series_reference"
-1.5,12.5,1.66666666666667,-3.3850425728693,6,"series_reference"
-1,12.5,1.66666666666667,-3.69498813376885,6,"series_reference"
-0.5,12.5,1.66666666666667,-3.79700840281973,6,"series_reference"
0,12.5,1.66666666666667,-3.67888057946603,6,"series_reference"
0.5,12.5,1.66666666666667,-3.34430561707013,6,"series_reference"
1,12.5,1.66666666666667,-2.81314789650818,6,"series_reference"
1.5,12.5,1.66666666666667,-2.12518747620038,6,"series_reference"
2,12.5,1.66666666666667,-1.34293794750418,6,"series_reference"
2.5,12.5,1.66666666666667,-0.54546099880701,6,"series_reference"
3,12.5,1.66666666666667,0.189561225579428,6,"series_reference"
3.5,12.5,1.66666666666667,0.806654250354892,6,"series_reference"
4,12.5,1.66666666666667,1.28342175757662,6,"series_reference"
-4,14.5833333333333,1.66666666666667,-0.438320146595109,6,"series_reference"
-3.5,14.5833333333333,1.66666666666667,-1.19983470570729,6,"series_reference"
-3,14.5833333333333,1.66666666666667,-1.9575993664931,6,"series_reference"
-2.5,14.5833333333333,1.66666666666667,-2.66940102716273,6,"series_reference"
-2,14.5833333333333,1.66666666666667,-3.28580261028452,6,"series_reference"
-1.5,14.5833333333333,1.66666666666667,-3.75837641536252,6,"series_reference"
-1,14.5833333333333,1.66666666666667,-4.04813194723282,6,"series_reference"
-0.5,14.5833333333333,1.66666666666667,-4.13185797902262,6,"series_reference"
0,14.5833333333333,1.66666666666667,-4.00165704267598,6,"series_reference"
0.5,14.5833333333333,1.66666666666667,-3.66197981709976,6,"series_reference"
1,14.5833333333333,1.66666666666667,-3.12931131873452,6,"series_reference"
1.5,14.5833333333333,1.66666666666667,-2.43652140233655,6,"series_reference"
2,14.5833333333333,1.66666666666667,-1.63831889855142,6,"series_reference"
2.5,14.5833333333333,1.66666666666667,-0.809482843169902,6,"series_reference"
3,14.5833333333333,1.66666666666667,-0.0300605897803834,6,"series_reference"
3.5,14.5833333333333,1.66666666666667,0.636825511732438,6,"series_reference"
4,14.5833333333333,1.66666666666667,1.16044987405636,6,"series_reference"
-4,16.6666666666667,1.66666666666667,-0.760119099628139,6,"series_reference"
-3.5,16.6666666666667,1.66666666666667,-1.54344256895923,6,"series_reference"
-3,16.6666666666667,1.66666666666667,-2.31306702154025,6,"series_reference"
-2.5,16.6666666666667,1.66666666666667,-3.02507526946161,6,"series_reference"
-2,16.6666666666667,1.66666666666667,-3.63057740885161,6,"series_reference"
-1.5,16.6666666666667,1.66666666666667,-4.08439001729415,6,"series_reference"
-1,16.6666666666667,1.66666666666667,-4.35324989104202,6,"series_reference"
-0.5,16.6666666666667,1.66666666666667,-4.41964756337864,6,"series_reference"
0,16.6666666666667,1.66666666666667,-4.27939858625785,6,"series_reference"
0.5,16.6666666666667,1.66666666666667,-3.93761417118127,6,"series_reference"
1,16.6666666666667,1.66666666666667,-3.40791980674365,6,"series_reference"
1.5,16.6666666666667,1.66666666666667,-2.71699443738672,6,"series_reference"
2,16.6666666666667,1.66666666666667,-1.9117392216795,6,"series_reference"
2.5,16.6666666666667,1.66666666666667,-1.06122178147493,6,"series_reference"
3,16.6666666666667,1.66666666666667,-0.245593295711034,6,"series_reference"
3.5,16.6666666666667,1.66666666666667,0.465896026009858,6,"series_reference"
4,16.6666666666667,1.66666666666667,1.03415841586486,6,"series_reference"
-4,18.75,1.66666666666667,-1.06453567570889,6,"series_reference"
-3.5,18.75,1.66666666666667,-1.86406853530699,6,"series_reference"
-3,18.75,1.66666666666667,-2.63996454372183,6,"series_reference"
-2.5,18.75,1.66666666666667,-3.34725400257616,6,"series_reference"
-2,18.75,1.66666666666667,-3.93826911245589,6,"series_reference"
-1.5,18.75,1.66666666666667,-4.37163199432609,6,"series_reference"
-1,18.75,1.66666666666667,-4.61961077160861,6,"series_reference"
-0.5,18.75,1.66666666666667,-4.66979174532621,6,"series_reference"
0,18.75,1.66666666666667,-4.52116517335384,6,"series_reference"
0.5,18.75,1.66666666666667,-4.17939029219153,6,"series_reference"
1,18.75,1.66666666666667,-3.65567124904039,6,"series_reference"
1.5,18.75,1.66666666666667,-2.97124594650005,6,"series_reference"
2,18.75,1.66666666666667,-2.16557456493754,6,"series_reference"
2.5,18.75,1.66666666666667,-1.30123241465149,6,"series_reference"
3,18.75,1.66666666666667,-0.456658652547082,6,"series_reference"
3.5,18.75,1.66666666666667,0.294399615132846,6,"series_reference"
4,18.75,1.66666666666667,0.904889007531651,6,"series_reference"
-4,20.8333333333333,1.66666666666667,-1.35293622166671,6,"series_reference"
-3.5,20.8333333333333,1.66666666666667,-2.16400102036898,6,"series_reference"
-3,20.8333333333333,1.66666666666667,-2.94167737603381,6,"series_reference"
-2.5,20.8333333333333,1.66666666666667,-3.64049419033005,6,"series_reference"
-2,20.8333333333333,1.66666666666667,-4.21455852851839,6,"series_reference"
-1.5,20.8333333333333,1.66666666666667,-4.62660386176215,6,"series_reference"
-1,20.8333333333333,1.66666666666667,-4.8541402187199,6,"series_reference"
-0.5,20.8333333333333,1.66666666666667,-4.88927279308492,6,"series_reference"
0,20.8333333333333,1.66666666666667,-4.73367731730413,6,"series_reference"
0.5,20.8333333333333,1.66666666666667,-4.39344120937619,6,"series_reference"
1,20.8333333333333,1.66666666666667,-3.8777076092221,6,"series_reference"
1.5,20.8333333333333,1.66666666666667,-3.20298573306045,6,"series_reference"
2,20.8333333333333,1.66666666666667,-2.40185077088402,6,"series_reference"
2.5,20.8333333333333,1.66666666666667,-1.53006203923671,6,"series_reference"
3,20.8333333333333,1.66666666666667,-0.662952761709496,6,"series_reference"
3.5,20.8333333333333,1.66666666666667,0.122836557848386,6,"series_reference"
4,20.8333333333333,1.66666666666667,0.772989431434986,6,"series_reference"
-4,22.9166666666667,1.66666666666667,-1.62657335880094,6,"series_reference"
-3.5,22.9166666666667,1.66666666666667,-2.44523878747818,6,"series_reference"
-3,22.9166666666667,1.66666666666667,-3.22104859033796,6,"series_reference"
-2.5,22.9166666666667,1.66666666666667,-3.90850925686078,6,"series_reference"
-2,22.9166666666667,1.66666666666667,-4.46395109300122,6,"series_reference"
-1.5,22.9166666666667,1.66666666666667,-4.85436071601771,6,"series_reference"
-1,22.9166666666667,1.66666666666667,-5.06215056439711,6,"series_reference"
-0.5,22.9166666666667,1.66666666666667,-5.08340368582802,6,"series_reference"
0,22.9166666666667,1.66666666666667,-4.92204492641452,6,"series_reference"
0.5,22.9166666666667,1.66666666666667,-4.58446908890702,6,"series_reference"
1,22.9166666666667,1.66666666666667,-4.07805254282478,6,"series_reference"
1.5,22.9166666666667,1.66666666666667,-3.41522362466827,6,"series_reference"
2,22.9166666666667,1.66666666666667,-2.62231023159207,6,"series_reference"
2.5,22.9166666666667,1.66666666666667,-1.7482464112693,6,"series_reference"
3,22.9166666666667,1.66666666666667,-0.864238567125394,6,"series_reference"
3.5,22.9166666666667,1.66666666666667,-0.0483286554485716,6,"series_reference"
4,22.9166666666667,1.66666666666667,0.638810013124852,6,"series_reference"
-4,25,1.66666666666667,-1.88658250928916,6,"series_reference"
-3.5,25,1.66666666666667,-2.70951840543271,6,"series_reference"
-3,25,1.66666666666667,-3.48047190442296,6,"series_reference"
-2.5,25,1.66666666666667,-4.15435408226146,6,"series_reference"
-2,25,1.66666666666667,-4.69007685805532,6,"series_reference"
-1.5,25,1.66666666666667,-5.05890745101145,6,"series_reference"
-1,25,1.66666666666667,-5.24780044182226,6,"series_reference"
-0.5,25,1.66666666666667,-5.25631362399775,6,"series_reference"
0,25,1.66666666666667,-5.09023368542248,6,"series_reference"
0.5,25,1.66666666666667,-4.75614762822183,6,"series_reference"
1,25,1.66666666666667,-4.25990627754059,6,"series_reference"
1.5,25,1.66666666666667,-3.61043259399153,6,"series_reference"
2,25,1.66666666666667,-2.82846304264367,6,"series_reference"
2.5,25,1.66666666666667,-1.95630675161051,6,"series_reference"
3,25,1.66666666666667,-1.06033864900619,6,"series_reference"
3.5,25,1.66666666666667,-0.218668717543714,6,"series_reference"
4,25,1.66666666666667,0.502700206956847,6,"series_reference"
-4,0,1.875,1.9557699600769,6,"series_reference"
-3.5,0,1.875,1.47631611207036,6,"series_reference"
-3,0,1.875,1.15128224023204,6,"series_reference"
-2.5,0,1.875,0.928606690301157,6,"series_reference"
-2,0,1.875,0.670832736741005,6,"series_reference"
-1.5,0,1.875,0.572059129845242,6,"series_reference"
-1,0,1.875,0.556124625652608,6,"series_reference"
-0.5,0,1.875,0.613472883408951,6,"series_reference"
0,0,1.875,0.721258921402155,6,"series_reference"
0.5,0,1.875,0.834251450649116,6,"series_reference"
1,0,1.875,0.939067316304849,6,"series_reference"
1.5,0,1.875,1.07640748823524,6,"series_reference"
2,0,1.875,1.26116731091225,6,"series_reference"
2.5,0,1.875,1.4871114068996,6,"series_reference"
3,0,1.875,1.73639284484785,6,"series_reference"
3.5,0,1.875,1.98039281801714,6,"series_reference"
4,0,1.875,2.19065661050096,6,"series_reference"
-4,2.08333333333333,1.875,1.40947214745712,6,"series_reference"
-3.5,2.08333333333333,1.875,0.848565484997692,6,"series_reference"
-3,2.08333333333333,1.875,0.396696263194025,6,"series_reference"
-2.5,2.08333333333333,1.875,0.00135595342416117,6,"series_reference"
-2,2.08333333333333,1.875,-0.371600760100272,6,"series_reference"
-1.5,2.08333333333333,1.875,-0.74810399162441,6,"series_reference"
-1,2.08333333333333,1.875,-0.988589206035099,6,"series_reference"
-0.5,2.08333333333333,1.875,-1.10677369689579,6,"series_reference"
0,2.08333333333333,1.875,-1.06423100061801,6,"series_reference"
0.5,2.08333333333333,1.875,-0.843723438022163,6,"series_reference"
1,2.08333333333333,1.875,-0.472531924849278,6,"series_reference"
1.5,2.08333333333333,1.875,-0.00977542683444454,6,"series_reference"
2,2.08333333333333,1.875,0.481357320344619,6,"series_reference"
2.5,2.08333333333333,1.875,0.955409711978628,6,"series_reference"
3,2.08333333333333,1.875,1.38532691346234,6,"series_reference"
3.5,2.08333333333333,1.875,1.75237243682809,6,"series_reference"
4,2.08333333333333,1.875,2.04416008896816,6,"series_reference"
-4,4.16666666666667,1.875,0.890259226918472,6,"series_reference"
-3.5,4.16666666666667,1.875,0.358201794364662,6,"series_reference"
-3,4.16666666666667,1.875,-0.226153503041115,6,"series_reference"
-2.5,4.16666666666667,1.875,-0.82966916118429,6,"series_reference"
-2,4.16666666666667,1.875,-1.34685611476625,6,"series_reference"
-1.5,4.16666666666667,1.875,-1.81836390626142,6,"series_reference"
-1,4.16666666666667,1.875,-2.1715759022026,6,"series_reference"
-0.5,4.16666666666667,1.875,-2.34386115951175,6,"series_reference"
0,4.16666666666667,1.875,-2.2848679906493,6,"series_reference"
0.5,4.16666666666667,1.875,-1.98786686421546,6,"series_reference"
1,4.16666666666667,1.875,-1.48892159266565,6,"series_reference"
1.5,4.16666666666667,1.875,-0.859282025209236,6,"series_reference"
2,4.16666666666667,1.875,-0.183141646753585,6,"series_reference"
2.5,4.16666666666667,1.875,0.467026199562504,6,"series_reference"
3,4.16666666666667,1.875,1.04354370617405,6,"series_reference"
3.5,4.16666666666667,1.875,1.52120652240431,6,"series_reference"
4,4.16666666666667,1.875,1.89169680569126,6,"series_reference"
-4,6.25,1.875,0.397893670174776,6,"series_reference"
-3.5,6.25,1.875,-0.220920729533114,6,"series_reference"
-3,6.25,1.875,-0.889431263053091,6,"series_reference"
-2.5,6.25,1.875,-1.54141275034306,6,"series_reference"
-2,6.25,1.875,-2.1753306217029,6,"series_reference"
-1.5,6.25,1.875,-2.70731859897584,6,"series_reference"
-1,6.25,1.875,-3.0888809188575,6,"series_reference"
-0.5,6.25,1.875,-3.25485655270684,6,"series_reference"
0,6.25,1.875,-3.17031384550898,6,"series_reference"
0.5,6.25,1.875,-2.83146276805856,6,"series_reference"
1,6.25,1.875,-2.27010979257059,6,"series_reference"
1.5,6.25,1.875,-1.55089370957711,6,"series_reference"
2,6.25,1.875,-0.759961446409269,6,"series_reference"
2.5,6.25,1.875,0.0162299662350289,6,"series_reference"
3,6.25,1.875,0.71143995886967,6,"series_reference"
3.5,6.25,1.875,1.2878780152295,6,"series_reference"
4,6.25,1.875,1.73376966565509,6,"series_reference"
-4,8.33333333333333,1.875,-0.0681174480087599,6,"series_reference"
-3.5,8.33333333333333,1.875,-0.758800685554041,6,"series_reference"
-3,8.33333333333333,1.875,-1.4916393956365,6,"series_reference"
-2.5,8.33333333333333,1.875,-2.20633233209693,6,"series_reference"
-2,8.33333333333333,1.875,-2.87264672508311,6,"series_reference"
-1.5,8.33333333333333,1.875,-3.42923326383317,6,"series_reference"
-1,8.33333333333333,1.875,-3.80563457023529,6,"series_reference"
-0.5,8.33333333333333,1.875,-3.95452481371263,6,"series_reference"
0,8.33333333333333,1.875,-3.84904236129017,6,"series_reference"
0.5,8.33333333333333,1.875,-3.4878358783163,6,"series_reference"
1,8.33333333333333,1.875,-2.89653646839678,6,"series_reference"
1.5,8.33333333333333,1.875,-2.1297683421283,6,"series_reference"
2,8.33333333333333,1.875,-1.26778445977903,6,"series_reference"
2.5,8.33333333333333,1.875,-0.401595777599033,6,"series_reference"
3,8.33333333333333,1.875,0.389262910869135,6,"series_reference"
3.5,8.33333333333333,1.875,1.05330082457013,6,"series_reference"
4,8.33333333333333,1.875,1.57090156713885,6,"series_reference"
-4,10.4166666666667,1.875,-0.458844887030992,6,"series_reference"
-3.5,10.4166666666667,1.875,-1.25736144575935,6,"series_reference"
-3,10.4166666666667,1.875,-2.03728113801682,6,"series_reference"
-2.5,10.4166666666667,1.875,-2.7902279908646,6,"series_reference"
-2,10.4166666666667,1.875,-3.47381042949355,6,"series_reference"
-1.5,10.4166666666667,1.875,-4.02492966592204,6,"series_reference"
-1,10.4166666666667,1.875,-4.38418275142591,6,"series_reference"
-0.5,10.4166666666667,1.875,-4.51261272471207,6,"series_reference"
0,10.4166666666667,1.875,-4.39043584469283,6,"series_reference"
0.5,10.4166666666667,1.875,-4.01747193974584,6,"series_reference"
1,10.4166666666667,1.875,-3.41386732418568,6,"series_reference"
1.5,10.4166666666667,1.875,-2.62425050123734,6,"series_reference"
2,10.4166666666667,1.875,-1.71986573139724,6,"series_reference"
2.5,10.4166666666667,1.875,-0.790228735785922,6,"series_reference"
3,10.4166666666667,1.875,0.0771422507916562,6,"series_reference"
3.5,10.4166666666667,1.875,0.818316506788348,6,"series_reference"
4,10.4166666666667,1.875,1.40362827326779,6,"series_reference"
-4,12.5,1.875,-0.887225134810247,6,"series_reference"
-3.5,12.5,1.875,-1.71903757010074,6,"series_reference"
-3,12.5,1.875,-2.52287565469134,6,"series_reference"
-2.5,12.5,1.875,-3.30485852479499,6,"series_reference"
-2,12.5,1.875,-3.98935350557164,6,"series_reference"
-1.5,12.5,1.875,-4.5251948304433,6,"series_reference"
-1,12.5,1.875,-4.86259688440793,6,"series_reference"
-0.5,12.5,1.875,-4.97043663367876,6,"series_reference"
0,12.5,1.875,-4.83471941863187,6,"series_reference"
0.5,12.5,1.875,-4.45618164214294,6,"series_reference"
1,12.5,1.875,-3.85050483240437,6,"series_reference"
1.5,12.5,1.875,-3.05332780551148,6,"series_reference"
2,12.5,1.875,-2.12596497024128,6,"series_reference"
2.5,12.5,1.875,-1.15280234259079,6,"series_reference"
3,12.5,1.875,-0.224884559683897,6,"series_reference"
3.5,12.5,1.875,0.583693025309852,6,"series_reference"
4,12.5,1.875,1.23249164157668,6,"series_reference"
-4,14.5833333333333,1.875,-1.28926079134098,6,"series_reference"
-3.5,14.5833333333333,1.875,-2.13461604028549,6,"series_reference"
-3,14.5833333333333,1.875,-2.97522920633273,6,"series_reference"
-2.5,14.5833333333333,1.875,-3.76101285573759,6,"series_reference"
-2,14.5833333333333,1.875,-4.43652836989729,6,"series_reference"
-1.5,14.5833333333333,1.875,-4.95200617990301,6,"series_reference"
-1,14.5833333333333,1.875,-5.26585425284537,6,"series_reference"
-0.5,14.5833333333333,1.875,-5.35400647920291,6,"series_reference"
0,14.5833333333333,1.875,-5.20713169233172,6,"series_reference"
0.5,14.5833333333333,1.875,-4.82686084671802,6,"series_reference"
1,14.5833333333333,1.875,-4.22531330003715,6,"series_reference"
1.5,14.5833333333333,1.875,-3.43034804568059,6,"series_reference"
2,14.5833333333333,1.875,-2.49348340443116,6,"series_reference"
2.5,14.5833333333333,1.875,-1.49194768863714,6,"series_reference"
3,14.5833333333333,1.875,-0.516852442295596,6,"series_reference"
3.5,14.5833333333333,1.875,0.350125146207402,6,"series_reference"
4,14.5833333333333,1.875,1.05803334135236,6,"series_reference"
-4,16.6666666666667,1.875,-1.66674905410948,6,"series_reference"
-3.5,16.6666666666667,1.875,-2.53511275274439,6,"series_reference"
-3,16.6666666666667,1.875,-3.38573999260708,6,"series_reference"
-2.5,16.6666666666667,1.875,-4.16730960581441,6,"series_reference"
-2,16.6666666666667,1.875,-4.82847339691348,6,"series_reference"
-1.5,16.6666666666667,1.875,-5.32098683504607,6,"series_reference"
-1,16.6666666666667,1.875,-5.61102183986424,6,"series_reference"
-0.5,16.6666666666667,1.875,-5.68065726696998,6,"series_reference"
0,16.6666666666667,1.875,-5.5245077592094,6,"series_reference"
0.5,16.6666666666667,1.875,-5.1450112500293,6,"series_reference"
1,16.6666666666667,1.875,-4.55144534902345,6,"series_reference"
1.5,16.6666666666667,1.875,-3.76504838529419,6,"series_reference"
2,16.6666666666667,1.875,-2.82817103539739,6,"series_reference"
2.5,16.6666666666667,1.875,-1.80989914194634,6,"series_reference"
3,16.6666666666667,1.875,-0.798853239357395,6,"series_reference"
3.5,16.6666666666667,1.875,0.1182360778307,6,"series_reference"
4,16.6666666666667,1.875,0.880789153631747,6,"series_reference"
-4,18.75,1.875,-2.02152211488306,6,"series_reference"
-3.5,18.75,1.875,-2.90579053532229,6,"series_reference"
-3,18.75,1.875,-3.7598810683554,6,"series_reference"
-2.5,18.75,1.875,-4.53293043189716,6,"series_reference"
-2,18.75,1.875,-5.17512631172664,6,"series_reference"
-1.5,18.75,1.875,-5.64344503504318,6,"series_reference"
-1,18.75,1.875,-5.91008745613602,6,"series_reference"
-0.5,18.75,1.875,-5.96249463883331,6,"series_reference"
0,18.75,1.875,-5.79861405082823,6,"series_reference"
0.5,18.75,1.875,-5.42159253728681,6,"series_reference"
1,18.75,1.875,-4.83841971786447,6,"series_reference"
1.5,18.75,1.875,-4.0647439583981,6,"series_reference"
2,18.75,1.875,-3.13458664615259,6,"series_reference"
2.5,18.75,1.875,-2.10857420269219,6,"series_reference"
3,18.75,1.875,-1.07102366602737,6,"series_reference"
3.5,18.75,1.875,-0.111419976399187,6,"series_reference"
4,18.75,1.875,0.701283915504858,6,"series_reference"
-4,20.8333333333333,1.875,-2.35537661900377,6,"series_reference"
-3.5,20.8333333333333,1.875,-3.24979731199533,6,"series_reference"
-3,20.8333333333333,1.875,-4.10233822576396,6,"series_reference"
-2.5,20.8333333333333,1.875,-4.86293105781042,6,"series_reference"
-2,20.8333333333333,1.875,-5.48407225872194,6,"series_reference"
-1.5,20.8333333333333,1.875,-5.92777372560267,6,"series_reference"
-1,20.8333333333333,1.875,-6.1718028495655,6,"series_reference"
-0.5,20.8333333333333,1.875,-6.20829022079711,6,"series_reference"
0,20.8333333333333,1.875,-6.03798144781611,6,"series_reference"
0.5,20.8333333333333,1.875,-5.66461996691934,6,"series_reference"
1,20.8333333333333,1.875,-5.09333187218023,6,"series_reference"
1.5,20.8333333333333,1.875,-4.33506377035432,6,"series_reference"
2,20.8333333333333,1.875,-3.41640797070081,6,"series_reference"
2.5,20.8333333333333,1.875,-2.38963460485909,6,"series_reference"
3,20.8333333333333,1.875,-1.3335358722596,6,"series_reference"
3.5,20.8333333333333,1.875,-0.338354621730057,6,"series_reference"
4,20.8333333333333,1.875,0.520027140630225,6,"series_reference"
-4,22.9166666666667,1.875,-2.67002232911059,6,"series_reference"
-3.5,22.9166666666667,1.875,-3.56993953548215,6,"series_reference"
-3,22.9166666666667,1.875,-4.41705949840796,6,"series_reference"
-2.5,22.9166666666667,1.875,-5.16238712592158,6,"series_reference"
-2,22.9166666666667,1.875,-5.76119235080595,6,"series_reference"
-1.5,22.9166666666667,1.875,-6.18034756486651,6,"series_reference"
-1,22.9166666666667,1.875,-6.40274856870281,6,"series_reference"
-0.5,22.9166666666667,1.875,-6.42459521788736,6,"series_reference"
0,22.9166666666667,1.875,-6.24897774901916,6,"series_reference"
0.5,22.9166666666667,1.875,-5.88011653898304,6,"series_reference"
1,22.9166666666667,1.875,-5.32159967859624,6,"series_reference"
1.5,22.9166666666667,1.875,-4.58042699344024,6,"series_reference"
2,22.9166666666667,1.875,-3.67664709633279,6,"series_reference"
2.5,22.9166666666667,1.875,-2.65453350853589,6,"series_reference"
3,22.9166666666667,1.875,-1.58658997237181,6,"series_reference"
3.5,22.9166666666667,1.875,-0.562141646704003,6,"series_reference"
4,22.9166666666667,1.875,0.337509322095027,6,"series_reference"
-4,25,1.875,-2.96704963551801,6,"series_reference"
-3.5,25,1.875,-3.86867787198669,6,"series_reference"
-3,25,1.875,-4.70735062121412,6,"series_reference"
-2.5,25,1.875,-5.43538649723337,6,"series_reference"
-2,25,1.875,-6.01113049956754,6,"series_reference"
-1.5,25,1.875,-6.40613379973133,6,"series_reference"
-1,25,1.875,-6.60798872825035,6,"series_reference"
-0.5,25,1.875,-6.61642339109583,6,"series_reference"
0,25,1.875,-6.4364706753347,6,"series_reference"
0.5,25,1.875,-6.07271008630359,6,"series_reference"
1,25,1.875,-5.52744371719733,6,"series_reference"
1.5,25,1.875,-4.80436261533917,6,"series_reference"
2,25,1.875,-3.91780379667615,6,"series_reference"
2.5,25,1.875,-2.9045522393231,6,"series_reference"
3,25,1.875,-1.83040804833657,6,"series_reference"
3.5,25,1.875,-0.782413135538915,6,"series_reference"
4,25,1.875,0.154198903113194,6,"series_reference"
-4,0,2.08333333333333,0.966944771432081,6,"series_reference"
-3.5,0,2.08333333333333,0.708171682534505,6,"series_reference"
-3,0,2.08333333333333,0.376431231419994,6,"series_reference"
-2.5,0,2.08333333333333,0.0079860703892578,6,"series_reference"
-2,0,2.08333333333333,-0.069489859875576,6,"series_reference"
-1.5,0,2.08333333333333,-0.10442101663021,6,"series_reference"
-1,0,2.08333333333333,-0.0222269645207902,6,"series_reference"
-0.5,0,2.08333333333333,0.174995233005795,6,"series_reference"
0,0,2.08333333333333,0.497954201628518,6,"series_reference"
0.5,0,2.08333333333333,0.829661445643952,6,"series_reference"
1,0,2.08333333333333,1.07383753621811,6,"series_reference"
1.5,0,2.08333333333333,1.25479745223105,6,"series_reference"
2,0,2.08333333333333,1.4384071118518,6,"series_reference"
2.5,0,2.08333333333333,1.6556011670354,6,"series_reference"
3,0,2.08333333333333,1.90368569752994,6,"series_reference"
3.5,0,2.08333333333333,2.16559876734279,6,"series_reference"
4,0,2.08333333333333,2.41338454950516,6,"series_reference"
-4,2.08333333333333,2.08333333333333,0.641144003908783,6,"series_reference"
-3.5,2.08333333333333,2.08333333333333,0.0194914796146506,6,"series_reference"
-3,2.08333333333333,2.08333333333333,-0.4486295094739,6,"series_reference"
-2.5,2.08333333333333,2.08333333333333,-0.834922319541782,6,"series_reference"
-2,2.08333333333333,2.08333333333333,-1.27072819795475,6,"series_reference"
-1.5,2.08333333333333,2.08333333333333,-1.5630464943739,6,"series_reference"
-1,2.08333333333333,2.08333333333333,-1.72855048949679,6,"series_reference"
-0.5,2.08333333333333,2.08333333333333,-1.8018845012093,6,"series_reference"
0,2.08333333333333,2.08333333333333,-1.68868332054696,6,"series_reference"
0.5,2.08333333333333,2.08333333333333,-1.38140671251842,6,"series_reference"
1,2.08333333333333,2.08333333333333,-0.906136317260628,6,"series_reference"
1.5,2.08333333333333,2.08333333333333,-0.32735170145282,6,"series_reference"
2,2.08333333333333,2.08333333333333,0.279231836782733,6,"series_reference"
2.5,2.08333333333333,2.08333333333333,0.85588725032351,6,"series_reference"
3,2.08333333333333,2.08333333333333,1.37414196873793,6,"series_reference"
3.5,2.08333333333333,2.08333333333333,1.82280201457618,6,"series_reference"
4,2.08333333333333,2.08333333333333,2.19365199168613,6,"series_reference"
-4,4.16666666666667,2.08333333333333,0.0648766687940263,6,"series_reference"
-3.5,4.16666666666667,2.08333333333333,-0.630305770163194,6,"series_reference"
-3,4.16666666666667,2.08333333333333,-1.21416548648558,6,"series_reference"
-2.5,4.16666666666667,2.08333333333333,-1.75223874852425,6,"series_reference"
-2,4.16666666666667,2.08333333333333,-2.27522243341605,6,"series_reference"
-1.5,4.16666666666667,2.08333333333333,-2.75577291784588,6,"series_reference"
-1,4.16666666666667,2.08333333333333,-3.11136399141214,6,"series_reference"
-0.5,4.16666666666667,2.08333333333333,-3.27300164679387,6,"series_reference"
0,4.16666666666667,2.08333333333333,-3.18391004408134,6,"series_reference"
0.5,4.16666666666667,2.08333333333333,-2.82472794040373,6,"series_reference"
1,4.16666666666667,2.08333333333333,-2.22715217843959,6,"series_reference"
1.5,4.16666666666667,2.08333333333333,-1.46694793020595,6,"series_reference"
2,4.16666666666667,2.08333333333333,-0.641195376642788,6,"series_reference"
2.5,4.16666666666667,2.08333333333333,0.16062554859678,6,"series_reference"
3,4.16666666666667,2.08333333333333,0.878628215335977,6,"series_reference"
3.5,4.16666666666667,2.08333333333333,1.48425722607151,6,"series_reference"
4,4.16666666666667,2.08333333333333,1.96867471041403,6,"series_reference"
-4,6.25,2.08333333333333,-0.482400864016004,6,"series_reference"
-3.5,6.25,2.08333333333333,-1.13140691650374,6,"series_reference"
-3,6.25,2.08333333333333,-1.84369932103576,6,"series_reference"
-2.5,6.25,2.08333333333333,-2.52887258348347,6,"series_reference"
-2,6.25,2.08333333333333,-3.20545715827885,6,"series_reference"
-1.5,6.25,2.08333333333333,-3.76635138452285,6,"series_reference"
-1,6.25,2.08333333333333,-4.16767051679972,6,"series_reference"
-0.5,6.25,2.08333333333333,-4.33941412936787,6,"series_reference"
0,6.25,2.08333333333333,-4.23378461502536,6,"series_reference"
0.5,6.25,2.08333333333333,-3.84189395163816,6,"series_reference"
1,6.25,2.08333333333333,-3.19156758829663,6,"series_reference"
1.5,6.25,2.08333333333333,-2.34723809729022,6,"series_reference"
2,6.25,2.08333333333333,-1.40133442038733,6,"series_reference"
2.5,6.25,2.08333333333333,-0.453798870259741,6,"series_reference"
3,6.25,2.08333333333333,0.413389541383371,6,"series_reference"
3.5,6.25,2.08333333333333,1.15076016440791,6,"series_reference"
4,6.25,2.08333333333333,1.73934390713169,6,"series_reference"
-4,8.33333333333333,2.08333333333333,-1.00087134884932,6,"series_reference"
-3.5,8.33333333333333,2.08333333333333,-1.73083911199094,6,"series_reference"
-3,8.33333333333333,2.08333333333333,-2.51495703200867,6,"series_reference"
-2.5,8.33333333333333,2.08333333333333,-3.27427267056311,6,"series_reference"
-2,8.33333333333333,2.08333333333333,-3.9852535816006,6,"series_reference"
-1.5,8.33333333333333,2.08333333333333,-4.58365583346605,6,"series_reference"
-1,8.33333333333333,2.08333333333333,-4.98505478311378,6,"series_reference"
-0.5,8.33333333333333,2.08333333333333,-5.14059962119291,6,"series_reference"
0,8.33333333333333,2.08333333333333,-5.01717470501888,6,"series_reference"
0.5,8.33333333333333,2.08333333333333,-4.60976776161884,6,"series_reference"
1,8.33333333333333,2.08333333333333,-3.93962604397045,6,"series_reference"
1.5,8.33333333333333,2.08333333333333,-3.05802818691639,6,"series_reference"
2,8.33333333333333,2.08333333333333,-2.04621772397845,6,"series_reference"
2.5,8.33333333333333,2.08333333333333,-1.00362664651085,6,"series_reference"
3,8.33333333333333,2.08333333333333,-0.0246896866562327,6,"series_reference"
3.5,8.33333333333333,2.08333333333333,0.822950961391713,6,"series_reference"
4,8.33333333333333,2.08333333333333,1.50651639727161,6,"series_reference"
-4,10.4166666666667,2.08333333333333,-1.49098479858564,6,"series_reference"
-3.5,10.4166666666667,2.08333333333333,-2.28675000147283,6,"series_reference"
-3,10.4166666666667,2.08333333333333,-3.12333994883667,6,"series_reference"
-2.5,10.4166666666667,2.08333333333333,-3.92778238112354,6,"series_reference"
-2,10.4166666666667,2.08333333333333,-4.66017035108712,6,"series_reference"
-1.5,10.4166666666667,2.08333333333333,-5.25176829738802,6,"series_reference"
-1,10.4166666666667,2.08333333333333,-5.63506696893061,6,"series_reference"
-0.5,10.4166666666667,2.08333333333333,-5.76874109142796,6,"series_reference"
0,10.4166666666667,2.08333333333333,-5.63049145633402,6,"series_reference"
0.5,10.4166666666667,2.08333333333333,-5.21684243142843,6,"series_reference"
1,10.4166666666667,2.08333333333333,-4.54331486139723,6,"series_reference"
1.5,10.4166666666667,2.08333333333333,-3.64951958631614,6,"series_reference"
2,10.4166666666667,2.08333333333333,-2.60414781881609,6,"series_reference"
2.5,10.4166666666667,2.08333333333333,-1.50052376233613,6,"series_reference"
3,10.4166666666667,2.08333333333333,-0.438218519939577,6,"series_reference"
3.5,10.4166666666667,2.08333333333333,0.501339664071359,6,"series_reference"
4,10.4166666666667,2.08333333333333,1.27100805461306,6,"series_reference"
-4,12.5,2.08333333333333,-1.89527484961044,6,"series_reference"
-3.5,12.5,2.08333333333333,-2.80109799303528,6,"series_reference"
-3,12.5,2.08333333333333,-3.65823518463064,6,"series_reference"
-2.5,12.5,2.08333333333333,-4.50118073713606,6,"series_reference"
-2,12.5,2.08333333333333,-5.23417671459586,6,"series_reference"
-1.5,12.5,2.08333333333333,-5.80708083306293,6,"series_reference"
-1,12.5,2.08333333333333,-6.165623982446,6,"series_reference"
-0.5,12.5,2.08333333333333,-6.27754136285823,6,"series_reference"
0,12.5,2.08333333333333,-6.12715596794741,6,"series_reference"
0.5,12.5,2.08333333333333,-5.71237336486831,6,"series_reference"
1,12.5,2.08333333333333,-5.04425599952862,6,"series_reference"
1.5,12.5,2.08333333333333,-4.15265111252193,6,"series_reference"
2,12.5,2.08333333333333,-3.09411269351989,6,"series_reference"
2.5,12.5,2.08333333333333,-1.95315929164731,6,"series_reference"
3,12.5,2.08333333333333,-0.829400499201652,6,"series_reference"
3.5,12.5,2.08333333333333,0.186327953933693,6,"series_reference"
4,12.5,2.08333333333333,1.03358912111373,6,"series_reference"
-4,14.5833333333333,2.08333333333333,-2.34579482266201,6,"series_reference"
-3.5,14.5833333333333,2.08333333333333,-3.25610477617952,6,"series_reference"
-3,14.5833333333333,2.08333333333333,-4.16209605774722,6,"series_reference"
-2.5,14.5833333333333,2.08333333333333,-5.00379255138441,6,"series_reference"
-2,14.5833333333333,2.08333333333333,-5.72778617035388,6,"series_reference"
-1.5,14.5833333333333,2.08333333333333,-6.27648099517788,6,"series_reference"
-1,14.5833333333333,2.08333333333333,-6.60867194866127,6,"series_reference"
-0.5,14.5833333333333,2.08333333333333,-6.6998075133949,6,"series_reference"
0,14.5833333333333,2.08333333333333,-6.53938242901405,6,"series_reference"
0.5,14.5833333333333,2.08333333333333,-6.12644952489469,6,"series_reference"
1,14.5833333333333,2.08333333333333,-5.46867278559253,6,"series_reference"
1.5,14.5833333333333,2.08333333333333,-4.58786292581456,6,"series_reference"
2,14.5833333333333,2.08333333333333,-3.52948544033314,6,"series_reference"
2.5,14.5833333333333,2.08333333333333,-2.36815444747134,6,"series_reference"
3,14.5833333333333,2.08333333333333,-1.20011244364977,6,"series_reference"
3.5,14.5833333333333,2.08333333333333,-0.121772769278222,6,"series_reference"
4,14.5833333333333,2.08333333333333,0.794981125427746,6,"series_reference"
-4,16.6666666666667,2.08333333333333,-2.76759902944633,6,"series_reference"
-3.5,16.6666666666667,2.08333333333333,-3.70223558658129,6,"series_reference"
-3,16.6666666666667,2.08333333333333,-4.61671526599828,6,"series_reference"
-2.5,16.6666666666667,2.08333333333333,-5.45275574781818,6,"series_reference"
-2,16.6666666666667,2.08333333333333,-6.15703526989712,6,"series_reference"
-1.5,16.6666666666667,2.08333333333333,-6.67915166956454,6,"series_reference"
-1,16.6666666666667,2.08333333333333,-6.98509095558396,6,"series_reference"
-0.5,16.6666666666667,2.08333333333333,-7.0568093980385,6,"series_reference"
0,16.6666666666667,2.08333333333333,-6.88801192652259,6,"series_reference"
0.5,16.6666666666667,2.08333333333333,-6.47876852084958,6,"series_reference"
1,16.6666666666667,2.08333333333333,-5.83414484485856,6,"series_reference"
1.5,16.6666666666667,2.08333333333333,-4.96936697054186,6,"series_reference"
2,16.6666666666667,2.08333333333333,-3.92004498627538,6,"series_reference"
2.5,16.6666666666667,2.08333333333333,-2.75068385960801,6,"series_reference"
3,16.6666666666667,2.08333333333333,-1.5519667595273,6,"series_reference"
3.5,16.6666666666667,2.08333333333333,-0.422726546887253,6,"series_reference"
4,16.6666666666667,2.08333333333333,0.555855148841628,6,"series_reference"
-4,18.75,2.08333333333333,-3.16261299090772,6,"series_reference"
-3.5,18.75,2.08333333333333,-4.11307605716218,6,"series_reference"
-3,18.75,2.08333333333333,-5.02854314341902,6,"series_reference"
-2.5,18.75,2.08333333333333,-5.85267942874536,6,"series_reference"
-2,18.75,2.08333333333333,-6.53410815964345,6,"series_reference"
-1.5,18.75,2.08333333333333,-7.02883630207641,6,"series_reference"
-1,18.75,2.08333333333333,-7.30931357269288,6,"series_reference"
-0.5,18.75,2.08333333333333,-7.36307100095412,6,"series_reference"
0,18.75,2.08333333333333,-7.18727563437309,6,"series_reference"
0.5,18.75,2.08333333333333,-6.78290499974141,6,"series_reference"
1,18.75,2.08333333333333,-6.15301490070963,6,"series_reference"
1.5,18.75,2.08333333333333,-5.30743814576749,6,"series_reference"
2,18.75,2.08333333333333,-4.27316029561655,6,"series_reference"
2.5,18.75,2.08333333333333,-3.10487259215675,6,"series_reference"
3,18.75,2.08333333333333,-1.88636111070685,6,"series_reference"
3.5,18.75,2.08333333333333,-0.716360788734335,6,"series_reference"
4,18.75,2.08333333333333,0.316831190261043,6,"series_reference"
-4,20.8333333333333,2.08333333333333,-3.53283428404266,6,"series_reference"
-3.5,20.8333333333333,2.08333333333333,-4.49233477289902,6,"series_reference"
-3,20.8333333333333,2.08333333333333,-5.40326011704121,6,"series_reference"
-2.5,20.8333333333333,2.08333333333333,-6.21140161188832,6,"series_reference"
-2,20.8333333333333,2.08333333333333,-6.86824091628353,6,"series_reference"
-1.5,20.8333333333333,2.08333333333333,-7.33558314483871,6,"series_reference"
-1,20.8333333333333,2.08333333333333,-7.59170726325727,6,"series_reference"
-0.5,20.8333333333333,2.08333333333333,-7.62892723979181,6,"series_reference"
0,20.8333333333333,2.08333333333333,-7.44730381723138,6,"series_reference"
0.5,20.8333333333333,2.08333333333333,-7.04858994204365,6,"series_reference"
1,20.8333333333333,2.08333333333333,-6.43426436691903,6,"series_reference"
1.5,20.8333333333333,2.08333333333333,-5.609738031781,6,"series_reference"
2,20.8333333333333,2.08333333333333,-4.5945236779985,6,"series_reference"
2.5,20.8333333333333,2.08333333333333,-3.43406703623491,6,"series_reference"
3,20.8333333333333,2.08333333333333,-2.20451815645743,6,"series_reference"
3.5,20.8333333333333,2.08333333333333,-1.00255648231994,6,"series_reference"
4,20.8333333333333,2.08333333333333,0.078478405473378,6,"series_reference"
-4,22.9166666666667,2.08333333333333,-3.8802462006128,6,"series_reference"
-3.5,22.9166666666667,2.08333333333333,-4.84341675233216,6,"series_reference"
-3,22.9166666666667,2.08333333333333,-5.74572001521313,6,"series_reference"
-2.5,22.9166666666667,2.08333333333333,-6.53516045572131,6,"series_reference"
-2,22.9166666666667,2.08333333333333,-7.16651109145735,6,"series_reference"
-1.5,22.9166666666667,2.08333333333333,-7.6069226436114,6,"series_reference"
-1,22.9166666666667,2.08333333333333,-7.83993319358675,6,"series_reference"
-0.5,22.9166666666667,2.08333333333333,-7.86198614489428,6,"series_reference"
0,22.9166666666667,2.08333333333333,-7.67554943567645,6,"series_reference"
0.5,22.9166666666667,2.08333333333333,-7.28301959496268,6,"series_reference"
1,22.9166666666667,2.08333333333333,-6.68461768430544,6,"series_reference"
1.5,22.9166666666667,2.08333333333333,-5.88212502318023,6,"series_reference"
2,22.9166666666667,2.08333333333333,-4.8886252106676,6,"series_reference"
2.5,22.9166666666667,2.08333333333333,-3.74102468334075,6,"series_reference"
3,22.9166666666667,2.08333333333333,-2.50751735977398,6,"series_reference"
3.5,22.9166666666667,2.08333333333333,-1.28124023617836,6,"series_reference"
4,22.9166666666667,2.08333333333333,-0.158683974987827,6,"series_reference"
-4,25,2.08333333333333,-4.20675222311939,6,"series_reference"
-3.5,25,2.08333333333333,-5.16936136321303,6,"series_reference"
-3,25,2.08333333333333,-6.06000430348923,6,"series_reference"
-2.5,25,2.08333333333333,-6.82893675589442,6,"series_reference"
-2,25,2.08333333333333,-7.43442997078694,6,"series_reference"
-1.5,25,2.08333333333333,-7.84862414202916,6,"series_reference"
-1,25,2.08333333333333,-8.05981782975808,6,"series_reference"
-0.5,25,2.08333333333333,-8.06800162860864,6,"series_reference"
0,25,2.08333333333333,-7.87764286872125,6,"series_reference"
0.5,25,2.08333333333333,-7.49165133595614,6,"series_reference"
1,25,2.08333333333333,-6.90922821954874,6,"series_reference"
1.5,25,2.08333333333333,-6.1291735647766,6,"series_reference"
2,25,2.08333333333333,-5.15907080106371,6,"series_reference"
2.5,25,2.08333333333333,-4.02804997361417,6,"series_reference"
3,25,2.08333333333333,-2.79632042865899,6,"series_reference"
3.5,25,2.08333333333333,-1.55237776845873,6,"series_reference"
4,25,2.08333333333333,-0.394185214948815,6,"series_reference"
-4,0,2.29166666666667,-0.0741289216735623,6,"series_reference"
-3.5,0,2.29166666666667,-0.326629792695172,6,"series_reference"
-3,0,2.29166666666667,-0.665510109444853,6,"series_reference"
-2.5,0,2.29166666666667,-1.0498455474861,6,"series_reference"
-2,0,2.29166666666667,-1.08877294137166,6,"series_reference"
-1.5,0,2.29166666666667,-1.20802387470109,6,"series_reference"
-1,0,2.29166666666667,-0.918393288212165,6,"series_reference"
-0.5,0,2.29166666666667,-0.606975592491439,6,"series_reference"
0,0,2.29166666666667,-0.0587537991978522,6,"series_reference"
0.5,0,2.29166666666667,0.506469702734341,6,"series_reference"
1,0,2.29166666666667,1.02299373000212,6,"series_reference"
1.5,0,2.29166666666667,1.38310971067388,6,"series_reference"
2,0,2.29166666666667,1.61981100449482,6,"series_reference"
2.5,0,2.29166666666667,1.83560275990558,6,"series_reference"
3,0,2.29166666666667,2.07519771064895,6,"series_reference"
3.5,0,2.29166666666667,2.33797429171554,6,"series_reference"
4,0,2.29166666666667,2.60685917603861,6,"series_reference"
-4,2.08333333333333,2.29166666666667,-0.387153341665789,6,"series_reference"
-3.5,2.08333333333333,2.29166666666667,-1.05654561512228,6,"series_reference"
-3,2.08333333333333,2.29166666666667,-1.53736289948088,6,"series_reference"
-2.5,2.08333333333333,2.29166666666667,-1.91595230293281,6,"series_reference"
-2,2.08333333333333,2.29166666666667,-2.35668943413777,6,"series_reference"
-1.5,2.08333333333333,2.29166666666667,-2.62234717853562,6,"series_reference"
-1,2.08333333333333,2.29166666666667,-2.73196976966241,6,"series_reference"
-0.5,2.08333333333333,2.29166666666667,-2.7474190563548,6,"series_reference"
0,2.08333333333333,2.29166666666667,-2.54052159080176,6,"series_reference"
0.5,2.08333333333333,2.29166666666667,-2.12851287357553,6,"series_reference"
1,2.08333333333333,2.29166666666667,-1.52579037843448,6,"series_reference"
1.5,2.08333333333333,2.29166666666667,-0.805570679872876,6,"series_reference"
2,2.08333333333333,2.29166666666667,-0.0542587059418942,6,"series_reference"
2.5,2.08333333333333,2.29166666666667,0.655084616033907,6,"series_reference"
3,2.08333333333333,2.29166666666667,1.28409204585785,6,"series_reference"
3.5,2.08333333333333,2.29166666666667,1.82456450356182,6,"series_reference"
4,2.08333333333333,2.29166666666667,2.27872533547414,6,"series_reference"
-4,4.16666666666667,2.29166666666667,-1.00288757437812,6,"series_reference"
-3.5,4.16666666666667,2.29166666666667,-1.74664697184751,6,"series_reference"
-3,4.16666666666667,2.29166666666667,-2.34907712753268,6,"series_reference"
-2.5,4.16666666666667,2.29166666666667,-2.89065640589747,6,"series_reference"
-2,4.16666666666667,2.29166666666667,-3.41301549019079,6,"series_reference"
-1.5,4.16666666666667,2.29166666666667,-3.89395323036098,6,"series_reference"
-1,4.16666666666667,2.29166666666667,-4.24293482452259,6,"series_reference"
-0.5,4.16666666666667,2.29166666666667,-4.38779035901517,6,"series_reference"
0,4.16666666666667,2.29166666666667,-4.26340576801374,6,"series_reference"
0.5,4.16666666666667,2.29166666666667,-3.8440572362699,6,"series_reference"
1,4.16666666666667,2.29166666666667,-3.15166544273472,6,"series_reference"
1.5,4.16666666666667,2.29166666666667,-2.26004985746754,6,"series_reference"
2,4.16666666666667,2.29166666666667,-1.27419141459833,6,"series_reference"
2.5,4.16666666666667,2.29166666666667,-0.300305731134577,6,"series_reference"
3,4.16666666666667,2.29166666666667,0.582959460651333,6,"series_reference"
3.5,4.16666666666667,2.29166666666667,1.33647977707662,6,"series_reference"
4,4.16666666666667,2.29166666666667,1.95093919328994,6,"series_reference"
-4,6.25,2.29166666666667,-1.58841788231473,6,"series_reference"
-3.5,6.25,2.29166666666667,-2.25844910744472,6,"series_reference"
-3,6.25,2.29166666666667,-3.00195706683775,6,"series_reference"
-2.5,6.25,2.29166666666667,-3.70824136445084,6,"series_reference"
-2,6.25,2.29166666666667,-4.41401675261419,6,"series_reference"
-1.5,6.25,2.29166666666667,-4.99182898215086,6,"series_reference"
-1,6.25,2.29166666666667,-5.40470153277387,6,"series_reference"
-0.5,6.25,2.29166666666667,-5.57592345797844,6,"series_reference"
0,6.25,2.29166666666667,-5.45171424903977,6,"series_reference"
0.5,6.25,2.29166666666667,-5.01396314725063,6,"series_reference"
1,6.25,2.29166666666667,-4.28518133420333,6,"series_reference"
1.5,6.25,2.29166666666667,-3.32554149767095,6,"series_reference"
2,6.25,2.29166666666667,-2.22825030871787,6,"series_reference"
2.5,6.25,2.29166666666667,-1.1025674864641,6,"series_reference"
3,6.25,2.29166666666667,-0.0472459228690081,6,"series_reference"
3.5,6.25,2.29166666666667,0.871496959036552,6,"series_reference"
4,6.25,2.29166666666667,1.62447220891162,6,"series_reference"
-4,8.33333333333333,2.29166666666667,-2.14374021560841,6,"series_reference"
-3.5,8.33333333333333,2.29166666666667,-2.90093560076443,6,"series_reference"
-3,8.33333333333333,2.29166666666667,-3.7215439620578,6,"series_reference"
-2.5,8.33333333333333,2.29166666666667,-4.51083424165043,6,"series_reference"
-2,8.33333333333333,2.29166666666667,-5.25197585622936,6,"series_reference"
-1.5,8.33333333333333,2.29166666666667,-5.87584498825184,6,"series_reference"
-1,8.33333333333333,2.29166666666667,-6.2993373962756,6,"series_reference"
-0.5,8.33333333333333,2.29166666666667,-6.45863955694145,6,"series_reference"
0,8.33333333333333,2.29166666666667,-6.32040941584921,6,"series_reference"
0.5,8.33333333333333,2.29166666666667,-5.87509383436344,6,"series_reference"
1,8.33333333333333,2.29166666666667,-5.13889010536252,6,"series_reference"
1.5,8.33333333333333,2.29166666666667,-4.15734276737332,6,"series_reference"
2,8.33333333333333,2.29166666666667,-3.00813635668909,6,"series_reference"
2.5,8.33333333333333,2.29166666666667,-1.79358459680708,6,"series_reference"
3,8.33333333333333,2.29166666666667,-0.619925368579969,6,"series_reference"
3.5,8.33333333333333,2.29166666666667,0.427696293684459,6,"series_reference"
4,8.33333333333333,2.29166666666667,1.30015680000283,6,"series_reference"
-4,10.4166666666667,2.29166666666667,-2.66909552724388,6,"series_reference"
-3.5,10.4166666666667,2.29166666666667,-3.49756750043752,6,"series_reference"
-3,10.4166666666667,2.29166666666667,-4.3747352391781,6,"series_reference"
-2.5,10.4166666666667,2.29166666666667,-5.21507219766047,6,"series_reference"
-2,10.4166666666667,2.29166666666667,-5.98211781856064,6,"series_reference"
-1.5,10.4166666666667,2.29166666666667,-6.60201385050307,6,"series_reference"
-1,10.4166666666667,2.29166666666667,-7.0041372909801,6,"series_reference"
-0.5,10.4166666666667,2.29166666666667,-7.14161749301973,6,"series_reference"
0,10.4166666666667,2.29166666666667,-6.99056085401364,6,"series_reference"
0.5,10.4166666666667,2.29166666666667,-6.54460482293666,6,"series_reference"
1,10.4166666666667,2.29166666666667,-5.81453567523663,6,"series_reference"
1.5,10.4166666666667,2.29166666666667,-4.83370409255638,6,"series_reference"
2,10.4166666666667,2.29166666666667,-3.66493276208395,6,"series_reference"
2.5,10.4166666666667,2.29166666666667,-2.39990726551073,6,"series_reference"
3,10.4166666666667,2.29166666666667,-1.1448635865991,6,"series_reference"
3.5,10.4166666666667,2.29166666666667,0.00341955459336241,6,"series_reference"
4,10.4166666666667,2.29166666666667,0.978703630937114,6,"series_reference"
-4,12.5,2.29166666666667,-3.08800709090056,6,"series_reference"
-3.5,12.5,2.29166666666667,-4.04983629697566,6,"series_reference"
-3,12.5,2.29166666666667,-4.94377780685646,6,"series_reference"
-2.5,12.5,2.29166666666667,-5.83200191641633,6,"series_reference"
-2,12.5,2.29166666666667,-6.60027956895328,6,"series_reference"
-1.5,12.5,2.29166666666667,-7.20017316947778,6,"series_reference"
-1,12.5,2.29166666666667,-7.57471618874455,6,"series_reference"
-0.5,12.5,2.29166666666667,-7.68945937173537,6,"series_reference"
0,12.5,2.29166666666667,-7.52765939753487,6,"series_reference"
0.5,12.5,2.29166666666667,-7.08477135523504,6,"series_reference"
1,12.5,2.29166666666667,-6.36748752323306,6,"series_reference"
1.5,12.5,2.29166666666667,-5.39939043575143,6,"series_reference"
2,12.5,2.29166666666667,-4.23006590139398,6,"series_reference"
2.5,12.5,2.29166666666667,-2.93944569891759,6,"series_reference"
3,12.5,2.29166666666667,-1.62941485873722,6,"series_reference"
3.5,12.5,2.29166666666667,-0.402767105549165,6,"series_reference"
4,12.5,2.29166666666667,0.660717612272848,6,"series_reference"
-4,14.5833333333333,2.29166666666667,-3.57403581667197,6,"series_reference"
-3.5,14.5833333333333,2.29166666666667,-4.55995096263101,6,"series_reference"
-3,14.5833333333333,2.29166666666667,-5.48600479765564,6,"series_reference"
-2.5,14.5833333333333,2.29166666666667,-6.36983816660695,6,"series_reference"
-2,14.5833333333333,2.29166666666667,-7.1289066589646,6,"series_reference"
-1.5,14.5833333333333,2.29166666666667,-7.70198401626357,6,"series_reference"
-1,14.5833333333333,2.29166666666667,-8.04775096843304,6,"series_reference"
-0.5,14.5833333333333,2.29166666666667,-8.14086566246968,6,"series_reference"
0,14.5833333333333,2.29166666666667,-7.97008764128136,6,"series_reference"
0.5,14.5833333333333,2.29166666666667,-7.53229168756162,6,"series_reference"
1,14.5833333333333,2.29166666666667,-6.83114391266574,6,"series_reference"
1.5,14.5833333333333,2.29166666666667,-5.88244329717857,6,"series_reference"
2,14.5833333333333,2.29166666666667,-4.7242797093676,6,"series_reference"
2.5,14.5833333333333,2.29166666666667,-3.42485723047528,6,"series_reference"
3,14.5833333333333,2.29166666666667,-2.07923895444024,6,"series_reference"
3.5,14.5833333333333,2.29166666666667,-0.792106301923901,6,"series_reference"
4,14.5833333333333,2.29166666666667,0.346712209460772,6,"series_reference"
-4,16.6666666666667,2.29166666666667,-4.02857997163003,6,"series_reference"
-3.5,16.6666666666667,2.29166666666667,-5.01178093028057,6,"series_reference"
-3,16.6666666666667,2.29166666666667,-5.97365352460108,6,"series_reference"
-2.5,16.6666666666667,2.29166666666667,-6.84992792556416,6,"series_reference"
-2,16.6666666666667,2.29166666666667,-7.58609873992836,6,"series_reference"
-1.5,16.6666666666667,2.29166666666667,-8.12991710264922,6,"series_reference"
-1,16.6666666666667,2.29166666666667,-8.44736513409756,6,"series_reference"
-0.5,16.6666666666667,2.29166666666667,-8.52042853542408,6,"series_reference"
0,16.6666666666667,2.29166666666667,-8.34211166131692,6,"series_reference"
0.5,16.6666666666667,2.29166666666667,-7.91055925887433,6,"series_reference"
1,16.6666666666667,2.29166666666667,-7.22719618259989,6,"series_reference"
1.5,16.6666666666667,2.29166666666667,-6.3016016826697,6,"series_reference"
2,16.6666666666667,2.29166666666667,-5.16199527797251,6,"series_reference"
2.5,16.6666666666667,2.29166666666667,-3.86541763226895,6,"series_reference"
3,16.6666666666667,2.29166666666667,-2.49878009283354,6,"series_reference"
3.5,16.6666666666667,2.29166666666667,-1.16567882980659,6,"series_reference"
4,16.6666666666667,2.29166666666667,0.0371219253965709,6,"series_reference"
-4,18.75,2.29166666666667,-4.45351488464135,6,"series_reference"
-3.5,18.75,2.29166666666667,-5.4527055221932,6,"series_reference"
-3,18.75,2.29166666666667,-6.41371864319538,6,"series_reference"
-2.5,18.75,2.29166666666667,-7.2755251422889,6,"series_reference"
-2,18.75,2.29166666666667,-7.98576217683656,6,"series_reference"
-1.5,18.75,2.29166666666667,-8.49968192982915,6,"series_reference"
-1,18.75,2.29166666666667,-8.79008269697547,6,"series_reference"
-0.5,18.75,2.29166666666667,-8.84465915161323,6,"series_reference"
0,18.75,2.29166666666667,-8.66001089708853,6,"series_reference"
0.5,18.75,2.29166666666667,-8.23537956582414,6,"series_reference"
1,18.75,2.29166666666667,-7.57051407042215,6,"series_reference"
1.5,18.75,2.29166666666667,-6.67000342440553,6,"series_reference"
2,18.75,2.29166666666667,-5.55364530026403,6,"series_reference"
2.5,18.75,2.29166666666667,-4.26812795813114,6,"series_reference"
3,18.75,2.29166666666667,-2.89159068872785,6,"series_reference"
3.5,18.75,2.29166666666667,-1.52442949685213,6,"series_reference"
4,18.75,2.29166666666667,-0.267687000290451,6,"series_reference"
-4,20.8333333333333,2.29166666666667,-4.85088712560203,6,"series_reference"
-3.5,20.8333333333333,2.29166666666667,-5.85839825059323,6,"series_reference"
-3,20.8333333333333,2.29166666666667,-6.81254053760981,6,"series_reference"
-2.5,20.8333333333333,2.29166666666667,-7.65558969641235,6,"series_reference"
-2,20.8333333333333,2.29166666666667,-8.3384367183624,6,"series_reference"
-1.5,20.8333333333333,2.29166666666667,-8.82281754483409,6,"series_reference"
-1,20.8333333333333,2.29166666666667,-9.08754141309259,6,"series_reference"
-0.5,20.8333333333333,2.29166666666667,-9.12515382398747,6,"series_reference"
0,20.8333333333333,2.29166666666667,-8.93521545910765,6,"series_reference"
0.5,20.8333333333333,2.29166666666667,-8.51791134902947,6,"series_reference"
1,20.8333333333333,2.29166666666667,-7.87171801354121,6,"series_reference"
1.5,20.8333333333333,2.29166666666667,-6.9972068822074,6,"series_reference"
2,20.8333333333333,2.29166666666667,-5.90702062718146,6,"series_reference"
2.5,20.8333333333333,2.29166666666667,-4.63840490437267,6,"series_reference"
3,20.8333333333333,2.29166666666667,-3.26055677282097,6,"series_reference"
3.5,20.8333333333333,2.29166666666667,-1.8691895252432,6,"series_reference"
4,20.8333333333333,2.29166666666667,-0.567407526534394,6,"series_reference"
-4,22.9166666666667,2.29166666666667,-5.22280808627974,6,"series_reference"
-3.5,22.9166666666667,2.29166666666667,-6.23264516719294,6,"series_reference"
-3,22.9166666666667,2.29166666666667,-7.17562830249735,6,"series_reference"
-2.5,22.9166666666667,2.29166666666667,-7.99726979059303,6,"series_reference"
-2,22.9166666666667,2.29166666666667,-8.6521521106792,6,"series_reference"
-1.5,22.9166666666667,2.29166666666667,-9.10776512670057,6,"series_reference"
-1,22.9166666666667,2.29166666666667,-9.34827088851373,6,"series_reference"
-0.5,22.9166666666667,2.29166666666667,-9.37035654622782,6,"series_reference"
0,22.9166666666667,2.29166666666667,-9.17604407472388,6,"series_reference"
0.5,22.9166666666667,2.29166666666667,-8.76630756666165,6,"series_reference"
1,22.9166666666667,2.29166666666667,-8.13864155549621,6,"series_reference"
1.5,22.9166666666667,2.29166666666667,-7.29037464989531,6,"series_reference"
2,22.9166666666667,2.29166666666667,-6.22809310348205,6,"series_reference"
2.5,22.9166666666667,2.29166666666667,-4.98052979121193,6,"series_reference"
3,22.9166666666667,2.29166666666667,-3.60805864280297,6,"series_reference"
3.5,22.9166666666667,2.29166666666667,-2.20069572978182,6,"series_reference"
4,22.9166666666667,2.29166666666667,-0.861784181974112,6,"series_reference"
-4,25,2.29166666666667,-5.5713637209197,6,"series_reference"
-3.5,25,2.29166666666667,-6.57889073307046,6,"series_reference"
-3,25,2.29166666666667,-7.50765158841496,6,"series_reference"
-2.5,25,2.29166666666667,-8.30625441871466,6,"series_reference"
-2,25,2.29166666666667,-8.93311111556219,6,"series_reference"
-1.5,25,2.29166666666667,-9.36094030663086,6,"series_reference"
-1,25,2.29166666666667,-9.57868882983321,6,"series_reference"
-0.5,25,2.29166666666667,-9.58659848813673,6,"series_reference"
0,25,2.29166666666667,-9.3887265016016,6,"series_reference"
0.5,25,2.29166666666667,-8.98669103315247,6,"series_reference"
1,25,2.29166666666667,-8.37721470702098,6,"series_reference"
1.5,25,2.29166666666667,-7.55500556866984,6,"series_reference"
2,25,2.29166666666667,-6.52154188824378,6,"series_reference"
2.5,25,2.29166666666667,-5.29795052095879,6,"series_reference"
3,25,2.29166666666667,-3.93608747459121,6,"series_reference"
3.5,25,2.29166666666667,-2.51960673470367,6,"series_reference"
4,25,2.29166666666667,-1.15060665794586,6,"series_reference"
-4,0,2.5,-1.31013770841505,6,"series_reference"
-3.5,0,2.5,-1.55950743044698,6,"series_reference"
-3,0,2.5,-1.90459290083862,6,"series_reference"
-2.5,0,2.5,-2.30111532243584,6,"series_reference"
-2,0,2.5,-2.31359002986535,6,"series_reference"
-1.5,0,2.5,-2.4177736958026,6,"series_reference"
-1,0,2.5,-2.16840711259184,6,"series_reference"
-0.5,0,2.5,-1.66158426304635,6,"series_reference"
0,0,2.5,-0.960215307154455,6,"series_reference"
0.5,0,2.5,-0.155363527353403,6,"series_reference"
1,0,2.5,0.644589797873522,6,"series_reference"
1.5,0,2.5,1.31668381428322,6,"series_reference"
2,0,2.5,1.75007563807097,6,"series_reference"
2.5,0,2.5,2.01928082965031,6,"series_reference"
3,0,2.5,2.25650612275238,6,"series_reference"
3.5,0,2.5,2.51127332926345,6,"series_reference"
4,0,2.5,2.78351819301482,6,"series_reference"
-4,2.08333333333333,2.5,-1.93024894874684,6,"series_reference"
-3.5,2.08333333333333,2.5,-2.31700753455888,6,"series_reference"
-3,2.08333333333333,2.5,-2.80731926455284,6,"series_reference"
-2.5,2.08333333333333,2.5,-3.18032482615486,6,"series_reference"
-2,2.08333333333333,2.5,-3.62428021721935,6,"series_reference"
-1.5,2.08333333333333,2.5,-3.86938667578029,6,"series_reference"
-1,2.08333333333333,2.5,-3.93461956393832,6,"series_reference"
-0.5,2.08333333333333,2.5,-3.90132527098637,6,"series_reference"
0,2.08333333333333,2.5,-3.6149456618479,6,"series_reference"
0.5,2.08333333333333,2.5,-3.09279285745952,6,"series_reference"
1,2.08333333333333,2.5,-2.35353341260874,6,"series_reference"
1.5,2.08333333333333,2.5,-1.4741636150942,6,"series_reference"
2,2.08333333333333,2.5,-0.552382847898569,6,"series_reference"
2.5,2.08333333333333,2.5,0.321300765515538,6,"series_reference"
3,2.08333333333333,2.5,1.09279130863793,6,"series_reference"
3.5,2.08333333333333,2.5,1.74732877525776,6,"series_reference"
4,2.08333333333333,2.5,2.29436540507048,6,"series_reference"
-4,4.16666666666667,2.5,-2.25495734905749,6,"series_reference"
-3.5,4.16666666666667,2.5,-3.03413734243836,6,"series_reference"
-3,4.16666666666667,2.5,-3.64965437677724,6,"series_reference"
-2.5,4.16666666666667,2.5,-4.19270812807309,6,"series_reference"
-2,4.16666666666667,2.5,-4.71258231461685,6,"series_reference"
-1.5,4.16666666666667,2.5,-5.19087662767772,6,"series_reference"
-1,4.16666666666667,2.5,-5.53081773742984,6,"series_reference"
-0.5,4.16666666666667,2.5,-5.6579127152905,6,"series_reference"
0,4.16666666666667,2.5,-5.50112477778189,6,"series_reference"
0.5,4.16666666666667,2.5,-5.02741056589386,6,"series_reference"
1,4.16666666666667,2.5,-4.25033574755715,6,"series_reference"
1.5,4.16666666666667,2.5,-3.23748969349204,6,"series_reference"
2,4.16666666666667,2.5,-2.09423772195733,6,"series_reference"
2.5,4.16666666666667,2.5,-0.938144525214231,6,"series_reference"
3,4.16666666666667,2.5,0.132142527487909,6,"series_reference"
3.5,4.16666666666667,2.5,1.05834028312033,6,"series_reference"
4,4.16666666666667,2.5,1.82307335124871,6,"series_reference"
-4,6.25,2.5,-2.86649134274152,6,"series_reference"
-3.5,6.25,2.5,-3.7103696455892,6,"series_reference"
-3,6.25,2.5,-4.31621072835622,6,"series_reference"
-2.5,6.25,2.5,-5.10571281608392,6,"series_reference"
-2,6.25,2.5,-5.76115181912455,6,"series_reference"
-1.5,6.25,2.5,-6.34852087992749,6,"series_reference"
-1,6.25,2.5,-6.76708937123837,6,"series_reference"
-0.5,6.25,2.5,-6.93605303712375,6,"series_reference"
0,6.25,2.5,-6.79536541510237,6,"series_reference"
0.5,6.25,2.5,-6.32088017089114,6,"series_reference"
1,6.25,2.5,-5.52775070610646,6,"series_reference"
1.5,6.25,2.5,-4.46986466637535,6,"series_reference"
2,6.25,2.5,-3.23613957751174,6,"series_reference"
2.5,6.25,2.5,-1.93840162963434,6,"series_reference"
3,6.25,2.5,-0.68799675810642,6,"series_reference"
3.5,6.25,2.5,0.429579854925123,6,"series_reference"
4,6.25,2.5,1.36855008200733,6,"series_reference"
-4,8.33333333333333,2.5,-3.44698012125829,6,"series_reference"
-3.5,8.33333333333333,2.5,-4.22276080747329,6,"series_reference"
-3,8.33333333333333,2.5,-5.06857969792327,6,"series_reference"
-2.5,8.33333333333333,2.5,-5.87759820811999,6,"series_reference"
-2,8.33333333333333,2.5,-6.63849195721746,6,"series_reference"
-1.5,8.33333333333333,2.5,-7.28136560794537,6,"series_reference"
-1,8.33333333333333,2.5,-7.71808078635368,6,"series_reference"
-0.5,8.33333333333333,2.5,-7.87954109592693,6,"series_reference"
0,8.33333333333333,2.5,-7.72957812219425,6,"series_reference"
0.5,8.33333333333333,2.5,-7.25504395094886,6,"series_reference"
1,8.33333333333333,2.5,-6.46693416582788,6,"series_reference"
1.5,8.33333333333333,2.5,-5.4042504565316,6,"series_reference"
2,8.33333333333333,2.5,-4.13803846592151,6,"series_reference"
2.5,8.33333333333333,2.5,-2.76768757003564,6,"series_reference"
3,8.33333333333333,2.5,-1.40484103347226,6,"series_reference"
3.5,8.33333333333333,2.5,-0.14961000389653,6,"series_reference"
4,8.33333333333333,2.5,0.929779363179478,6,"series_reference"
-4,10.4166666666667,2.5,-3.99653618667961,6,"series_reference"
-3.5,10.4166666666667,2.5,-4.84732312851269,6,"series_reference"
-3,10.4166666666667,2.5,-5.75259851332889,6,"series_reference"
-2.5,10.4166666666667,2.5,-6.61720549000783,6,"series_reference"
-2,10.4166666666667,2.5,-7.40794365656512,6,"series_reference"
-1.5,10.4166666666667,2.5,-8.04828578677953,6,"series_reference"
-1,10.4166666666667,2.5,-8.46322819768983,6,"series_reference"
-0.5,10.4166666666667,2.5,-8.60304657261458,6,"series_reference"
0,10.4166666666667,2.5,-8.44236683039506,6,"series_reference"
0.5,10.4166666666667,2.5,-7.97210548280228,6,"series_reference"
1,10.4166666666667,2.5,-7.19884312416969,6,"series_reference"
1.5,10.4166666666667,2.5,-6.14967128802324,6,"series_reference"
2,10.4166666666667,2.5,-4.87995937326381,6,"series_reference"
2.5,10.4166666666667,2.5,-3.47542412628234,6,"series_reference"
3,10.4166666666667,2.5,-2.0423311818727,6,"series_reference"
3.5,10.4166666666667,2.5,-0.687172256779281,6,"series_reference"
4,10.4166666666667,2.5,0.505835217248691,6,"series_reference"
-4,12.5,2.5,-4.51553914472342,6,"series_reference"
-3.5,12.5,2.5,-5.42586158799556,6,"series_reference"
-3,12.5,2.5,-6.34451272212795,6,"series_reference"
-2.5,12.5,2.5,-7.26492872061077,6,"series_reference"
-2,12.5,2.5,-8.0578722547086,6,"series_reference"
-1.5,12.5,2.5,-8.67713293683484,6,"series_reference"
-1,12.5,2.5,-9.06289728398315,6,"series_reference"
-0.5,12.5,2.5,-9.17949890045985,6,"series_reference"
0,12.5,2.5,-9.0092604546417,6,"series_reference"
0.5,12.5,2.5,-8.54559822760208,6,"series_reference"
1,12.5,2.5,-7.79150657044325,6,"series_reference"
1.5,12.5,2.5,-6.76480061590857,6,"series_reference"
2,12.5,2.5,-5.50753274651393,6,"series_reference"
2.5,12.5,2.5,-4.09211436957722,6,"series_reference"
3,12.5,2.5,-2.61677166588293,6,"series_reference"
3.5,12.5,2.5,-1.18916747483839,6,"series_reference"
4,12.5,2.5,0.0958840703898964,6,"series_reference"
-4,14.5833333333333,2.5,-4.9346081694748,6,"series_reference"
-3.5,14.5833333333333,2.5,-5.96030121222823,6,"series_reference"
-3,14.5833333333333,2.5,-6.91400575421825,6,"series_reference"
-2.5,14.5833333333333,2.5,-7.82762892626211,6,"series_reference"
-2,14.5833333333333,2.5,-8.61174754445236,6,"series_reference"
-1.5,14.5833333333333,2.5,-9.20223384820068,6,"series_reference"
-1,14.5833333333333,2.5,-9.55756808051236,6,"series_reference"
-0.5,14.5833333333333,2.5,-9.65198728222196,6,"series_reference"
0,14.5833333333333,2.5,-9.47365260159578,6,"series_reference"
0.5,14.5833333333333,2.5,-9.01772507247503,6,"series_reference"
1,14.5833333333333,2.5,-8.28460768262662,6,"series_reference"
1.5,14.5833333333333,2.5,-7.28485296822593,6,"series_reference"
2,14.5833333333333,2.5,-6.04928842946454,6,"series_reference"
2.5,14.5833333333333,2.5,-4.63792191483325,6,"series_reference"
3,14.5833333333333,2.5,-3.13975123772954,6,"series_reference"
3.5,14.5833333333333,2.5,-1.66030922995082,6,"series_reference"
4,14.5833333333333,2.5,-0.300818729301357,6,"series_reference"
-4,16.6666666666667,2.5,-5.41226630702621,6,"series_reference"
-3.5,16.6666666666667,2.5,-6.42966651645263,6,"series_reference"
-3,16.6666666666667,2.5,-7.42527582840826,6,"series_reference"
-2.5,16.6666666666667,2.5,-8.33012357398656,6,"series_reference"
-2,16.6666666666667,2.5,-9.08902936895398,6,"series_reference"
-1.5,16.6666666666667,2.5,-9.64816384367122,6,"series_reference"
-1,16.6666666666667,2.5,-9.97378898146397,6,"series_reference"
-0.5,16.6666666666667,2.5,-10.0477142176268,6,"series_reference"
0,16.6666666666667,2.5,-9.86252216463425,6,"series_reference"
0.5,16.6666666666667,2.5,-9.41487481472731,6,"series_reference"
1,16.6666666666667,2.5,-8.7033036029859,6,"series_reference"
1.5,16.6666666666667,2.5,-7.73264262202882,6,"series_reference"
2,16.6666666666667,2.5,-6.52427166298303,6,"series_reference"
2.5,16.6666666666667,2.5,-5.12686891282766,6,"series_reference"
3,16.6666666666667,2.5,-3.6197874526491,6,"series_reference"
3.5,16.6666666666667,2.5,-2.10432385329544,6,"series_reference"
4,16.6666666666667,2.5,-0.6849355461269,6,"series_reference"
-4,18.75,2.5,-5.85844957367065,6,"series_reference"
-3.5,18.75,2.5,-6.89210527486907,6,"series_reference"
-3,18.75,2.5,-7.88558683191226,6,"series_reference"
-2.5,18.75,2.5,-8.77416179901453,6,"series_reference"
-2,18.75,2.5,-9.50485106008724,6,"series_reference"
-1.5,18.75,2.5,-10.0323059435092,6,"series_reference"
-1,18.75,2.5,-10.3296451920482,6,"series_reference"
-0.5,18.75,2.5,-10.3847233090658,6,"series_reference"
0,18.75,2.5,-10.1937373093137,6,"series_reference"
0.5,18.75,2.5,-9.75461708551453,6,"series_reference"
1,18.75,2.5,-9.0645344035724,6,"series_reference"
1.5,18.75,2.5,-8.12379411208553,6,"series_reference"
2,18.75,2.5,-6.94583085148859,6,"series_reference"
2.5,18.75,2.5,-5.56909704715459,6,"series_reference"
3,18.75,2.5,-4.06331474044826,6,"series_reference"
3.5,18.75,2.5,-2.52420059775853,6,"series_reference"
4,18.75,2.5,-1.05705470499917,6,"series_reference"
-4,20.8333333333333,2.5,-6.27518677580002,6,"series_reference"
-3.5,20.8333333333333,2.5,-7.31675080335779,6,"series_reference"
-3,20.8333333333333,2.5,-8.30168650330694,6,"series_reference"
-2.5,20.8333333333333,2.5,-9.1694937512449,6,"series_reference"
-2,20.8333333333333,2.5,-9.87071191685349,6,"series_reference"
-1.5,20.8333333333333,2.5,-10.3670412353148,6,"series_reference"
-1,20.8333333333333,2.5,-10.6377427428806,6,"series_reference"
-0.5,20.8333333333333,2.5,-10.6755658639521,6,"series_reference"
0,20.8333333333333,2.5,-10.4797197488626,6,"series_reference"
0.5,20.8333333333333,2.5,-10.0492184119942,6,"series_reference"
1,20.8333333333333,2.5,-9.38023377149767,6,"series_reference"
1.5,20.8333333333333,2.5,-8.46946781289698,6,"series_reference"
2,20.8333333333333,2.5,-7.32368233010469,6,"series_reference"
2.5,20.8333333333333,2.5,-5.97217762880106,6,"series_reference"
3,20.8333333333333,2.5,-4.47530889408495,6,"series_reference"
3.5,20.8333333333333,2.5,-2.9223703044828,6,"series_reference"
4,20.8333333333333,2.5,-1.4176993519158,6,"series_reference"
-4,22.9166666666667,2.5,-6.66463656078639,6,"series_reference"
-3.5,22.9166666666667,2.5,-7.70761368841554,6,"series_reference"
-3,22.9166666666667,2.5,-8.67952668942378,6,"series_reference"
-2.5,22.9166666666667,2.5,-9.52393146916839,6,"series_reference"
-2,22.9166666666667,2.5,-10.1953508764181,6,"series_reference"
-1.5,22.9166666666667,2.5,-10.661569874901,6,"series_reference"
-1,22.9166666666667,2.5,-10.9072571228935,6,"series_reference"
-0.5,22.9166666666667,2.5,-10.929311669789,6,"series_reference"
0,22.9166666666667,2.5,-10.7294398563537,6,"series_reference"
0.5,22.9166666666667,2.5,-10.3075633420773,6,"series_reference"
1,22.9166666666667,2.5,-9.65910825877496,6,"series_reference"
1.5,22.9166666666667,2.5,-8.77790329719776,6,"series_reference"
2,22.9166666666667,2.5,-7.66511728128551,6,"series_reference"
2.5,22.9166666666667,2.5,-6.34191470115255,6,"series_reference"
3,22.9166666666667,2.5,-4.85969771552019,6,"series_reference"
3.5,22.9166666666667,2.5,-3.30083565901446,6,"series_reference"
4,22.9166666666667,2.5,-1.76733624353812,6,"series_reference"
-4,25,2.5,-7.02898214862717,6,"series_reference"
-3.5,25,2.5,-8.06840307224055,6,"series_reference"
-3,25,2.5,-9.02419361570902,6,"series_reference"
-2.5,25,2.5,-9.84368877521941,6,"series_reference"
-2,25,2.5,-10.4854864634083,6,"series_reference"
-1.5,25,2.5,-10.9227818376873,6,"series_reference"
-1,25,2.5,-11.1450451100142,6,"series_reference"
-0.5,25,2.5,-11.1527189699939,6,"series_reference"
0,25,2.5,-10.9495735606784,6,"series_reference"
0.5,25,2.5,-10.5362773910916,6,"series_reference"
1,25,2.5,-9.90769048724889,6,"series_reference"
1.5,25,2.5,-9.0553487275806,6,"series_reference"
2,25,2.5,-7.97574668841988,6,"series_reference"
2.5,25,2.5,-6.68285962962178,6,"series_reference"
3,25,2.5,-5.21963966058941,6,"series_reference"
3.5,25,2.5,-3.66126767744111,6,"series_reference"
4,25,2.5,-2.10638403217399,6,"series_reference"
