"x","q","t","region","reference","surrogate","value_error","grad_error","hess_error","method","label"
8.47979460736913,2.157699774033,0.763366372294189,"interior_stable",4.13204239751283,4.13330249767782,0.00126010016499478,0.0350079351508905,0.476259549236147,"spline","selected"
4.92531584425816,3.1983356038429,0.447572958593707,"interior_stable",1.45859690209072,1.43415159902911,0.0244453030616127,0.0366426871836356,57.1181808145092,"spline","selected"
2.28199882106349,4.28963399752175,0.77395334388984,"interior_stable",-1.70681421921003,-1.71721179030485,0.0103975710948265,0.0217868114909354,0.477107313653739,"spline","selected"
3.35826335648486,4.61786803932472,1.19357691587503,"interior_stable",-4.62595050248747,-4.62526018203619,0.000690320451284698,0.0261404521057312,1.43349687645814,"spline","selected"
6.99768939148344,4.94808282669944,0.397706999653258,"interior_stable",2.50757888554037,2.49966123644549,0.00791764909487913,0.0497461384447416,75.2342256185777,"spline","selected"
4.45485374330283,4.36401658115632,0.400817925993784,"interior_stable",0.460094085388412,0.456580076615158,0.00351400877325353,0.072895392375711,2.09584130831411,"spline","selected"
4.36846469190585,4.0840215603137,1.36141799356491,"interior_stable",-5.14115309777767,-5.13367290216317,0.00748019561449276,0.0322156781050128,2.24682018644008,"spline","selected"
3.01431224267999,3.20735021205619,0.578982614832749,"interior_stable",-0.357155722000767,-0.362109558011142,0.00495383601037475,0.0533855071245382,1.20919300049665,"spline","selected"
6.26901574868001,2.82401166341254,0.924480748511771,"interior_stable",1.91926511823279,1.93391255736467,0.0146474391318814,0.0110244345692855,1.43128084364326,"spline","selected"
5.31340117362578,3.21479967556831,1.21764171668149,"interior_stable",-1.01885464596662,-1.03364986016591,0.0147952141992929,0.0159496657412841,2.07802515597407,"spline","selected"
8.61635280044821,4.42397245248464,0.788136555449083,"interior_stable",2.51489943350465,2.50702329463872,0.0078761388659343,0.042639397864525,0.487232490244805,"spline","selected"
1.25238662055407,4.40425259505562,1.39385031261942,"interior_stable",-7.65332793687113,-7.64971928457588,0.00360865229525142,0.00723926494858678,0.624645235958016,"spline","selected"
-0.687720620748262,4.2737530815435,1.27954907623972,"interior_stable",-3.81493451838892,-3.81655652040225,0.00162200201332796,0.043740323494231,7.64234711096269,"spline","selected"
4.9355663183343,2.00138724887982,0.630769692060135,"interior_stable",1.96929272172842,1.9510201680085,0.0182725537199158,0.0484782830989334,2.33073317335736,"spline","selected"
8.83884014707554,5.15614695788614,1.26173836347973,"interior_stable",-2.38428946662714,-2.39510694370982,0.0108174770826732,0.0540431622598167,0.680909935722006,"spline","selected"
4.30540399953849,2.00688424817414,0.404768407700255,"interior_stable",1.37479039819703,1.38286036462868,0.00806996643165392,0.0397072065827621,11.6253138212166,"spline","selected"
1.78644400755255,2.77609283165119,0.745998700374224,"interior_stable",-0.9255431698698,-0.926203940990362,0.000660771120561621,0.0136170379262444,0.552082624974163,"spline","selected"
5.25714572272333,3.60411923074647,1.07608100296444,"interior_stable",-0.57347970925818,-0.588336077419529,0.0148563681613482,0.0132702514468852,2.07294196560196,"spline","selected"
-0.629444797647569,2.19412719167906,0.614861957857632,"interior_stable",0.968365314033748,0.96530316025757,0.00306215377617813,0.0170596960078164,6.20988207543077,"spline","selected"
0.346315417143838,4.06928668145835,0.698208619477872,"interior_stable",-0.894906499314299,-0.89302754197067,0.0018789573436292,0.0130572514335342,1.85144228189324,"spline","selected"
8.72619341944504,4.4332322842793,0.35731397828301,"interior_stable",3.79782386132111,3.78088134873897,0.0169425125821414,0.0450346889282468,0.320287417049645,"spline","selected"
-0.846634114158898,2.52241633384414,0.730151151712328,"interior_stable",1.08810233118072,1.08840988410795,0.000307552927231614,0.0801268970710198,7.46260929659315,"spline","selected"
4.77483152004883,4.81628687239773,1.3439620670855,"interior_stable",-5.98717670374172,-5.99288398845726,0.00570728471554283,0.0461685331063817,2.23880060579572,"spline","selected"
-1.57449802285709,4.49869427964756,0.712184481991542,"interior_stable",1.66480966317744,1.6650596698727,0.000250006695257321,0.0437392761786935,15.0356616629875,"spline","selected"
-0.440533886822839,3.45476600929788,0.52207967167618,"interior_stable",0.446698082755994,0.439741981259417,0.00695610149657661,0.0179571635050896,5.48471123276935,"spline","selected"
5.72454462214441,2.20664771613288,1.29899696984171,"interior_stable",0.495697222219328,0.492553199413566,0.00314402280576237,0.0286110491348562,1.70340416784673,"spline","selected"
6.39149923450127,2.94518619342347,1.07081141764709,"interior_stable",1.23339587367435,1.2468098537025,0.0134139800281428,0.0186325013753532,76.3413887560905,"spline","selected"
4.89768795281889,2.07775699609177,0.574514964047815,"interior_stable",1.92427824834316,1.90540333846507,0.0188749098780889,0.03860791915697,2.32180017320665,"spline","selected"
8.21776431435325,3.26143438993884,0.470817239961675,"interior_stable",3.77991116462074,3.7909619198611,0.0110507552403565,0.0254949083285654,0.677430579969495,"spline","selected"
6.83456491312262,2.96072792066567,0.59854999257217,"interior_stable",3.01512817287081,3.01811826272904,0.00299008985822757,0.0409122958926327,1.03107420378844,"spline","selected"
2.08457377598167,4.93393246000527,0.488070466909713,"interior_stable",-1.03843484106001,-1.054147386528,0.0157125454679932,0.034726317428073,0.38712136226562,"spline","selected"
0.504686484374342,2.91923317160764,0.420739116859648,"interior_stable",-0.117190875277905,-0.11160742104941,0.00558345422849522,0.0157544620867734,0.876847917948692,"spline","selected"
6.8618401225858,2.62694904344866,0.614147617912754,"interior_stable",3.20035002897781,3.2026189482308,0.00226891925298567,0.0457719746455561,1.00010148243549,"spline","selected"
5.19406292244105,3.4707133846924,0.398841700296874,"interior_stable",1.66397609688715,1.63672319598701,0.027252900900145,0.0287881224728657,2.05312928331068,"spline","selected"
7.54068696007588,3.56345555679849,0.78214549469732,"interior_stable",2.57487266637753,2.56633370649584,0.00853895988168674,0.0312312982893489,0.62825289767947,"spline","selected"
8.95343192280147,2.20647657418658,0.41540752194651,"interior_stable",4.75670423833423,4.75512494336538,0.0015792949688489,0.122043360348136,0.438851009122952,"spline","selected"
8.65648281755251,2.37141573418155,0.535044483056119,"interior_stable",4.40355310669689,4.39623282807527,0.0073202786216191,0.0424803369835787,0.296986615706645,"spline","selected"
0.3351163058176,3.23440926773996,1.33287588446592,"interior_stable",-4.16647780376819,-4.16500159760956,0.00147620615863175,0.0276257039767148,1.48650321967517,"spline","selected"
3.89113081631564,4.92962764635051,0.831859425336259,"interior_stable",-1.69048724347812,-1.67172591846373,0.0187613250143892,0.036187349517518,1.77360621630396,"spline","selected"
1.98362733647479,4.44879756856094,1.07501625739379,"interior_stable",-3.77011374186864,-3.77237277277118,0.00225903090254187,0.0102727219205081,0.426770217695851,"spline","selected"
-0.268043544177517,2.53042348685645,0.759319174263115,"interior_stable",0.221772917086049,0.218256806888636,0.00351611019741263,0.028950620119987,4.04976788708075,"spline","selected"
6.18618868077533,4.99329953806679,0.594784993654149,"interior_stable",1.39331923080906,1.41403943448061,0.0207202036715541,0.0144644669899828,1.74494984727441,"spline","selected"
8.43793189444512,4.53949479190448,1.13669947052574,"interior_stable",-0.138419969950776,-0.139409495308292,0.000989525357516341,0.0530937900496959,0.577133276339623,"spline","selected"
-0.79041891971712,4.12653353464994,1.3893171244332,"interior_stable",-4.91615603144601,-4.9141658984138,0.00199013303220763,0.00256527270880092,8.22055227470452,"spline","selected"
1.53924051221565,2.81035473797631,1.20040832590727,"interior_stable",-2.91809286278277,-2.91791831149855,0.000174551284225721,0.00978458390751268,0.696120973691062,"spline","selected"
8.87389477774272,1.98279059722793,0.563473641495941,"interior_stable",4.70593077415844,4.69921429491954,0.00671647923890006,0.0375104319063006,0.109633090452569,"spline","selected"
1.99905237093109,3.76670566506397,0.505546958210886,"interior_stable",-0.750285315608344,-0.7611822189462,0.0108969033378555,0.0364621381974277,0.303132678909422,"spline","selected"
4.75195144931761,3.8156623970676,1.37551789475271,"interior_stable",-4.40949551201274,-4.41275841060207,0.00326289858933126,0.0259954377133005,2.33277850453215,"spline","selected"
6.96119752953056,2.65600928832294,0.770420642416338,"interior_stable",2.96354304278108,2.96167083539268,0.00187220738840521,0.0471136452047333,0.937712238237227,"spline","selected"
7.61861765824702,3.61890358218513,0.591508514215308,"interior_stable",3.09445962636114,3.08568265452773,0.0087769718334072,0.0384257814083566,0.620413755375343,"spline","selected"
0.998040260683553,4.79130462294176,1.31847385203961,"interior_stable",-7.02511090640517,-7.02153089131444,0.00358001509072814,0.0344558515290842,0.577532652184833,"spline","selected"
8.78900325485662,3.05607854875999,1.21852447755828,"interior_stable",1.48065200500688,1.47093077871528,0.00972122629159555,0.011156700612763,0.551168366680925,"spline","selected"
8.19373115805153,4.06768429990495,0.96534110255854,"interior_stable",1.62465533765031,1.63277204199046,0.00811670434014244,0.0136617632826274,0.609777525058021,"spline","selected"
1.84846088998097,4.58403141749735,1.31752231965569,"interior_stable",-6.78713638751854,-6.78675820889078,0.000378178627761905,0.0409759656475907,0.33926011729626,"spline","selected"
2.18312543036476,2.60275601752061,1.07107081339163,"interior_stable",-1.8066838761277,-1.80831923083282,0.00163535470512066,0.0169397796642584,0.415012195591583,"spline","selected"
-0.148328928716674,4.65625020054857,1.08279038200091,"interior_stable",-2.9834150255058,-2.98587709753863,0.002462072032829,0.0204361443693323,4.11759013247689,"spline","selected"
3.33707044759637,2.71041608453022,1.08696111946538,"interior_stable",-1.30564344645565,-1.30519683218876,0.000446614266881751,0.0256377312311014,1.72031970536985,"spline","selected"
2.40833649034098,2.48131225028631,0.356890576355834,"interior_stable",-0.163761169472895,-0.184929086060531,0.0211679165876361,0.0424502150033488,0.447726067374338,"spline","selected"
-1.21004447274874,1.97665149296914,1.09548353530973,"interior_stable",1.41519019532568,1.41635826103307,0.0011680657073887,0.0252287936282199,10.5752250286709,"spline","selected"
-0.212130205435601,4.46815117107159,0.951122257874497,"interior_stable",-1.72561827705664,-1.72976032820293,0.00414205114628974,0.0372572185475095,4.29641254405039,"spline","selected"
3.28418597450303,5.19024546989724,0.736532562706363,"interior_stable",-1.72351635355338,-1.71554717293967,0.00796918061371454,0.0383974486884644,1.22398056317219,"spline","selected"
8.08853375308236,3.70537429008143,0.965933388615627,"interior_stable",1.92533079675707,1.93349803918695,0.00816724242988598,0.0112331502388782,0.605720278228228,"spline","selected"
8.39727147463386,3.14190424039388,1.069110698315,"interior_stable",2.13620771647594,2.13892547231891,0.00271775584297718,0.038649963691991,0.563750353566213,"spline","selected"
7.69339496897985,1.84654392709724,1.24604255769976,"interior_stable",2.67244336008156,2.6684318300262,0.00401153005536115,0.0276911822775333,0.709860101165024,"spline","selected"
2.85341507330255,3.39288052092641,0.97119639515776,"interior_stable",-1.74793428020842,-1.75467962747574,0.0067453472673209,0.0280142459149129,0.988217962241607,"spline","selected"
0.486291728423861,4.2659579017051,1.17458798523952,"interior_stable",-4.10930842126453,-4.1087096528029,0.000598768461633092,0.0234684856180307,1.44380977607715,"spline","selected"
-1.06250351201803,3.34771280849332,0.853683306417644,"interior_stable",0.808190594480541,0.810315458475379,0.00212486399483791,0.0539954903046329,9.79808036180677,"spline","selected"
-0.148008591854467,3.5133245233645,1.24195545499145,"interior_stable",-3.13584359147176,-3.13864503510309,0.0028014436313244,0.0328470616402269,3.91512001356509,"spline","selected"
7.290254282607,1.96503333450557,0.418668220507489,"interior_stable",3.9506601317037,3.93641553008507,0.0142446016186368,0.0329557665680945,0.683641695165747,"spline","selected"
-1.42575156111156,4.08186991388178,0.528948855967145,"interior_stable",1.71644408594458,1.72041940839463,0.00397532245004295,0.0801309642330888,13.2442327864495,"spline","selected"
5.37434196752469,4.00846816978038,0.783090157041663,"interior_stable",0.659059675748996,0.642611052684326,0.0164486230646707,0.0400604350902274,1.97602288627542,"spline","selected"
5.63947545490606,3.79149821015743,0.516421760842144,"interior_stable",1.77810047775441,1.771132321989,0.00696815576541354,0.0649265363923558,1.83647657625815,"spline","selected"
5.06123060412718,2.26434032057551,1.30680639685709,"interior_stable",-0.266556957117777,-0.276642308304863,0.0100853511870858,0.0317598041907726,2.23369047718445,"spline","selected"
5.39324111802993,3.36171813507891,1.18379802556114,"interior_stable",-0.899658618692794,-0.913448458995271,0.0137898403024763,0.00937843993167918,2.02196436142499,"spline","selected"
5.04382478623634,2.04430601348359,0.414237901727046,"interior_stable",2.17284758570134,2.14769207759451,0.0251555081068391,0.023196307363856,2.1626382138596,"spline","selected"
3.94350459731378,3.15727125931936,0.69920584188678,"interior_stable",0.103722618607596,0.12335908921933,0.0196364706117344,0.0175079658541806,2.22334988776897,"spline","selected"
3.36961847237546,3.61809106462084,0.807052590605466,"interior_stable",-0.933716313855666,-0.927131954229434,0.00658435962623261,0.0335742076758801,1.59862104719829,"spline","selected"
8.86174903472114,2.04463976804033,0.638394617721289,"interior_stable",4.59679544775146,4.59022256660344,0.00657288114802057,0.0310341154294891,0.099342798836846,"spline","selected"
7.20117883004918,4.6347717596557,0.805225903338226,"interior_stable",1.4831410022368,1.4718728710683,0.0112681311684999,0.0171111733977896,0.798741872687703,"spline","selected"
2.63848449927269,2.72730290569593,0.398193357541822,"interior_stable",-0.171957300918292,-0.190199580170208,0.018242279251916,0.0294367393225402,0.733039103712036,"spline","selected"
4.61062443387366,3.96097099161319,0.652448634545509,"interior_stable",0.330639208912602,0.322101969522689,0.0085372393899133,0.0633211201077093,2.23961474334614,"spline","selected"
0.387524841551909,2.84108356447001,1.34011518391981,"interior_stable",-3.61505843542868,-3.61359645868067,0.00146197674801085,0.0229986412673276,1.18175405063646,"spline","selected"
8.69683890059066,4.20230876462536,1.02632363010148,"interior_stable",1.38626032189825,1.37677612528714,0.00948419661110611,0.015928965369423,0.463663103492517,"spline","selected"
8.18852708103028,3.51506885474034,0.888419329712038,"interior_stable",2.53600533416561,2.54365155903943,0.00764622487382249,0.00972243652816228,0.630742652741292,"spline","selected"
3.42514369438901,2.34443724632446,1.01058658119205,"interior_stable",-0.518838130518628,-0.515856808659217,0.00298132185941169,0.0126136049516833,1.95431797391305,"spline","selected"
6.805245836412,2.87996912088768,0.684632562582461,"interior_stable",2.89131917096632,2.89582936140583,0.00451019043951062,0.0403596150147557,1.03712561748316,"spline","selected"
2.87864483374168,2.37423599774916,1.38538721534152,"interior_stable",-3.09549318340404,-3.09891298194972,0.00341979854567942,0.00485609829100477,1.16997568290433,"spline","selected"
2.10657851815555,3.90187398483572,0.521869218570897,"interior_stable",-0.809900921005234,-0.823615293974257,0.0137143729690232,0.0280248239267508,0.308626238089261,"spline","selected"
8.71803650306857,4.47946126039461,0.572799395104485,"interior_stable",3.31369549603017,3.30027333718037,0.0134221588497918,0.0236044651335306,0.353641861934795,"spline","selected"
5.62698029694228,3.16069331775955,0.919737951302409,"interior_stable",1.09440166883016,1.08731069057886,0.00709097825130134,0.0314496874901641,1.85026667420561,"spline","selected"
2.47085539958693,3.11709015705311,0.999299013140121,"interior_stable",-1.83389697009658,-1.84003041928105,0.00613344918446779,0.0267597540452043,0.601289921725293,"spline","selected"
2.03251554955856,3.23532663829924,1.14560432182023,"interior_stable",-2.98762521294521,-2.98899371146484,0.00136849851963028,0.0228516774466947,0.328359168835308,"spline","selected"
5.67013478915639,4.17271345703869,0.973186803675117,"interior_stable",-0.165006584110431,-0.168565807987165,0.00355922387673402,0.0384465941808763,1.86354735569604,"spline","selected"
6.8130742089203,3.98093546382017,1.17237798044901,"interior_stable",-0.60433991792581,-0.605455011066808,0.00111509314099822,0.0459147549924071,1.07965737790552,"spline","selected"
2.34614289981437,4.07792151079414,1.06045512790423,"interior_stable",-3.1801712325473,-3.18579970520054,0.0056284726532434,0.00807383474788554,0.566259368837111,"spline","selected"
-1.06577033156316,3.37074261077799,0.897763002897046,"interior_stable",0.656873863515457,0.658573136307491,0.00169927279203375,0.0100955649115561,10.2022258849242,"spline","selected"
2.91904906980434,3.23046824334974,0.807937245674673,"interior_stable",-0.939748761422912,-0.946536248617742,0.00678748719482969,0.0331887418345698,1.0670131621396,"spline","selected"
5.63905507929773,2.77006383436089,1.05386070330877,"interior_stable",0.940877109137178,0.935163200093466,0.00571390904371183,0.0222519303381489,1.81833784712494,"spline","selected"
1.0124031001278,2.35820342275157,1.2796411786058,"interior_stable",-2.73183584966274,-2.73229465762539,0.000458807962653296,0.0144236807188697,0.612565441713996,"spline","selected"
8.19273792800618,2.88217435906683,1.02414312775954,"interior_stable",2.55356652802369,2.56078778254776,0.00722125452406841,0.00504834039404642,0.59530940588845,"spline","selected"
8.74211039627712,3.81698098490792,0.834782839292098,"interior_stable",2.85257645559408,2.84205616586333,0.010520289730751,0.00690886046512947,0.307725598320353,"spline","selected"
7.88396741046055,3.49550650206107,1.29068497154695,"interior_stable",-0.423377346094068,-0.419409544494631,0.00396780159943677,0.04231956226265,0.596940697588504,"spline","selected"
7.8139589960074,2.35797603589273,0.95735423272233,"interior_stable",3.17359033312254,3.17300825546056,0.000582077661984481,0.0297052442934424,0.610443257195889,"spline","selected"
8.87751148528473,2.94398412325162,0.466726097543459,"interior_stable",4.35481122498322,4.34592239578914,0.00888882919408385,0.0600536877176266,0.200507118714295,"spline","selected"
2.52439105955223,4.0398883656111,0.376069525320981,"interior_stable",-0.523749485183994,-0.545983958849471,0.022234473665477,0.0373007037373507,0.641136471786334,"spline","selected"
6.72266611697422,4.91609168893573,0.934861420197989,"interior_stable",0.173485916792107,0.176176577879973,0.00269066108786575,0.0439413519484605,1.19969680694711,"spline","selected"
8.10629868846402,4.79418049096071,0.671590730290206,"interior_stable",2.42305918753221,2.43358428264416,0.0105250951119533,0.00727520159010355,0.669458904080655,"spline","selected"
5.28985404158867,2.11873377154934,0.500912752436719,"interior_stable",2.35062458920175,2.32856223903674,0.0220623501650108,0.0223168117878604,18.185081725779,"spline","selected"
7.05382604406504,3.51636603461729,1.24097228097329,"interior_stable",-0.388903054147113,-0.396634500975569,0.0077314468284555,0.0276917476045717,1.11982000268397,"spline","selected"
1.47858181659215,4.576900180402,1.01674535614568,"interior_stable",-3.42568226594787,-3.42271315617515,0.00296910977272002,0.00956980627474722,0.244938408955086,"spline","selected"
1.70483735913195,5.14251889338471,0.739535197156135,"interior_stable",-2.05392389021998,-2.05456416714933,0.000640276929342765,0.0257241517528762,0.309327015518411,"spline","selected"
5.49358070968599,3.89583031903588,1.04978823833881,"interior_stable",-0.5259611225351,-0.536058258043749,0.0100971355086498,0.042842759707348,1.93024936327637,"spline","selected"
4.73969272260563,4.77787184918301,0.516917563878347,"interior_stable",0.327310378911957,0.308363641237615,0.018946737674342,0.0390630269510432,2.0752296060066,"spline","selected"
2.2811394507102,2.09780762372318,1.30835398955805,"interior_stable",-2.39158267192288,-2.39132551217042,0.00025715975246321,0.0262921351712759,0.392643666984977,"spline","selected"
1.12618184514866,4.79509084445179,0.681299479472635,"interior_stable",-1.54244297543709,-1.53335067669413,0.00909229874295403,0.0138928637084403,0.343512296593701,"spline","selected"
4.20868244589073,4.02578203853854,1.34517370681466,"interior_stable",-4.93386224694806,-4.92298831077437,0.0108739361736943,0.0219047510986608,2.1671013513784,"spline","selected"
5.45774205494277,4.25843540613502,1.09156783144345,"interior_stable",-1.33482208785658,-1.34572024221328,0.0108981543567028,0.0249963938426222,1.99364214971577,"spline","selected"
6.3260529520105,2.18522355493511,1.32779861008907,"interior_stable",0.801640552901913,0.81233228618805,0.0106917332861369,0.0106843376295307,1.31310094574586,"spline","selected"
8.79588407173465,4.62385575122006,0.58821623100659,"interior_stable",3.2439168497118,3.23044524472645,0.0134716049853516,0.0269220751326349,0.323282458512437,"spline","selected"
2.85790804072829,4.8173729582129,0.871428689265668,"interior_stable",-2.34928091582564,-2.35681044575976,0.0075295299341156,0.0278125211276936,0.942958944841484,"spline","selected"
2.17755880867005,3.65049913531702,0.571693541808188,"interior_stable",-0.820715970819519,-0.834370752766805,0.0136547819472862,0.0433649102683324,0.366582623971563,"spline","selected"
3.62975636926757,3.36892627865718,1.17742499888906,"interior_stable",-2.5065582008162,-2.50070942794694,0.00584877286925956,0.0419548452266531,1.85504996870332,"spline","selected"
-0.2853947735291,3.72816504205139,0.467304280171553,"interior_stable",0.275440094403153,0.267184386921962,0.00825570748119164,0.023739643339268,4.42176943245334,"spline","selected"
1.59046489106386,3.59920155782581,0.433125775809471,"interior_stable",-0.587539077196013,-0.585163383969777,0.0023756932262361,0.033489886871552,0.376294542015992,"spline","selected"
0.833984707227713,3.79226224748797,1.10475069120674,"interior_stable",-3.17643489768652,-3.17350609481739,0.00292880286913766,0.0244166966968508,0.489729598293723,"spline","selected"
-1.21576136568363,3.68028031302227,0.563052229225743,"interior_stable",1.44806548363659,1.45286794904376,0.00480246540716989,0.0632153752449655,11.293416721427,"spline","selected"
1.66027767276772,4.84264127343631,1.09314144651976,"interior_stable",-4.37214547853164,-4.3712837053002,0.000861773231437546,0.019072516223282,12.8822389741127,"spline","selected"
3.4355290407899,2.98322367206924,1.31052191054641,"interior_stable",-3.17070153294163,-3.16989900603222,0.000802526909405188,0.0186892507504733,1.78119925611512,"spline","selected"
5.96358036765985,2.26622045651209,0.643955614969749,"interior_stable",2.74112802899916,2.75026007041684,0.00913204141768142,0.0470919872683485,1.57035023266913,"spline","selected"
2.28103492287225,4.10696861282025,1.2671610783506,"interior_stable",-5.23745130508641,-5.24208648078262,0.00463517569621441,0.0402059354563509,0.572447573971754,"spline","selected"
8.50758778953473,4.89012614890404,0.588433871717262,"interior_stable",2.90835811690926,2.90432393806568,0.00403417884358648,0.0637408747039398,0.6557232795448,"spline","selected"
-1.48469919331176,3.82467678489405,0.83659074828881,"interior_stable",1.45415790886034,1.45616736483536,0.0020094559750139,0.0288475534517991,14.0586977843964,"spline","selected"
-0.435380862749848,3.62411343934757,0.610698859994069,"interior_stable",0.272745534610366,0.266384239400416,0.00636129520995066,0.0205737202161791,5.39555758545672,"spline","selected"
8.89926441453816,4.63462986219036,1.37698177476725,"interior_stable",-3.23574159725447,-3.23898577175742,0.00324417450295211,0.0755462518245297,0.698882456421042,"spline","selected"
1.28279624845557,4.72495704629347,0.716895436409176,"interior_stable",-1.70391608986064,-1.69654208156515,0.00737400829549273,0.0145154317722368,0.2126013388935,"spline","selected"
5.13997142076049,4.28850161098908,0.788842147722158,"interior_stable",0.179332740146617,0.159388156084539,0.0199445840620775,0.0248322747047203,2.06937186018777,"spline","selected"
3.33849049369245,3.41645227757815,0.864683583101023,"interior_stable",-1.01378794928711,-1.00998812007842,0.0037998292086856,0.0462154068309091,1.55257157205268,"spline","selected"
2.76586264000426,3.96543978281564,0.551593249668125,"interior_stable",-0.725572205053778,-0.739050408773705,0.0134782037199276,0.0369057648894875,0.863961225566474,"spline","selected"
-0.0261481781813251,2.14625990243265,0.910825865644373,"interior_stable",-0.157061322111218,-0.1588837642994,0.00182244218818259,0.0354276648341397,2.65004099908353,"spline","selected"
4.73623812498999,5.11416487752126,1.05193698556056,"interior_stable",-2.76543701524476,-2.77412007503335,0.00868305978859318,0.0223532034459299,2.11966511744118,"spline","selected"
3.29242588733793,3.45226257433439,1.2929603203743,"interior_stable",-3.92932227479623,-3.93087342630192,0.00155115150568941,0.0338533749686546,1.47677548738325,"spline","selected"
8.31546838532887,4.21845506897177,0.55597960457886,"interior_stable",3.22185049245512,3.2289804708042,0.00712997834907947,0.0438578215076637,0.679530565984505,"spline","selected"
-0.636225686651656,4.8923849569135,0.689136431943281,"interior_stable",-0.0978133434405812,-0.100978908192531,0.00316556475194975,0.0172362680362442,7.49182532687793,"spline","selected"
4.3436458829388,3.50389002830457,0.787179797841161,"interior_stable",-0.00457495016009712,0.00281657965407333,0.00739152981417045,0.0410635491322899,2.3051204091493,"spline","selected"
5.71801478966605,1.95104180097021,0.428475493996577,"interior_stable",2.8605351754634,2.85736216925807,0.00317300620533922,0.0596045812656135,1.68119895916386,"spline","selected"
3.06187823589764,4.71485818598091,0.431654429101792,"interior_stable",-0.664266460333927,-0.66371177092102,0.000554689412906373,0.0772044797104296,1.08410765628477,"spline","selected"
3.82860508966186,3.48438990872825,1.00598511002404,"interior_stable",-1.36610902369163,-1.35227141655259,0.0138376071390403,0.0104188562124757,2.0548323176743,"spline","selected"
2.09448363097611,4.82620666901392,1.38591545149118,"interior_stable",-8.32515103960298,-8.32523860076243,8.75611594537418e-05,0.0111862763882341,0.802410545616866,"spline","selected"
0.330312235951255,2.38634703980675,0.745903446703208,"interior_stable",-0.287449745484351,-0.286383788381089,0.00106595710326224,0.0148277449099619,1.21256564290166,"spline","selected"
6.37055713329203,5.08485771902732,0.534593289736661,"interior_stable",1.67274601583931,1.69358598066454,0.0208399648252289,0.0395063708381952,1.54090585199858,"spline","selected"
2.51738551145921,2.67907552870976,1.31315879197961,"interior_stable",-3.28438326757984,-3.2869186391404,0.00253537156055428,0.0305251199028305,0.600699476131338,"spline","selected"
8.64705323871552,3.50663884635592,0.815828262750985,"interior_stable",3.10800900931623,3.10020564409316,0.00780336522307179,0.035595639911925,0.391102513164058,"spline","selected"
3.26552204304697,4.90117037864505,1.24910693970481,"interior_stable",-5.80673002465874,-5.80794033010315,0.0012103054444097,0.0365081197555942,1.43743651996125,"spline","selected"
8.49367822763748,1.96762454918101,0.530425900351036,"interior_stable",4.50299103095115,4.50382186849555,0.000830837544403273,0.0451780990254792,0.476174065341306,"spline","selected"
5.61435817800055,2.94837100725988,0.607299170864253,"interior_stable",2.07739325051342,2.0684703214257,0.00892292908771752,0.0473921393644841,1.82070803745633,"spline","selected"
1.59195735394752,4.35095227105475,0.77537272523826,"interior_stable",-1.82333844870391,-1.82127675077246,0.00206169793144095,0.0170901381909249,0.214379247285972,"spline","selected"
7.18400910586592,2.04120742934562,0.958814754429686,"interior_stable",3.16818736957484,3.16145489649087,0.0067324730839684,0.0223969837754678,0.788908626965962,"spline","selected"
-1.20052677515808,3.235341166784,0.513400522490803,"interior_stable",1.5415327155319,1.54669636606625,0.00516365053434864,0.0700718023512285,11.8046286276036,"spline","selected"
-0.884278884286774,4.18415111990024,0.648962214392851,"interior_stable",0.644165150328602,0.644831287770231,0.000666137441628911,0.0921250890164806,8.51181657630864,"spline","selected"
6.20553531390772,2.77478355363273,1.07399721061527,"interior_stable",1.29186600717102,1.30498234319128,0.0131163360202591,0.0173801223058499,1.47272721689758,"spline","selected"
6.39865358293006,3.508761842499,1.03432751260074,"interior_stable",0.776614789043867,0.790883998549153,0.0142692095052864,0.024318642480188,1.3883434584956,"spline","selected"
7.116405664459,2.62479041038873,1.11474660317278,"interior_stable",1.87282193397378,1.86663899368744,0.00618294028633692,0.0207784740016583,0.839437865904602,"spline","selected"
7.15305776629396,3.13057898699534,1.03587661471345,"interior_stable",1.68681620263484,1.6792556939156,0.00756050871924274,0.019761927481702,0.841796908286599,"spline","selected"
7.37357285432634,2.50487444263637,0.898972051445023,"interior_stable",2.99227797100744,2.98213214445968,0.0101458265477579,0.00731974033880225,0.716043281567741,"spline","selected"
5.43084066462296,3.69928260430323,0.976098614789214,"interior_stable",0.0976715440810501,0.0845648168687651,0.0131067272122849,0.0349346337438575,1.9621816111338,"spline","selected"
5.9185946758438,2.66441373426947,0.986819043418103,"interior_stable",1.58186336190143,1.58740984005996,0.00554647815852505,0.0411297231581824,1.60743693651875,"spline","selected"
2.755560400934,2.93439474860227,1.30590977023859,"interior_stable",-3.51770749144227,-3.5222312700272,0.00452377858493458,0.0314373593248611,0.941970964142708,"spline","selected"
1.50591084834454,2.36347892596892,0.575640889744037,"interior_stable",-0.467382923550155,-0.463890304882517,0.00349261866763728,0.0237680859520289,0.788012939175822,"spline","selected"
4.2587797522483,1.83814550586932,0.549477439671202,"interior_stable",1.37562181167739,1.38600051810315,0.0103787064257594,0.047152028859781,2.71170941245924,"spline","selected"
-0.541071873177669,2.87095237212158,0.722412773228883,"interior_stable",0.49253720315594,0.489597931457644,0.00293927169829583,0.0122119627308395,5.7984042574114,"spline","selected"
4.1669015886735,4.595239686884,0.396023337307057,"interior_stable",0.0903782813256533,0.107009905824984,0.0166316244993309,0.0610618354179896,2.0074274130685,"spline","selected"
6.05101013935737,2.07760623444866,1.25497679844395,"interior_stable",1.24269248866621,1.24873204404472,0.00603955537851553,0.0227208488030801,1.51702626948636,"spline","selected"
8.50417786848445,2.80769488802119,1.22362411694592,"interior_stable",1.66246127139501,1.65961505322369,0.00284621817131248,0.0381624046328391,0.67030093515595,"spline","selected"
7.53002714587016,2.95709970190659,0.380062241332428,"interior_stable",3.67114789597538,3.65623726974588,0.0149106262294958,0.0372790336051241,0.578899889685041,"spline","selected"
1.87066305117834,2.011413288998,1.00238564813121,"interior_stable",-1.08998306992041,-1.08926041320195,0.000722656718453729,0.015287944703029,0.693127236445729,"spline","selected"
3.92400616536881,4.64049433035707,0.353614808030625,"interior_stable",-0.0696776542095623,-0.0405798639221626,0.0290977902873996,0.0479471257782461,1.93330216844481,"spline","selected"
4.08932746532428,4.86389876617528,0.885870499732534,"interior_stable",-1.80247253588191,-1.78816363655282,0.0143088993290816,0.0278689013571183,1.90676215578063,"spline","selected"
0.91000966026327,2.78599368230502,1.12031446899963,"interior_stable",-2.24970806793419,-2.24832884291137,0.00137922502282128,0.0206434662071725,0.368247531655062,"spline","selected"
-0.617684473464372,2.82539918484622,0.521695305990891,"interior_stable",0.811938397853659,0.807954681733619,0.00398371612003978,0.0118134547146619,6.42776752920581,"spline","selected"
-1.04028652597679,3.56282837360579,0.929675462330827,"interior_stable",0.357417944021187,0.358928516939259,0.001510572918072,0.0221044987217769,10.1243011810707,"spline","selected"
1.60914171326,1.88983356743732,0.678066402318557,"interior_stable",-0.423749686260999,-0.422034021069775,0.00171566519122429,0.014131891334546,0.912840350865677,"spline","selected"
7.11274778884052,5.09350502639796,1.07179553072489,"interior_stable",-0.927371979803556,-0.936129567579084,0.00875758777552793,0.0126457750626609,0.925985450473648,"spline","selected"
0.617881891376555,3.84236174246972,1.17937834961904,"interior_stable",-3.73882897094182,-3.73806993773314,0.000759033208680648,0.0245353589759659,0.99874459686613,"spline","selected"
7.44121350197677,4.84107158462643,0.839037009381107,"interior_stable",1.27006373103029,1.26016516769753,0.00989856333275885,0.0176732610115757,0.657072394391111,"spline","selected"
7.56424159692841,3.82416766816571,0.413179524032845,"interior_stable",3.28004802060719,3.26759636784214,0.0124516527650567,0.0401495651816035,0.583082097740154,"spline","selected"
4.31471119765093,4.67362346660336,1.22682520713729,"interior_stable",-4.44977825833279,-4.44538640845548,0.00439184987731611,0.0354649694082491,2.22906990659515,"spline","selected"
2.95108378590452,3.92700154957943,0.637809834400085,"interior_stable",-0.832854360147379,-0.839632996924666,0.00677863677728663,0.0315153321311474,1.09272373547861,"spline","selected"
2.48405068340782,3.68966240106642,0.410340237742065,"interior_stable",-0.487657000319257,-0.508560940210972,0.0209039398917148,0.0402220595899129,0.542603325798652,"spline","selected"
2.86693482582264,2.59470045854856,0.983240094231182,"interior_stable",-1.07524047998606,-1.08152326365175,0.00628278366569801,0.0150869568573634,1.08052373053279,"spline","selected"
5.16191204677817,5.09316496342021,0.742548793471252,"interior_stable",-0.208512424753898,-0.228895485886007,0.0203830611321089,0.0212582700550068,2.10991441938467,"spline","selected"
7.36846860662596,4.6257319067999,1.12263324690026,"interior_stable",-0.696036621350517,-0.705403434195648,0.00936681284513052,0.0224573715659246,0.728590405006208,"spline","selected"
1.47276140106052,4.45719129834972,0.636612463701726,"interior_stable",-1.3214325830973,-1.31723298472365,0.00419959837364847,0.0213078006891841,0.128499592085848,"spline","selected"
5.81380899598823,2.12283119144949,1.36978760959817,"interior_stable",0.250769375153609,0.25132722161441,0.00055784646080087,0.0242243102549272,1.65089915657769,"spline","selected"
4.35252042819562,2.23060830091612,0.911118017912954,"interior_stable",0.748451344213285,0.755663808296569,0.00721246408328358,0.0219332041319922,2.60234941406361,"spline","selected"
6.89948361891539,4.64065261802802,1.38043472046334,"interior_stable",-4.43563576980192,-4.4375087934348,0.00187302363287767,0.0198324748578864,1.19128218599347,"spline","selected"
3.17847182628083,1.84586936073454,0.79351490608353,"interior_stable",0.173324548154718,0.172538224611817,0.00078632354290023,0.0204102735879227,1.70498552082256,"spline","selected"
1.26042281189738,1.8362544601755,0.839213440082672,"interior_stable",-0.614997726934871,-0.611870016911105,0.00312771002376577,0.0165472000876584,0.965472787059316,"spline","selected"
-1.35019690820008,2.88082927001375,1.2305074465534,"interior_stable",0.0163684545770479,0.0160932114051819,0.000275243171866071,0.0385371032868213,12.2611162586402,"spline","selected"
6.49757296341367,2.64822153345102,0.936608898660835,"interior_stable",2.2088450579917,2.22122393296713,0.0123788749754272,0.0282199330201573,1.25767223602132,"spline","selected"
-0.986447783326043,4.79288460539983,0.845675621408708,"interior_stable",-0.124004496578901,-0.122059790780194,0.00194470579870706,0.111717952297173,9.46083080735091,"spline","selected"
3.9112477475468,1.65608407485732,0.543175616904519,"transition",1.10363426459622,1.12373492396994,0.0201006593737163,0.0277379623924003,2.66914590730019,"spline","selected"
0.92283543170946,3.85890800265649,1.66523365424006,"transition",-11.8753619987178,-11.8730462736884,0.00231572502944211,0.0219645123029607,0.823913151393948,"spline","selected"
2.62736141916746,1.14499483075291,1.03843059588321,"transition",-0.0100962832310003,-0.0143353467263664,0.00423906349536605,0.0119110166253662,0.701093209726169,"spline","selected"
0.981449116870035,1.71169791759558,1.39021642113727,"transition",-2.32264381248073,-2.3229846925292,0.000340880048466108,0.00731384507971137,0.861186687056309,"spline","selected"
8.87669067135185,4.49496603448698,1.49318960469442,"transition",-5.15394438390391,-5.16139116065908,0.00744677675517025,0.0752893395206244,0.310728080874429,"spline","selected"
8.91083661817896,1.27195867945429,1.03606000458733,"transition",4.69737855693676,4.69550707410928,0.0018714828274824,0.0226517608592563,0.198473836709771,"spline","selected"
2.31563935331169,4.4209585078506,1.63912244715304,"transition",-13.0540232851208,-13.0548493038908,0.00082601877006816,0.0467071382138299,85.4173767156864,"spline","selected"
7.3824879590945,2.27340448051656,1.86478169316186,"transition",-5.99507407167384,-6.00457711277717,0.00950304110332745,0.00454882066296112,1.56720812649259,"spline","selected"
4.81472244743257,1.8194209239201,1.0960583343033,"transition",1.18774858835717,1.18199766051779,0.00575092783938014,0.0457031284689968,2.49863087465454,"spline","selected"
0.258825478803936,1.7034543966564,1.37793013977312,"transition",-1.7485361734866,-1.74736053113503,0.00117564235157097,0.00456621154788707,1.19474191977526,"spline","selected"
7.72895465450728,1.09650661072488,1.16296603938119,"transition",4.1113175245698,4.10761502252132,0.00370250204847267,0.00993705151123494,0.655936994969463,"spline","selected"
3.44466324625447,2.40279292535646,1.49149894128839,"transition",-3.7331181011193,-3.73466546632211,0.00154736520280974,0.0347267055674886,1.88466692520308,"spline","selected"
8.4511257615658,1.65897250370838,0.589447001640706,"transition",4.60314404856102,4.6057908532261,0.0026468046650816,0.0323849230681882,0.513319319681013,"spline","selected"
7.20939748991696,1.60618157526781,1.83501173240409,"transition",-2.05834838591553,-2.06441305366185,0.00606466774632253,0.0236386932372417,0.938148713962618,"spline","selected"
-0.866247200268607,2.90215645247993,1.43944782464703,"transition",-3.00296939360497,-3.00176941586493,0.00119997774004288,0.0196457077788902,8.20572735163072,"spline","selected"
2.07823485802492,1.05541896242412,0.979755581908728,"transition",-0.168716553747744,-0.169127843802101,0.000411290054356667,0.0158099100222395,0.697062793521651,"spline","selected"
3.26114289208496,1.47393056841646,1.38168716204186,"transition",-0.930367046939572,-0.93325461065975,0.00288756372017884,0.0163511960370942,1.86459328134994,"spline","selected"
6.19098957969701,1.53834854872092,1.26630199853188,"transition",2.22046471188464,2.22765136786027,0.00718665597562529,0.0149470832830341,1.35386002334868,"spline","selected"
1.34915689883408,1.57974228511591,0.894310974342717,"transition",-0.559636632309898,-0.557558164958993,0.002078467350905,0.0109851379153828,1.08764635453962,"spline","selected"
2.61401656629693,2.39956952068902,1.76422884427328,"transition",-8.38662133614064,-8.38818915693054,0.00156782078990503,0.0407572354286979,0.813676357239961,"spline","selected"
-1.47423689668259,1.15015563540639,1.02331077363678,"transition",2.8970186139951,2.89738616331189,0.000367549316790505,0.0405790096556831,13.1961177513998,"spline","selected"
-0.831547264523746,4.6754115319815,1.81770335956801,"transition",-18.1628048452958,-18.1676523191478,0.004847473852017,0.0847445577004108,8.63309316646475,"spline","selected"
5.61466246549714,1.65670028741245,0.380417118694,"transition",2.91489022127165,2.90569443785293,0.00919578341872107,0.0511327377779817,1.72744663286279,"spline","selected"
6.06118268999378,2.330854387912,1.82005045829964,"transition",-6.14211738854775,-6.1389517997884,0.00316558875935335,0.0464636071762936,1.53995036691764,"spline","selected"
8.6592770406873,1.92567676880067,1.72866530291589,"transition",-1.2363521340052,-1.23981504081772,0.00346290681251427,0.0260059784363963,0.560015844293947,"spline","selected"
2.96427341277984,1.67296591479348,1.09534318144839,"transition",-0.430907826725262,-0.435847020171917,0.00493919344665511,0.00439225459349008,1.32935695192588,"spline","selected"
6.24740377001122,5.16573887246335,1.81040231791655,"transition",-19.5115700655131,-19.5052244037753,0.0063456617377895,0.0951700298265268,1.69318515459449,"spline","selected"
7.82503467455518,3.00044641513186,1.80775434262362,"transition",-8.04430248639122,-8.04460084471484,0.000298358323625791,0.0577641093885734,0.670626257748379,"spline","selected"
3.49756130981462,1.27876096423426,0.540834073139314,"transition",0.87773183289939,0.892796634928416,0.0150648020290258,0.0527006344351609,2.37412170526276,"spline","selected"
-1.3528147607809,1.44382286630385,1.31316839883254,"transition",1.69335131558327,1.693492207644,0.000140892060728426,0.0464869772533981,11.5066862107734,"spline","selected"
-1.2270621640559,1.55073773601348,0.375370231274192,"transition",1.72525829730461,1.73139974206182,0.00614144475720613,0.0229879090439879,10.8320360276902,"spline","selected"
1.68849156069439,3.45674970756621,1.73990665832301,"transition",-12.5214358466206,-12.519093715148,0.00234213147263773,0.0422496841075527,0.825116033699473,"spline","selected"
3.73135051918726,3.57582973830442,1.612512263807,"transition",-8.81036235249154,-8.80466767955122,0.00569467294032222,0.049682805292008,1.85061350630292,"spline","selected"
6.68576937688149,4.62331548202085,1.42751750143977,"transition",-5.39429122340881,-5.38978473458418,0.00450648882462801,0.0410817104243934,1.30159027017939,"spline","selected"
8.42384543227122,1.36037091015337,1.25512398678919,"transition",3.80340015219252,3.80478929242041,0.0013891402278885,0.0187749310951003,0.514239925293156,"spline","selected"
-1.26238837738711,4.86605816876273,1.40477216223634,"transition",-5.6094583138426,-5.60517305788276,0.00428525595983587,0.119852728522148,13.4536355671174,"spline","selected"
5.31944494241832,4.52424552651841,1.70775011838924,"transition",-13.3936267524531,-13.4019272480733,0.00830049562019575,0.0199288676367321,2.38039713142078,"spline","selected"
8.30320233119697,4.09629753939316,1.70803817201316,"transition",-9.69503199318741,-9.68871819311234,0.00631380007507687,0.0410363243010143,1.16341679094552,"spline","selected"
6.46442963873842,4.93478740751493,1.52459319413548,"transition",-8.477168410145,-8.47033473405665,0.00683367608835361,0.0486360372704255,1.60685650406081,"spline","selected"
2.72732320274509,1.32851026209657,1.90162810883884,"transition",-5.40538578009114,-5.40797442690222,0.00258864681107429,0.039579490238151,1.10518524692682,"spline","selected"
6.54269553064538,1.42125998580026,1.18553716743431,"transition",2.91790589183738,2.92547643995323,0.0075705481158459,0.0222821499329882,1.13378602532619,"spline","selected"
6.54370924740783,4.80785324285058,1.65979817536656,"transition",-11.8700031335867,-11.8616497235226,0.00835341006414581,0.0355646973016685,1.56500387159298,"spline","selected"
3.83026801730744,3.17716728741092,1.41208674037414,"transition",-4.33403991232057,-4.32454202170125,0.00949789061931572,0.037882950615824,2.09676623904894,"spline","selected"
6.42377782753683,1.75105796930884,0.921341348402115,"transition",3.059391737003,3.07157372165015,0.0121819846471496,0.0109872109980363,1.23439764190384,"spline","selected"
7.09945983065082,1.56722595044721,0.491251220225331,"transition",4.00289411790288,3.99673472159246,0.00615939631042473,0.0444080043464158,0.805389911485065,"spline","selected"
4.01151221466999,1.78645480818253,0.499784717752807,"transition",1.14858068423667,1.16829990649284,0.0197192222561695,0.0266507427146664,2.68023772170167,"spline","selected"
6.3918111031919,1.21874280622829,0.407468995173613,"transition",3.71397103209785,3.73341678948287,0.0194457573850162,0.0210296430657212,1.26501563640681,"spline","selected"
6.65342535447021,1.16453000157719,1.58080013190227,"transition",1.87623470892331,1.88071259426947,0.00447788534616,0.0103423699077381,1.05433984809835,"spline","selected"
0.249825519852185,1.57623681938991,1.56931361714811,"transition",-2.76521038459689,-2.76546451253439,0.000254127937507675,0.0095963559347035,1.2533689123927,"spline","selected"
7.62829485164416,2.18968542647792,1.44050215629949,"transition",0.684359477533982,0.681311703097212,0.00304777443676951,0.0204467735215873,0.695435750542915,"spline","selected"
3.19212613821971,4.38337003877176,1.46532637191382,"transition",-8.41443106254588,-8.4160353149661,0.00160425242022022,0.0449822097270368,1.23306160109236,"spline","selected"
5.5895450654003,3.60479536903958,1.67429447710727,"transition",-8.6209416827554,-8.62501543634492,0.00407375358952677,0.0315653337518449,2.02023729958756,"spline","selected"
0.0621782070704002,2.46052184492294,1.40906583225228,"transition",-3.22903309671848,-3.22756265063214,0.00147044608633529,0.0208000851966724,2.23922490558192,"spline","selected"
1.5223173283642,1.69567647030685,1.3871411284086,"transition",-2.36413269818818,-2.36250163161607,0.00163106657211376,0.00164302052310577,1.05342847195176,"spline","selected"
5.05048720707232,2.14063920037192,1.44784663335608,"transition",-1.09082901134394,-1.09898026562532,0.00815125428138019,0.0255409814769494,2.28702647014461,"spline","selected"
2.96462350773814,1.58786603007072,1.34888980839038,"transition",-1.25627320137065,-1.26025856533598,0.00398536396532934,0.017736762303575,1.37420782244321,"spline","selected"
6.94002835714628,1.61457466946582,0.677622037151159,"transition",3.79512647280513,3.79592097799534,0.000794505190211403,0.0355013539271193,0.906194976278544,"spline","selected"
6.42398531375528,4.09524336583553,1.66551145954759,"transition",-9.53553850893664,-9.52387363820458,0.0116648707320568,0.0251163431749189,1.5836766714888,"spline","selected"
8.95342261200124,1.50539377012059,0.659244363233602,"transition",4.93831696119798,4.93704764421035,0.00126931698763588,0.062112257680189,0.147626268186297,"spline","selected"
-1.15659832113524,1.80597784433709,1.49331996935749,"transition",-0.471914667721365,-0.472165486987565,0.000250819266199409,0.0197784189769966,10.1749595362948,"spline","selected"
0.927218581461824,5.02799807089731,1.55877136778101,"transition",-12.5838184348096,-12.583690794807,0.000127640002606455,0.0122537466763866,1.85923787265249,"spline","selected"
2.9351353435446,1.09901862859895,1.31357177706621,"transition",-0.259789469799841,-0.263750066739661,0.00396059693982037,0.0155785759693956,1.33739188546669,"spline","selected"
5.90686908668617,3.74716591482038,1.71314123351338,"transition",-9.9198951603629,-9.91356317375156,0.00633198661134671,0.0286051191076302,1.94529401343131,"spline","selected"
0.888244453762542,1.83025862562496,1.69208485981041,"transition",-5.290533803322,-5.29141366995588,0.000879866633886728,0.00442753473097134,0.801432342005122,"spline","selected"
8.28794755946882,2.35991853034576,1.41817135055953,"transition",0.81205918489374,0.817334635840403,0.0052754509466626,0.0173340224191266,0.60719128986132,"spline","selected"
2.64916319131681,3.57411059069075,1.63037399945716,"transition",-9.91415756395587,-9.91658103522088,0.00242347126501663,0.0419143012291758,0.881799952343174,"spline","selected"
5.53253673072455,4.09381332191835,1.7659213857986,"transition",-13.339749171596,-13.3474226372458,0.00767346564979299,0.0676521042969831,2.03662306544519,"spline","selected"
6.64268252163162,4.58611588368974,1.41585645991773,"transition",-5.11851389180179,-5.11228722245984,0.00622666934195149,0.0393916398687264,1.35689279346739,"spline","selected"
3.33182852620055,2.86093767888149,1.76586280708256,"transition",-9.87782220787124,-9.88162086274579,0.00379865487455433,0.052929772409451,1.67837168379088,"spline","selected"
1.93600488960126,4.9576760319399,1.65899265750332,"transition",-15.5559306224748,-15.5542229065922,0.00170771588255825,0.0344038914161229,0.969642993328661,"spline","selected"
2.78552326564569,4.94922466186116,1.86723321600797,"transition",-23.8729967310077,-23.8841442060251,0.011147475017431,0.0134197658744368,3.29376118326434,"spline","selected"
3.76925107638768,4.16431560321556,1.72624825495607,"transition",-13.9317122432555,-13.9233433971718,0.00836884608369282,0.0500683184673208,1.99989384960894,"spline","selected"
2.94515649697213,1.21710966914384,1.38335061220073,"transition",-0.704082899192279,-0.707582240477574,0.00349934128529472,0.0037988570928432,1.33687236031415,"spline","selected"
-1.46870702049584,1.93897574339714,1.63403575587828,"transition",-1.42981669413663,-1.42958920006832,0.000227494068307132,0.0802495223439567,13.7225473293777,"spline","selected"
4.78423276734525,1.18676286314182,0.699178767452899,"transition",2.31932949141516,2.309256514647,0.0100729767681518,0.0359569802481646,2.49426872064893,"spline","selected"
-1.18955451572633,1.11927072876293,1.19504271979289,"transition",2.09380882337775,2.09362484914766,0.000183974230091977,0.00976352590507637,10.1553530148502,"spline","selected"
7.84765148050052,4.18006338606247,1.86923529799137,"transition",-16.1677391511389,-16.1692193234548,0.00148017231590458,0.0272937387076578,2.83218715443061,"spline","selected"
7.9027080975026,3.14773683770169,1.62644516336776,"transition",-4.44174662435843,-4.43685403063563,0.00489259372279793,0.0402338583063644,0.635417307192438,"spline","selected"
6.53785230318496,4.81778854203699,1.56049701700361,"transition",-9.00811984832554,-9.00359485602415,0.00452499230139125,0.0368784901093176,2.0637573441227,"spline","selected"
7.30047293390047,3.69324973989362,1.73670885581453,"transition",-9.42653648767124,-9.43344285692844,0.00690636925720156,0.0415211817499727,1.10861474879435,"spline","selected"
6.23820013145292,5.15280566330731,1.78332695082093,"transition",-18.2143139925475,-18.2052063514621,0.00910764108545337,0.0979525029627339,1.61160317890941,"spline","selected"
5.76675346819376,2.19062509628878,1.58267454999321,"transition",-1.97071535168277,-1.97331716767512,0.00260181599235842,0.0269397954385672,1.71209133313543,"spline","selected"
2.16106596414117,4.59293642404898,1.7334070144593,"transition",-16.7379183538309,-16.737620832764,0.000297521066912054,0.0489262467768731,1.10985224467531,"spline","selected"
1.5189217492478,2.55585816370174,1.45876552941611,"transition",-4.74386179580288,-4.74249661030208,0.00136518550079945,0.0224981735965904,0.747526147716187,"spline","selected"
4.9273303993621,1.52830993802977,1.15538812174057,"transition",1.53010406600556,1.52242164408952,0.00768242191603541,0.019371005147253,2.37172201422836,"spline","selected"
0.871949077533682,3.65145786798048,1.65086190064256,"transition",-10.7968939661839,-10.7951554239574,0.00173854222648018,0.0266636415787466,0.666903436730708,"spline","selected"
-0.679365617651329,1.23398138346156,1.54290064606893,"transition",-0.352384292576169,-0.352492991840513,0.000108699264343759,0.00465726880404115,6.02803245817739,"spline","selected"
6.68851987695176,1.80548716217624,1.33460170708335,"transition",1.7408618450638,1.74693647107651,0.00607462601271203,0.0241438429360986,1.07070696876482,"spline","selected"
0.506910245447603,1.73518350177639,1.6048910948715,"transition",-3.77091010352887,-3.7714459736819,0.000535870153031581,0.0192730736252741,0.528019294013178,"spline","selected"
7.94121559371542,1.51049224913301,1.31767670778292,"transition",3.06508647273101,3.06652628682028,0.00143981408927019,0.0218780519736499,0.61661137486124,"spline","selected"
-0.392718721906717,2.12263635122135,1.52942085934738,"transition",-3.02883608159463,-3.02934844464468,0.000512363050048759,0.0125177247971432,4.479149508967,"spline","selected"
6.70646202551604,3.31801979648139,1.42268499870692,"transition",-2.27723146823274,-2.27194871518398,0.00528275304876225,0.0419075451487857,1.19772691679891,"spline","selected"
3.0149586595839,1.27347161439198,0.643434253730306,"transition",0.467396688938462,0.462996021893514,0.00440066704494774,0.04042753759501,1.4285185379134,"spline","selected"
-1.43495917874961,5.04280643232516,1.66648619664086,"transition",-12.4164170120374,-12.4124295242309,0.00398748780644453,0.067937848910138,14.8228806545531,"spline","selected"
1.88933928451996,2.95658618839997,1.7939835141397,"transition",-11.8106861371734,-11.8101853670511,0.000500770122281224,0.0540697750616832,0.426234130462913,"spline","selected"
2.03604383283242,3.97669381595519,1.91067173688102,"transition",-20.9386925191034,-20.9408930154252,0.00220049632185138,0.114588980418149,1.36497435080205,"spline","selected"
0.51717498754283,1.50070870028645,0.927249810383128,"transition",-0.238686476530823,-0.237728712195616,0.000957764335207084,0.0159370322448734,0.509833693980627,"spline","selected"
1.71571689738218,3.58731878904484,1.73552992341594,"transition",-12.9167404104969,-12.9142075992192,0.00253281127764282,0.0402489662050005,0.857404004232809,"spline","selected"
0.754020462778202,1.80449742802514,1.39523440860683,"transition",-2.42596188678852,-2.4257682758707,0.00019361091781267,0.00578295903621693,0.568624716357258,"spline","selected"
5.49893588825694,3.02721731807008,1.42046025438165,"transition",-2.50504447362365,-2.51288002972939,0.00783555610574727,0.0102758719522475,1.96987331552983,"spline","selected"
4.31503834945716,4.46520274099092,1.50130604820155,"transition",-8.5776664474727,-8.57198337914325,0.00568306832944998,0.0493353293482705,2.11918145483337,"spline","selected"
6.80942872881278,4.40829776014083,1.45079351211352,"transition",-5.24608276621006,-5.24607904001975,3.72619031541177e-06,0.0458949899341836,1.13308474076874,"spline","selected"
1.87573465317801,1.24176044218546,0.518993148222773,"transition",-0.0565363953769658,-0.0613768101680429,0.00484041479107714,0.0291880762128673,0.922370143177952,"spline","selected"
4.88607010432892,4.82297614865212,1.4874225686029,"transition",-8.69267768813841,-8.70192298067911,0.00924529254070272,0.0457669185192994,2.19307766716086,"spline","selected"
5.19934668207415,1.63179192720965,0.519898659378094,"transition",2.51567349898578,2.49378110768072,0.0218923913050619,0.0183600161510362,2.08825056876645,"spline","selected"
5.05767629545432,1.51338255066337,1.84164951837092,"transition",-3.24906365170596,-3.2565264234677,0.0074627717617366,0.0169799423848743,2.32704843060118,"spline","selected"
8.6777997505378,1.24626443927194,0.749954093148334,"transition",4.89369763255248,4.89127510469978,0.00242252785269681,0.0206586517810202,0.317555822414636,"spline","selected"
4.72100090309777,1.69404737202428,0.660318776053143,"transition",1.91926303326306,1.9097352225614,0.00952781070166298,0.0504889006940198,2.52012025477795,"spline","selected"
3.45724972101868,2.13772699774741,1.87700843337124,"transition",-8.78636485195501,-8.79254272301794,0.00617787106293122,0.0170258324556473,2.58038447955237,"spline","selected"
4.88624806405096,1.36626321281234,1.59691536760142,"transition",-0.272067097484662,-0.275003830973583,0.00293673348892065,0.0198220716286046,2.40464312182283,"spline","selected"
3.3650473129529,3.76151579248251,1.42862910452814,"transition",-6.22382968767093,-6.22266501834823,0.00116466932269965,0.0303041038979263,1.56189115663429,"spline","selected"
3.53126131636995,3.50375946554125,1.86965813882066,"transition",-15.8751929576024,-15.8800930624644,0.00490010486207737,0.0204878588328798,2.89989634917736,"spline","selected"
0.853315938980836,3.89463961278863,1.87486077181543,"transition",-18.8491796499643,-18.8548147537245,0.00563510376018073,0.0285446613593955,2.875868995876,"spline","selected"
8.89047720453819,2.2246652703212,1.58158947972341,"transition",-0.225834727653801,-0.230422549838848,0.00458782218504644,0.0428093011667719,0.441484799030544,"spline","selected"
-0.687073127152181,1.17534828854107,1.80327750191265,"transition",-2.10518692041776,-2.10562460251267,0.000437682094918568,0.0345652834471217,5.90635511258539,"spline","selected"
8.67901233998135,2.29250464303492,1.91890820662796,"transition",-6.74978557532318,-6.75673249599616,0.00694692067298064,0.0721016359720105,0.62474892378628,"spline","selected"
8.8229007223205,1.61108354836594,1.90236100933658,"transition",-2.3480380443237,-2.35361343272793,0.00557538840423222,0.0416508810631698,0.767033430433501,"spline","selected"
5.69354594261067,1.39712270556593,0.810380944809638,"transition",2.96919620980929,2.96487145815478,0.00432475165450796,0.0433712953079593,1.64231109133772,"spline","selected"
7.20791330302641,2.24644608073703,1.69072383069321,"transition",-2.67525520153849,-2.67966995266072,0.004414751122229,0.00275855648955326,0.958728405412141,"spline","selected"
4.2223325964267,1.68713978860521,1.04307251285671,"transition",0.874120006024688,0.88366346438243,0.0095434583577424,0.0376381224529742,2.80829307828054,"spline","selected"
2.15213383679594,2.10195865241707,1.6368968850471,"transition",-5.49356893592008,-5.49030448989794,0.00326444602213893,0.0240583134142466,0.482200885488446,"spline","selected"
2.65552493169815,5.00463285445779,1.59379342922795,"transition",-13.4545088300316,-13.4598767185659,0.00536788853429648,0.0569357890950151,0.922838213486776,"spline","selected"
7.86192945344204,4.44194342590587,1.55666665505326,"transition",-7.03216125669312,-7.02871743057602,0.00344382611709992,0.0227772771304848,1.63243219107755,"spline","selected"
-0.00690563186195758,4.57616684137499,1.42986139723767,"transition",-7.7351391638462,-7.73422186273645,0.000917301109749857,0.0226978859410258,3.50720454162471,"spline","selected"
3.93509427392113,1.7635125518293,0.739262433449439,"transition",0.971691914080314,0.987608452478597,0.015916538398283,0.0212386216281533,2.63380957099901,"spline","selected"
6.49700034550398,4.9899478475608,1.43406938682811,"transition",-6.51675042061244,-6.50689282819245,0.0098575924199924,0.0387756689535849,1.44844887870862,"spline","selected"
7.74560996868118,1.2078672625206,0.709455741237252,"transition",4.47018164639988,4.46513378593487,0.00504786046500527,0.0262240053626779,0.628873218799217,"spline","selected"
-1.35060525540759,2.73162991023526,1.58927159158425,"transition",-3.52118340506882,-3.52152869935985,0.000345294291035358,0.045137426702341,12.1853983475211,"spline","selected"
-0.216233319135313,2.37752105106828,1.82658253527681,"transition",-8.7819501679404,-8.78415766344182,0.00220749550142507,0.0370256127357353,3.5846804404285,"spline","selected"
0.667042717003829,2.33336249605052,1.51691231113744,"transition",-4.59463346598778,-4.59572149718338,0.00108803119560275,0.0196193025572968,0.504138288485414,"spline","selected"
0.710965721042525,3.01243305795193,1.5830513846929,"transition",-7.36391090508241,-7.36473028825122,0.000819383168809473,0.0247027972391114,0.677898439490947,"spline","selected"
4.54216107268015,3.69051902887352,1.42003377323503,"transition",-4.97374948509941,-4.97057961711492,0.00316986798449115,0.0276858606006571,2.34596698477289,"spline","selected"
3.94814103828247,1.25336096604924,1.67191590185615,"transition",-1.43268295918098,-1.4283646047464,0.00431835443458084,0.0173260930339535,2.76851408004668,"spline","selected"
6.08901924043289,3.22953909122672,1.64175560644216,"transition",-6.1150881569192,-6.10527369286011,0.00981446405909114,0.0370832967564204,1.60504700672463,"spline","selected"
0.793859506904157,3.93539712526016,1.45302693494749,"transition",-7.50938381584803,-7.50710083899482,0.00228297685320555,0.0337100279108466,0.63687797442364,"spline","selected"
0.689070175657755,4.84346275623972,1.41807651381541,"transition",-8.71644318145671,-8.71173326243557,0.0047099190211366,0.0227799400589755,1.26797271122927,"spline","selected"
-1.29516414596588,1.77264348167636,0.657096561403326,"transition",2.17699524088198,2.18023485952491,0.00323961864293087,0.0115888616973968,11.4500319548835,"spline","selected"
1.33290359736983,4.63913304835069,1.64039881137345,"transition",-13.9065079621723,-13.9041747628469,0.00233319932534215,0.041003210095256,0.58210771804657,"spline","selected"
6.45662585029063,1.50101229593949,1.4327956094053,"transition",1.69492054005814,1.70301037722415,0.00808983716601319,0.013267963119597,1.17163127551134,"spline","selected"
-1.05675946525163,3.53246064790073,1.88288877713994,"transition",-14.6607313946896,-14.6655537754072,0.00482238071758978,0.0758330927970167,10.032349927481,"spline","selected"
7.20691702522771,1.07358039755931,0.756573191925632,"transition",4.27186868534903,4.26632030380483,0.00554838154420256,0.0238422804871488,0.760779716847618,"spline","selected"
6.13851639808381,5.15850317444241,1.68546342750886,"transition",-14.3585037368816,-14.3440253183482,0.014478418533427,0.0027415347294624,2.09418169013323,"spline","selected"
3.6706032588575,5.05651524972949,1.69619725965559,"transition",-16.4878041862057,-16.4783906645338,0.00941352167190601,0.0243657479590653,1.91996944057979,"spline","selected"
6.66309965779891,1.64823296911938,1.41631478677846,"transition",1.58372515450308,1.59015670584512,0.00643155134203655,0.0148728636914313,1.07366378866617,"spline","selected"
3.30141838582314,4.20315985840939,1.85848356721194,"transition",-19.29012926049,-19.2986188348184,0.0084895743283937,0.0304026421222614,2.62953394773764,"spline","selected"
-0.999821640361765,1.75282393390532,1.28338840260541,"transition",0.553176754226805,0.552785000200633,0.000391754026171975,0.0866690904895041,9.21683590292342,"spline","selected"
4.64117707704639,4.33119239210666,1.8369644553084,"transition",-18.0114577411925,-18.0187049737868,0.00724723259435223,0.0542761910882496,2.61418845598776,"spline","selected"
7.26056479915267,4.76377767747949,1.47101252126501,"transition",-6.26977362762844,-6.27824129986429,0.00846767223585143,0.0400930904173246,0.802807044669464,"spline","selected"
6.87564382125115,2.83792293230534,1.42761670033025,"transition",-1.11924085216939,-1.11844773946275,0.00079311270663629,0.0331627885842053,1.04501397548397,"spline","selected"
6.16435176953288,1.55071700016908,1.24781988491378,"transition",2.25075285815585,2.25755414155753,0.00680128340167974,0.01259723525643,1.3920398632312,"spline","selected"
0.982902801588898,5.17882784519136,1.88429537889968,"transition",-26.1333745195175,-26.1389459287769,0.00557140925933908,0.0741130307023117,3.77830159357778,"spline","selected"
-0.703191883980603,1.5015035576812,1.07351112840501,"transition",0.955868618089795,0.95585458867055,1.40294192453316e-05,0.0309792921858234,6.15055584593599,"spline","selected"
0.247161110806404,4.86728639799982,1.81094817214997,"transition",-20.3971210173803,-20.4010941557218,0.00397313834148605,0.0864086563585047,2.56747509530635,"spline","selected"
1.84955944860788,1.62475785757496,1.78835560012434,"transition",-5.80939202577364,-5.80703735072248,0.00235467505116294,0.0302892772375484,0.805912428741733,"spline","selected"
2.70119035135197,3.77495431212792,1.5487916321889,"transition",-8.76785774164569,-8.77338420363715,0.00552646199146167,0.00760134836766196,1.39287347890717,"spline","selected"
1.50808945240628,3.25427511744612,1.7788222709854,"transition",-12.7527187869126,-12.7532918290147,0.000573042102017141,0.0599413359188951,0.545537366517431,"spline","selected"
2.01614941223351,3.267997856967,1.49382250069761,"transition",-6.78254418798701,-6.78175735159765,0.000786836389362833,0.0267268380765152,0.340085140041349,"spline","selected"
2.00322179359257,2.76284848742059,1.88515692374997,"transition",-13.3246921768381,-13.3256837529808,0.000991576142673978,0.0443344069478879,1.98278460932052,"spline","selected"
2.79321490564025,2.34843865549045,1.60039304203053,"transition",-5.41306697506519,-5.41680373242237,0.00373675735718049,0.0280519587395711,0.995738091791907,"spline","selected"
1.8498785116718,2.73185271645719,1.71392146398104,"transition",-9.06745394041572,-9.06366882122276,0.00378511919296187,0.0160430072746604,0.844891527551309,"spline","selected"
1.16589706967541,1.3567594566228,1.62549268120878,"transition",-3.12357920210108,-3.12554915438905,0.00196995228797503,0.0139950883317371,22.3712234359864,"spline","selected"
1.49414006521799,3.23195965830423,1.46758642497918,"transition",-6.37868547431099,-6.37741656577982,0.00126890853117079,0.0298538644900986,0.51033741245587,"spline","selected"
8.27913729544458,3.30925655954638,1.66481737221636,"transition",-5.60635163952848,-5.59994720471679,0.00640443481169584,0.0280114743787033,0.853017362339247,"spline","selected"
-1.33961383726122,2.99618740054059,1.6117514019316,"transition",-4.69834584597388,-4.6979953609713,0.000350485002575063,0.0463894623739918,185.187010423113,"spline","selected"
6.8900508198572,3.08878219351537,1.74053687547347,"transition",-7.2247956447304,-7.22555911443051,0.000763469700109987,0.0489889088423328,1.17813737436864,"spline","selected"
6.13528208133746,2.39307760510891,1.74361804463088,"transition",-4.85421438827882,-4.84631097726848,0.00790341101033398,0.0400291850797498,1.51909793692949,"spline","selected"
5.26616930237943,4.52418998660024,1.84326333182415,"transition",-18.6672281774945,-18.6842981749543,0.0170699974598492,0.0429603434505989,2.71353714158332,"spline","selected"
7.93237037538506,4.29148875366147,1.58883873915173,"transition",-7.32158819796012,-7.3158193669219,0.00576883103822201,0.0447498498448509,0.829938856757112,"spline","selected"
7.24859335707081,1.41153865057494,1.91582163836465,"transition",-2.18822332519203,-2.19279487261882,0.00457154742678956,0.0461322825741899,0.877156358693676,"spline","selected"
7.27938369051067,4.48786357431157,1.87340571740296,"transition",-18.3151424781871,-18.3300924390265,0.0149499608394876,0.0318464694954662,3.28361089393453,"spline","selected"
-0.587785749547151,4.56933535838311,1.60374355132086,"transition",-10.8192410718445,-10.8208092051409,0.0015681332964057,0.060412011311099,7.1056347147043,"spline","selected"
-0.296915515226441,1.60575663048238,1.86099035381561,"transition",-5.5414992731194,-5.54276124405639,0.00126197093698899,0.0208338828129813,3.90790795378856,"spline","selected"
6.26264395342285,1.25137261043477,0.738988368307382,"transition",3.55882012822072,3.57196880930846,0.0131486810877419,0.0166775136480914,1.31241568821103,"spline","selected"
5.23954353293525,3.06465055932395,1.75969498539975,"transition",-8.86696207827499,-8.87772270649094,0.0107606282159409,0.047675117871717,2.18229530617448,"spline","selected"
8.02535384847129,1.09264873061739,1.46418198648701,"transition",3.38869165550862,3.39001101027785,0.00131935476922651,0.0129185184496109,6.97259454263278,"spline","selected"
3.52598809452267,1.53071899019944,1.49543931884946,"transition",-1.45241609128406,-1.45383318589699,0.00141709461293749,0.0200154751673404,2.2903093162039,"spline","selected"
2.04676319279625,4.26037983171249,1.68055085045865,"transition",-13.791314433616,-13.7889539922772,0.00236044133871971,0.010828650681219,1.0300702026456,"spline","selected"
4.04022486977177,2.27845267236669,1.65338395962914,"transition",-4.85158390453672,-4.84303441161466,0.00854949292205731,0.0138270217264985,2.54516296566743,"spline","selected"
4.82875120679056,1.72818311358197,0.397022432964614,"transition",2.09453300310478,2.07459747429877,0.0199355288060032,0.0383079545393715,2.36252643810947,"spline","selected"
8.24730513051843,1.81621475934783,0.396598713471625,"transition",4.48257040754852,4.49254235479604,0.00997194724752237,0.0208873808092121,0.680965920228919,"spline","selected"
4.1578454027379,1.21792349928829,1.81842432894279,"transition",-2.39610012703924,-2.3918921015403,0.00420802549894317,0.0243044054327755,2.86486616829445,"spline","selected"
6.24890242202697,3.77204974511587,1.39830769219595,"transition",-3.28396955848467,-3.26983733038672,0.0141322280979495,0.00962829138981978,1.5760684091634,"spline","selected"
7.77146660048885,4.8945504962394,1.70847930161353,"transition",-13.1518733337692,-13.1457394337615,0.00613390000770586,0.0370240328891574,1.35387518825786,"spline","selected"
8.47210084109232,1.08717587646661,1.62164433490244,"transition",2.82771639356972,2.8287906013424,0.00107420777268485,0.0170648176309951,0.453737415910783,"spline","selected"
8.71257896236313,2.25333757348176,1.49025805287107,"transition",0.612434360200765,0.606321806513271,0.00611255368749353,0.0233966430539504,0.312064792090217,"spline","selected"
3.06645015417876,1.16495049479204,0.385043482248585,"transition",0.509317408104597,0.50937899393002,6.15858254227053e-05,0.0603680626459032,1.58812245799499,"spline","selected"
-1.20781530604021,4.48632327487787,1.74352737569454,"transition",-13.6168819515737,-13.6144991544528,0.00238279712090694,0.0615631998611666,11.8496238324315,"spline","selected"
7.35427632310521,1.09307142770061,1.09798758461298,"transition",4.03815795251365,4.03276871138378,0.00538924112986727,0.0120106469566283,3.60457453056159,"spline","selected"
8.1537960444039,4.19682021795769,1.87092746545143,"transition",-16.1686602607914,-16.1675623687617,0.00109789202965516,0.023170996490959,2.92458365605608,"spline","selected"
5.33228603886515,4.08946518824761,1.8920756711999,"transition",-18.3969578191634,-18.4123919869359,0.0154341677724794,0.0834146979532488,3.21516859260323,"spline","selected"
5.95592168380813,4.02026521416973,1.43029460327875,"transition",-4.57675146637681,-4.56797393739941,0.00877752897739636,0.036239269081911,1.76217748200047,"spline","selected"
1.59865695885257,3.34745660940395,1.5877967803894,"transition",-8.67222134162242,-8.67183404043946,0.0003873011829576,0.0319824760389081,0.635332376861843,"spline","selected"
3.4041763980903,1.35910767228456,0.763120504755901,"transition",0.713269001428684,0.719367062091504,0.00609806066282037,0.02876310563039,2.20489143186499,"spline","selected"
2.4993356345464,1.63025519536398,1.57864618868036,"transition",-3.22620969712583,-3.22647659489092,0.000266897765088814,0.0195166772056312,0.618246522149809,"spline","selected"
8.77872276644643,5.01863666025244,1.85595092091233,"transition",-19.4691502987315,-19.4876603183143,0.0185100195827168,0.0274344778232438,2.60798716480472,"spline","selected"
2.90160623538464,1.6164852674902,0.475001102830358,"transition",0.268142031773254,0.25947827294461,0.00866375882864467,0.044489774634003,1.14929043432988,"spline","selected"
1.48538407682703,3.21136527911806,1.50142890964167,"transition",-6.82984557618858,-6.82963929656834,0.00020627962023223,0.0292205017454409,0.538145317784021,"spline","selected"
4.71901306819189,1.29484025028286,1.35569044230135,"transition",1.05681416183829,1.05732606105947,0.000511899221177448,0.023278060895988,2.60423683426486,"spline","selected"
3.2129498427118,4.45995955427658,1.79435373937912,"transition",-17.9834347847474,-17.9888467406512,0.00541195590384547,0.0855743651943807,1.23719964777141,"spline","selected"
-1.34117220750293,2.35442065193931,1.69137622046413,"transition",-3.9372167136148,-3.93600584496371,0.00121086865108921,0.0502814202394454,11.8032234353336,"spline","selected"
0.684388900438803,0.681643359055861,0.421327815202343,"low_separation",0.221049948192907,0.228377902933115,0.00732795474020828,0.0209366517700229,0.800634463689809,"spline","selected"
5.11210448394954,0.349416976822609,0.636781859736039,"low_separation",3.2088521738314,3.19464662955897,0.0142055442724334,0.0236739539429257,2.16346744787993,"spline","selected"
6.69522827771729,0.121396364582597,1.27327139480672,"low_separation",5.00720844757354,5.01042906830895,0.0032206207354033,0.0087319656899947,1.07947809344156,"spline","selected"
-0.227939370149048,0.921247511979517,1.45671855375758,"low_separation",0.0508634494555058,0.0521033948262973,0.00123994537079154,0.00839002105548819,5.50902279656841,"spline","selected"
4.72048059222403,0.856714730832218,1.35708240534861,"low_separation",1.96725512289933,1.96819566480973,0.000940541910395387,0.0117263570897081,2.61451671833562,"spline","selected"
3.36499360892735,0.408931843131339,1.65003956640312,"low_separation",1.05281553720446,1.04927722659441,0.00353831061004928,0.0227839443777039,6.97878600811483,"spline","selected"
0.722107853917838,0.315064739899218,1.51296489257729,"low_separation",0.415473844238255,0.413488868702083,0.00198497553617211,0.011761197519301,1.05473699845424,"spline","selected"
7.18936870700539,0.551570673966959,1.34219153587731,"low_separation",4.47820781237407,4.47752130471574,0.000686507658331337,0.00929727330934537,0.788377336369948,"spline","selected"
7.16295990951155,0.119426885526886,1.34988124739979,"low_separation",5.32228798984842,5.32338429923556,0.00109630938714478,0.0116744091107108,0.876525782586947,"spline","selected"
5.98747243047498,0.214794362864588,0.434419933456732,"low_separation",3.89203994783217,3.89930260450557,0.00726265667340176,0.0434938849536835,1.42090619483195,"spline","selected"
7.23252152135367,0.360698424380048,0.406903540992469,"low_separation",4.61385384218533,4.60604957908588,0.00780426309944904,0.0367905375139602,0.709317756269597,"spline","selected"
5.79437421453626,0.44354636109025,0.839352767699888,"low_separation",3.83114102684615,3.83015716792553,0.000983858920621028,0.0137879128848277,11.4881405038909,"spline","selected"
8.10209178114665,0.818126554184692,0.656815848322938,"low_separation",4.89454853142942,4.89753096977696,0.00298243834754253,0.0221460443036447,0.646980388947152,"spline","selected"
0.221779593439731,0.491234707183365,0.819506683584302,"low_separation",0.677096824231507,0.676919743705214,0.000177080526293505,0.00219266043809183,0.873710591991259,"spline","selected"
3.42357351256321,0.897321241792105,0.996211165359341,"low_separation",0.973363236266165,0.975339497757638,0.00197626149147212,0.0163155796233732,2.34241654794356,"spline","selected"
7.01477957349297,0.765208736500631,1.43843648614547,"low_separation",3.75253214638792,3.75348956096374,0.000957414575825322,0.0109756086730755,0.856996324489437,"spline","selected"
6.73537326503122,0.807708254718953,1.10254460338597,"low_separation",4.04262521249089,4.0477739275684,0.00514871507751025,0.0100725494477038,0.974764137440858,"spline","selected"
5.77181039317915,0.211378408287456,0.359410440631436,"low_separation",3.67596358990682,3.67579001472676,0.000173575180067775,0.0453854480841811,1.56740056529842,"spline","selected"
-0.578874436607932,0.637410723620649,1.6078421945267,"low_separation",0.861420284659394,0.862169086343144,0.000748801683750244,0.0418991635159632,5.21482289771169,"spline","selected"
-0.655991135790214,0.063576203647931,1.6533850681871,"low_separation",2.75020433116913,2.75092705465585,0.000722723486714205,0.0500386755170592,213.90410348064,"spline","selected"
1.03242622362998,0.849526553570837,0.988549718655475,"low_separation",-0.0778913849879568,-0.0770058244259398,0.000885560562016968,0.00799190137401045,1.21833142429271,"spline","selected"
7.83460113127167,0.289944496625414,1.13196047777431,"low_separation",5.3104696181129,5.3073408795292,0.00312873858370555,0.00548681534940198,0.679169781149085,"spline","selected"
-0.772991060434695,0.384001535565343,0.896685869824331,"low_separation",2.03829813807695,2.03806064385796,0.000237494218989998,0.0129122398761937,6.43982835172492,"spline","selected"
-0.0983039529127592,0.578475641505749,1.31825965779474,"low_separation",0.812712293677357,0.813591126499125,0.000878832821767928,0.0156183188483141,2.17139545630671,"spline","selected"
8.81560845134979,0.0325999411812425,0.847505868140621,"low_separation",5.86363321576286,5.86535722007989,0.00172400431703146,0.0133188682600882,0.510925262540444,"spline","selected"
3.06168204385973,0.118910233029847,0.775349969114969,"low_separation",1.18028893347209,1.17854764604555,0.00174128742653679,0.0183247094853862,1.95367700728319,"spline","selected"
8.01085896271126,0.652256175787901,0.511594385433402,"low_separation",4.90822860422948,4.90976849959553,0.00153989536604637,0.0298465872493075,0.68521849278554,"spline","selected"
5.83922559824382,0.623073629612676,0.888321490704612,"low_separation",3.71686450481028,3.71680205868012,6.24461301597101e-05,0.0129607369843021,1.51689833384287,"spline","selected"
4.65612108141434,0.0355763750015151,1.03034992528829,"low_separation",3.31480504030686,3.31483611856558,3.10782587282787e-05,0.0318799521566299,5.93236515673245,"spline","selected"
3.25492044906071,0.719499816093463,0.849582243964261,"low_separation",0.995731342061001,0.996589359280929,0.000858017219928175,0.0232755153375513,2.08493961024467,"spline","selected"
6.34260232903771,0.721139513643539,0.87301986787457,"low_separation",3.98995564113798,3.99921594267578,0.00926030153780255,0.0177697985480211,1.19510470244935,"spline","selected"
4.80243765097272,0.746652330407463,1.75580105232602,"low_separation",0.965521424589008,0.966682500236788,0.00116107564777967,0.0102799289511993,2.56519403719272,"spline","selected"
5.12343593478691,0.870662883471261,1.28089712655901,"low_separation",2.49290009945114,2.48589859593337,0.00700150351776996,0.0179100904500839,2.16405009953697,"spline","selected"
-1.40730180269899,0.77064128786517,0.409920150773368,"low_separation",2.19207573587429,2.1965059130328,0.00443017715850846,0.018262699891214,11.9745225271231,"spline","selected"
6.747089410342,0.667943655438692,1.32303831266546,"low_separation",4.01944983011197,4.02358907476721,0.00413924465524484,0.0120867861327395,0.971126307149677,"spline","selected"
7.26443238089724,0.70029005800149,0.544491409940503,"low_separation",4.53021192968202,4.52228914173179,0.00792278795023371,0.0283291021185174,0.709930897162003,"spline","selected"
7.70708435841616,0.446046759342287,1.39350562658774,"low_separation",4.91694942749361,4.91426551556743,0.002683911926181,0.00323893530459457,0.691260221327655,"spline","selected"
6.72641840149534,0.141749204665685,1.82819960865027,"low_separation",5.0709766866778,5.07282364314059,0.0018469564627841,0.00370393880169362,1.02587235452615,"spline","selected"
1.66036145765062,0.867520864862275,0.354440328156556,"low_separation",0.0212347685711789,0.0207854375038377,0.000449331067341237,0.0326781303942724,1.22832645083801,"spline","selected"
2.94673840168427,0.244716966821343,1.26952623936848,"low_separation",1.23576811137851,1.23274778012409,0.00302033125442014,0.00726987305833261,1.46484025891192,"spline","selected"
1.37217375874703,0.201714536799114,0.853587452683618,"low_separation",0.333693802977562,0.335536577607829,0.001842774630267,0.0115883925054669,1.67888708316806,"spline","selected"
0.985722173000453,0.293721066166065,0.984384055425131,"low_separation",0.385006488541635,0.385572683292942,0.000566194751306648,0.0107470486010516,1.4332050457539,"spline","selected"
1.92838347851637,0.105565405795184,0.881534069869411,"low_separation",0.497123010192434,0.496828888694952,0.000294121497482036,0.0109239405933517,1.35043236957136,"spline","selected"
4.82340394449405,0.674258085340874,1.78759639426698,"low_separation",1.15101611047292,1.15171168749456,0.000695577021645244,0.0116914120344824,2.53777131526348,"spline","selected"
6.78992249885704,0.968641874207947,0.802254432225719,"low_separation",4.08972354148238,4.09561200279875,0.00588846131636789,0.0286086067013131,0.975018309674934,"spline","selected"
8.18678182955089,0.931262353767638,1.89537581659783,"low_separation",1.30769211562902,1.30817705926099,0.000484943631965162,0.019966156567108,0.762629858045117,"spline","selected"
0.521041716803443,0.383588225013216,0.719898166810582,"low_separation",0.474406680211589,0.476294599640055,0.00188791942846561,0.00850167504183311,0.66581272087388,"spline","selected"
2.74501208719513,0.887951012020927,1.77415778930481,"low_separation",-1.92799081972008,-1.92936665126547,0.001375831545396,0.0206409414134314,0.959208205709741,"spline","selected"
4.75592834857879,0.503392920547346,1.75759048405783,"low_separation",1.98069821475992,1.98310966701991,0.0024114522599934,0.0233780316810906,2.69754908664967,"spline","selected"
8.8713387327127,0.201767259175072,1.09944680683323,"low_separation",5.88608841555263,5.88688717254394,0.000798756991310157,0.0140665794693746,0.308658527528387,"spline","selected"
8.68605116451466,0.181051970412572,0.7144310984187,"low_separation",5.6029700690611,5.60471272827649,0.00174265921539796,0.0137812028516984,0.375705171324631,"spline","selected"
8.10043116210647,0.434196063542962,0.732017743169738,"low_separation",5.16356290880699,5.16472972127181,0.00116681246481232,0.015817608749329,0.660814138232218,"spline","selected"
3.51937691881343,0.881716311014305,0.913780754658521,"low_separation",1.12404198122901,1.12888546229673,0.00484348106772359,0.0236655838413868,2.51153506402581,"spline","selected"
8.84297409309969,0.473022684136997,1.54651217935919,"low_separation",5.18611182535902,5.18618082785618,6.90024971614633e-05,0.0077862922157003,0.333644680198528,"spline","selected"
7.40699284700346,0.260181203129352,1.83840620799944,"low_separation",4.84547293574003,4.84461839135907,0.000854544380959332,0.0111162954832882,0.766476674723371,"spline","selected"
2.04175794410722,0.189237110756826,1.68299007980608,"low_separation",0.650002547033367,0.654467512882243,0.00446496584887601,0.00288357365484286,0.984846306957444,"spline","selected"
-1.13671267915003,0.96960480517978,0.548270782121046,"low_separation",2.02847229382202,2.03197119195375,0.00349889813172899,0.0140883069948312,9.6432859243623,"spline","selected"
3.71364724845446,0.647177255194075,0.593444384213597,"low_separation",1.43192476158318,1.44796576674016,0.016041005156975,0.0362342122875068,2.87243578691983,"spline","selected"
3.36405269330941,0.995086840842913,0.381921454742373,"low_separation",0.807551849502765,0.823530473331787,0.0159786238290217,0.0650925320008188,2.25928233489222,"spline","selected"
1.37797980770652,0.886547860168305,0.375819976551987,"low_separation",0.0181148854439466,0.0260820757951115,0.00796719035116489,0.0225002769207811,1.29413619824582,"spline","selected"
4.08208677702452,0.0123613394066338,1.70989995078988,"low_separation",3.34942881405647,3.34911689830269,0.00031191575377898,0.00924990060505344,16.5928919972725,"spline","selected"
-0.525597360158214,0.684371479008618,0.858138924283207,"low_separation",1.44732275519169,1.44588614263755,0.00143661255414362,0.0327735866854416,4.56375025848724,"spline","selected"
0.996668458773564,0.217035531403834,1.88734993146349,"low_separation",0.263193580670771,0.259221478107859,0.00397210256291203,0.00627772843621265,1.5302061519111,"spline","selected"
6.35787237648998,0.123642141763714,1.31029550316843,"low_separation",4.81318261722142,4.81533485745625,0.00215224023482907,0.0103196330877099,1.23958356238531,"spline","selected"
7.45104305101128,0.979631356692834,1.00027399473959,"low_separation",4.3379039045669,4.33188492368464,0.00601898088226704,0.0104000570453363,0.6995872937904,"spline","selected"
2.43267573519643,0.109487260183394,1.02285499168614,"low_separation",0.850024133656565,0.848153970928472,0.00187016272809337,0.0160843011348052,0.467324163957168,"spline","selected"
6.97710231288545,0.496112290398979,0.866131551217452,"low_separation",4.58187653965183,4.58352539175972,0.00164885210788945,0.0222602833798935,0.863039332246735,"spline","selected"
2.00300473787212,0.0537343594389354,1.31028755623006,"low_separation",0.870609400279955,0.873500592154566,0.0028911918746114,0.00843858728369059,1.53342252810479,"spline","selected"
5.69896125579426,0.686236975658222,0.868136287700366,"low_separation",3.55045717574251,3.54684016314584,0.00361701259667591,0.0238581013080593,1.60577835754582,"spline","selected"
7.06048324405272,1.03490351094821,1.5978547009771,"low_separation",2.43199344697793,2.43132291483616,0.000670532141774594,0.0165536010809116,0.846307735345597,"spline","selected"
-0.554911686611402,0.5633536610854,0.353694261341214,"low_separation",1.05679682909814,1.05138553268323,0.00541129641490667,0.0140423223952925,4.90151045183343,"spline","selected"
7.75055375229129,0.444893156010511,1.88124543785906,"low_separation",3.92466625886987,3.9219783624204,0.00268789644946743,0.00722216034524811,0.767512132115962,"spline","selected"
6.16019533862837,0.442052748355424,0.432238751173264,"low_separation",3.91045223876767,3.9234544375859,0.0130021988182243,0.0282722613147864,1.33005893493266,"spline","selected"
-0.128210092947652,0.095350009550046,1.03002061489711,"low_separation",1.42331038503373,1.42312485462298,0.000185530410755419,0.0103961633134796,2.46489588981985,"spline","selected"
3.42630748774934,0.787534825350191,1.29009721128978,"low_separation",0.811405261258397,0.809906595099317,0.00149866615908079,0.0198959540318604,2.3270329947408,"spline","selected"
6.0789998412498,0.227364185783948,0.600155107060003,"low_separation",4.0664016047176,4.07394244540943,0.00754084069182248,0.0202405868008175,1.38732634136064,"spline","selected"
5.2412986939247,0.230384578863787,1.60290659103261,"low_separation",3.74614578218351,3.74383421114062,0.00231157104289581,0.0176236850448859,2.12812181671183,"spline","selected"
8.92990308960354,0.0231061498860491,1.07929169611223,"low_separation",6.11472019023233,6.11494897831751,0.000228788085178344,0.0252940792970752,0.546982548287064,"spline","selected"
-1.29416478345644,0.210945273878447,0.813785103239925,"low_separation",3.00342130793798,3.00497755231838,0.00155624438040203,0.0596654013155624,11.409934737116,"spline","selected"
3.83262278742554,0.0493917171750235,1.65728504572671,"low_separation",2.86549883420621,2.86327662426371,0.00222220994250577,0.00937658493799397,5.07486415111469,"spline","selected"
4.54784946407043,0.030709733200921,1.76852479521056,"low_separation",3.85387052006879,3.85810484370957,0.00423432364077536,0.018597710120988,6.59813632699283,"spline","selected"
-1.03805701433255,0.0241930612386484,1.29606039200358,"low_separation",3.26281325772525,3.26228212520065,0.000531132524602018,0.0638576143922478,21.6695151431818,"spline","selected"
0.113709640292319,0.0614573644145832,1.43411690285653,"low_separation",1.49595662777673,1.49669761951555,0.00074099173881681,0.00635261683348733,1.37676806516494,"spline","selected"
0.187506710272933,0.947488663406362,1.54505827441806,"low_separation",-0.848664041288298,-0.848577919992769,8.61212955286517e-05,0.0206140862352593,1.13805026251182,"spline","selected"
2.58403441475164,0.785761601381762,0.511896922883396,"low_separation",0.355730044287069,0.341860948014094,0.0138690962729752,0.0291268411181416,0.575622247012596,"spline","selected"
-0.0561634558734931,0.606321637704624,0.446888070929801,"low_separation",0.70265919112737,0.697685649072,0.00497354205536937,0.0221657498677248,2.0221442092127,"spline","selected"
6.01681118083996,0.772583946695126,0.776236258771402,"low_separation",3.72503099402271,3.73092311298248,0.00589211895977249,0.0193760846735958,69.3500491818025,"spline","selected"
6.40867238093949,0.675111365946782,1.61517244103056,"low_separation",3.13335601721538,3.13722701789728,0.00387100068190582,0.0109055901833047,1.11852239602701,"spline","selected"
6.92952760511358,0.62695824958387,0.562104362973543,"low_separation",4.38131923277633,4.38407834885094,0.00275911607461055,0.0329112110374197,0.886712693636292,"spline","selected"
5.83828122094969,0.306421718504639,1.82597581507418,"low_separation",3.66731945792985,3.66495259888557,0.00236685904428047,0.0111319579493992,1.46982401934679,"spline","selected"
8.52275936277068,0.749133092314071,1.08251029918151,"low_separation",5.0519740192627,5.05362976586903,0.00165574660633361,0.00780710275366391,0.445222322526009,"spline","selected"
1.6555085769181,0.36230611104643,1.74809767524519,"low_separation",-0.216307172929742,-0.214777689226592,0.00152948370315001,0.00679308785684977,1.42420505063503,"spline","selected"
7.93618452905265,0.799359327991281,1.29616525691111,"low_separation",4.44903845095452,4.44821937750546,0.000819073449058294,0.01238892185798,0.637368801524258,"spline","selected"
7.43627513632107,0.232904451519544,0.564507360594354,"low_separation",4.87671923136762,4.86861234418115,0.00810688718647157,0.0172965971483176,0.681912971379453,"spline","selected"
2.66129017722749,0.680225149059509,0.476355390005851,"low_separation",0.422423595255249,0.408644021215865,0.0137795740393838,0.0299466038999119,0.703035759234583,"spline","selected"
2.99643711019567,0.530495349821792,0.52550450110821,"low_separation",0.741130042238863,0.737395282217848,0.00373476002101525,0.0481776987792206,1.48655949922824,"spline","selected"
2.71366661423056,0.659838703027774,1.32466489206957,"low_separation",0.297343332192159,0.295387094942026,0.00195623725013244,0.0123032938812439,0.867055318489701,"spline","selected"
-1.05825241597293,0.429754095001479,1.60557080699194,"low_separation",2.42398621520838,2.42321987261426,0.000766342594114011,0.00866674765039973,8.67261854643686,"spline","selected"
7.32896202631609,0.185155971477666,0.955960115390415,"low_separation",5.09939946047874,5.09689149282443,0.00250796765431183,0.015217044845601,0.772648216795893,"spline","selected"
0.769187815479406,0.717458644347304,1.22392172628104,"low_separation",-0.0569808209506992,-0.0580986904886604,0.00111786953796116,0.00536559962931944,0.952228581270258,"spline","selected"
-0.568231472511433,0.568249217395507,0.60038938247196,"low_separation",1.3853475321265,1.38233199350532,0.00301553862117787,0.0273516705443457,4.86518835666488,"spline","selected"
6.28765290819765,0.501021340228031,0.769501021500191,"low_separation",4.11913008392473,4.12855050915767,0.00942042523294173,0.0211189457430724,1.21657861314966,"spline","selected"
3.1722751228517,0.488469945788119,0.470741557014529,"low_separation",0.870633746745447,0.875526663149366,0.00489291640391876,0.0462647174528683,1.99537350572763,"spline","selected"
3.98944282661722,0.521031601757647,1.80943248848146,"low_separation",0.875694662469058,0.876044727628596,0.000350065159537616,0.0274541925418119,3.02480485726928,"spline","selected"
5.94922917718715,0.82965362104572,1.47768690912721,"low_separation",2.79934568804231,2.79980083785477,0.000455149812458977,0.022562452149713,1.41135030594707,"spline","selected"
7.89348971047906,0.669857265822383,1.74944698511233,"low_separation",3.45347766197127,3.45233320300474,0.00114445896652748,0.00992005041440576,0.662295657213048,"spline","selected"
4.23400923428004,0.162806381598582,1.91544826669094,"low_separation",2.8187719068921,2.8206628281594,0.00189092126729529,0.0247103365461882,3.40090101404212,"spline","selected"
6.13397655143184,0.550507217374823,0.694103120357315,"low_separation",3.95304789200717,3.961816546777,0.00876865476983735,0.0280690752671338,1.32453342814391,"spline","selected"
7.71373215151439,0.880575425585921,1.33896781425107,"low_separation",4.10476206718045,4.10195718585395,0.00280488132650181,0.0115467446824988,0.672468267849772,"spline","selected"
6.6071865900779,0.46683239290447,1.88671535216666,"low_separation",3.15268210750101,3.15477184290279,0.00208973540177482,0.00829252593472486,1.05962507535904,"spline","selected"
2.01874483906581,0.0710941197987084,0.615197031191614,"low_separation",0.378448684789719,0.372980766406226,0.00546791838349292,0.0301057600889522,1.34127089262257,"spline","selected"
6.70853582579125,0.636133467444345,1.44486460853797,"low_separation",3.86524400046127,3.86931597878354,0.00407197832227402,0.00820150959644578,0.979678758906153,"spline","selected"
1.34947218485202,0.358507872974542,0.801049609446147,"low_separation",0.2277550567862,0.230214133029112,0.00245907624291214,0.013138321427842,1.56594105452352,"spline","selected"
6.9023853930032,0.807393060143202,0.836598987952723,"low_separation",4.27759665214437,4.28054109196636,0.00294443982199066,0.0291357831462786,0.910099809058913,"spline","selected"
1.92909492811993,0.392952209678937,0.743289247846607,"low_separation",0.271971163054837,0.270051160741693,0.00192000231314454,0.0150180699371275,1.10000810880611,"spline","selected"
6.92904729199873,0.669991323117316,1.67459961986331,"low_separation",3.26060705669806,3.26272898224585,0.00212192554779556,0.00934370062073747,0.900709006881673,"spline","selected"
3.81258648491558,1.03768004294873,0.964828461715309,"low_separation",1.26279740429282,1.27110005041958,0.00830264612676368,0.0184964154835011,2.82499455605441,"spline","selected"
-0.0374074807882032,0.320883678093548,0.443599430473723,"low_separation",0.740702426970282,0.735887471731728,0.00481495523855446,0.0139138962785295,1.75239143316762,"spline","selected"
-0.583516593654034,0.74033491493332,1.60560825491769,"low_separation",0.56819453658976,0.569026535856592,0.000831999266832084,0.00996450851866444,5.1246263935176,"spline","selected"
3.4353937077296,0.0232020108545667,1.91677951427182,"low_separation",2.68507018004625,2.68091093025727,0.00415924978897975,0.0179949709068015,7.4106570917975,"spline","selected"
3.37982992436799,0.0533126108714411,1.79011674365846,"low_separation",2.38412430432163,2.38036792733994,0.00375637698169573,0.0151953442294248,3.92312551003519,"spline","selected"
1.4308706226892,0.674389131494105,0.430079474599112,"low_separation",0.0573095487379902,0.0632995476624051,0.00598999892441492,0.0225944301376787,1.38020824793413,"spline","selected"
5.2645107726641,0.350100798214855,1.82696982821753,"low_separation",2.98728568640703,2.98452143709776,0.00276424930927099,0.00802823923376958,2.02974580400959,"spline","selected"
-0.479399455864065,0.789094226599923,1.07152834000599,"low_separation",1.27712010834523,1.27689655766608,0.00022355067915214,0.0141473473407059,4.40168951078319,"spline","selected"
-0.917221951610444,0.931497513828514,1.22836321782559,"low_separation",1.72165614745867,1.72102091851773,0.000635228940943033,0.0662385091313833,7.35955767371748,"spline","selected"
5.66973177859701,0.989256957580743,0.494983377383089,"low_separation",3.28928262389861,3.28391289354462,0.00536973035398702,0.0391584440200119,1.651643492144,"spline","selected"
-0.86192562646736,1.02203036511974,1.852239470312,"low_separation",-1.50976141858376,-1.51133104062196,0.00156962203819822,0.0213384515367403,7.3698901253211,"spline","selected"
1.76085478961453,0.815752733468801,1.86302553326793,"low_separation",-2.78882229515551,-2.78729160071004,0.00153069444547071,0.00134763585113388,1.24204562861602,"spline","selected"
7.61547371465556,0.965967903666358,0.436364467351793,"low_separation",4.55588964763476,4.54508594403954,0.0108037035952178,0.0262886170919977,0.605590836269978,"spline","selected"
4.99783623081345,0.789790965583081,1.61279799949272,"low_separation",1.64738087048546,1.6446605327181,0.0027203377673628,0.0255066352479109,2.3557588027879,"spline","selected"
8.25617972751561,0.121268182240643,1.38107979404394,"low_separation",5.87658974621022,5.87647348527973,0.000116260930489887,0.00874604673250058,0.663137912496731,"spline","selected"
6.9130624342836,0.61807882373423,1.61070286244579,"low_separation",3.64530862370652,3.64732778851259,0.00201916480606679,0.0144771637002508,0.898254907471031,"spline","selected"
5.91194842510095,0.225913994126467,0.801670500292616,"low_separation",4.0795278559454,4.08126377876234,0.00173592281694201,0.0281023049485319,62.4907156455058,"spline","selected"
-0.559260185108303,0.0777466559844575,1.82737604700921,"low_separation",2.60318611515998,2.60444534092163,0.00125922576164816,0.0194225207299985,5.84311489581179,"spline","selected"
5.84091237080197,0.679083572030443,1.85518513676681,"low_separation",1.64105532962117,1.6382680604685,0.00278726915267558,0.0136147840233274,1.51583793512196,"spline","selected"
0.574679876877514,0.207526003757904,1.61007326581504,"low_separation",0.752111848601993,0.750717483966049,0.001394364635944,0.0128696386036563,0.846655105728526,"spline","selected"
2.56896234314765,0.154101312177296,0.911578306180941,"low_separation",0.836132319014004,0.83160478237551,0.00452753663849392,0.0158410409346549,0.5827967463994,"spline","selected"
0.843405630642322,0.493443080700115,0.694058165799165,"low_separation",0.258632410133237,0.26278779511737,0.00415538498413237,0.0192434036312859,1.12744552608617,"spline","selected"
7.42189572518,0.936902359767128,1.27328107958991,"low_separation",3.99522479635682,3.99056057205899,0.00466422429783409,0.0148172857778982,0.725856890539605,"spline","selected"
2.52886729020477,0.825152216244191,1.30664095529646,"low_separation",-0.101417981654851,-0.101979961553934,0.000561979899082701,0.014667210495006,0.539007669863061,"spline","selected"
0.653105134008149,0.111663826156792,1.77603018364429,"low_separation",1.01047837415738,1.00830496473079,0.00217340942658706,0.00435732173921959,1.10077952044813,"spline","selected"
3.0836427106419,0.204145033460358,1.33235617632214,"low_separation",1.45849792502654,1.45573499518544,0.00276292984110049,0.0123792159838459,1.87232530280231,"spline","selected"
6.27072741327697,0.106392589433796,1.69280349663506,"low_separation",4.95249645634876,4.95232465192532,0.000171804423432675,0.00748918726197866,1.30446580331192,"spline","selected"
7.45050262053059,0.340741234679551,0.881204028394971,"low_separation",4.98168335047106,4.97672720003497,0.00495615043608932,0.0122757972065329,0.707874201156391,"spline","selected"
1.43002753083739,0.247766474098215,1.13943467462106,"low_separation",0.39593047844399,0.396121029881285,0.000190551437294406,0.00938562201233549,1.63601010834313,"spline","selected"
5.71245039527047,0.436602221461179,1.24274474387783,"low_separation",3.79643613654652,3.79339563252351,0.00304050402300549,0.0250739838967102,1.56020830770624,"spline","selected"
0.525288905219762,0.460619220404298,1.62765763256713,"low_separation",-0.0130031684526557,-0.0139881204525104,0.000984951999854716,0.00591303509887235,14.7519601163543,"spline","selected"
2.29055736825652,0.528836937654661,1.59490451602834,"low_separation",-0.197840894950102,-0.194446776719048,0.00339411823105445,0.0131371853058246,0.503265909052275,"spline","selected"
6.52217004524528,0.442749813657214,1.2322194282694,"low_separation",4.3543680430808,4.35896919114229,0.00460114806148759,0.00881737015900457,1.07269762714049,"spline","selected"
5.80468237418153,0.79299402647553,1.8648246069213,"low_separation",0.942859657601404,0.939529464850569,0.00333019275083524,0.0194484503279203,1.58007902214996,"spline","selected"
3.55020343354498,0.249244915451876,0.476194431383489,"low_separation",1.35048751887762,1.36846429935983,0.017976780482202,0.0461527808930933,2.90006427160276,"spline","selected"
5.31463480661121,0.967901835908127,0.486214220207393,"low_separation",2.98203816295308,2.96391368345264,0.0181244795004436,0.0234252599441124,1.94389037794995,"spline","selected"
5.30975520075298,0.665857653844079,1.62091971887852,"low_separation",2.32192496632889,2.31716150271393,0.00476346361496116,0.0135324288928095,1.96468500737358,"spline","selected"
-0.178641151702551,0.230430918544716,0.968301769127417,"low_separation",1.33003206984299,1.32940239827308,0.000629671569909007,0.0075923376947399,2.52488527188093,"spline","selected"
2.36125371016194,0.499630084394188,1.42664235191416,"low_separation",0.209187852796489,0.211533665798504,0.00234581300201522,0.00909849264837458,0.466506115412928,"spline","selected"
-0.106865215242553,0.966008618003709,1.30122548940106,"low_separation",0.228675284071185,0.229294395638266,0.00061911156708136,0.0133166133424254,2.44549000848478,"spline","selected"
8.19008919382439,0.208217882054577,1.66652822491771,"low_separation",5.62076465406067,5.62011726320762,0.000647390853043994,0.0123837104365334,0.619862044113783,"spline","selected"
8.51234715573362,0.835130613842132,1.47783860281566,"low_separation",4.21790005343169,4.21895603653406,0.00105598310237465,0.0116409783201576,0.439557911407199,"spline","selected"
2.13388471516423,0.276030810783052,0.466474727154613,"low_separation",0.27448974664133,0.263064794663988,0.0114249519773413,0.0350220314728003,0.847764293143302,"spline","selected"
6.08790014088471,0.825784999210732,0.793321298578301,"low_separation",3.73499190946373,3.74264418775565,0.00765227829191417,0.0223396632799829,1.37646194684674,"spline","selected"
7.04818922795423,0.437794730984156,1.65038159939647,"low_separation",4.23995513679691,4.24132709833212,0.00137196153520591,0.0144634241946241,0.850978343422351,"spline","selected"
1.58813912757478,0.262510734614225,1.90388727642161,"low_separation",-0.0707526138488028,-0.0703764315633678,0.000376182285435067,0.00741788657213959,1.54068639315817,"spline","selected"
1.65806187724543,0.456776904964981,1.15910432462563,"low_separation",0.172552282566597,0.173784996754666,0.00123271418806881,0.00289975937571759,1.3767929027494,"spline","selected"
-0.454463563399379,0.992301009978994,0.883362673246944,"low_separation",1.16012230144576,1.15848355981447,0.00163874163128797,0.0182055129718702,4.45326695815366,"spline","selected"
8.88843512110111,0.0238492638607348,1.10025739600821,"low_separation",6.11358183019764,6.11473538687028,0.00115355667263373,0.0218964580770916,0.58663977424855,"spline","selected"
1.95774044395043,0.502067270587383,0.616767042480422,"low_separation",0.201209073802278,0.196648873043699,0.00456020075857907,0.0268345587690608,1.02887844693681,"spline","selected"
2.47173521723608,0.0575628197300763,0.661371229099248,"low_separation",0.640997702474783,0.631930061673513,0.00906764080127032,0.0259111900278307,0.476330785830921,"spline","selected"
0.376573317683725,0.0739065748536829,1.62894187894638,"low_separation",1.3217128101214,1.32136259361766,0.000350216503735679,0.00410554858968852,0.6014598868693,"spline","selected"
-1.26495337349869,0.603457014284801,0.615115022255527,"low_separation",2.45938902557628,2.46241061839788,0.00302159282159709,0.0111817475815734,10.6734075977435,"spline","selected"
4.74027765964766,0.329836351517565,1.2000638351883,"low_separation",3.09690271682483,3.09664819616884,0.000254520655992962,0.0218708548020974,11.4327863282388,"spline","selected"
5.58375316373239,0.755127386591965,1.17785995689983,"low_separation",3.23331536718052,3.22766050295989,0.00565486422062067,0.0205345856402591,1.69299123166243,"spline","selected"
5.98329267206147,0.921642894488605,0.930066530505629,"low_separation",3.53319024654633,3.53712603048062,0.00393578393428662,0.0264996608464727,1.42826545749504,"spline","selected"
1.89619713360763,0.470070145850863,0.720204079127944,"low_separation",0.219773148368063,0.217915496790258,0.00185765157780476,0.024553603853953,1.11288014046933,"spline","selected"
1.15263953235113,0.472254213499972,1.15895049662215,"low_separation",0.162357603376674,0.161453838570871,0.000903764805802676,0.00943229138749722,1.48632314382281,"spline","selected"
0.59412560018283,0.592231482886049,1.48592748969541,"low_separation",-0.135333764397237,-0.136483532155872,0.0011497677586349,0.0129948918889502,0.711747605042346,"spline","selected"
8.80110375709658,0.31028879276134,1.75231209359511,"low_separation",5.3975219579517,5.39887390187483,0.0013519439231322,0.0100322366081674,0.348639684408778,"spline","selected"
2.27453510719176,0.963215410877583,0.793213157677429,"low_separation",0.110569527059006,0.105333133032935,0.00523639402607025,0.0203887705337196,0.494511901382848,"spline","selected"
4.76145035037614,0.00845043252147732,1.74018062556518,"low_separation",4.15144710070806,4.15461895998064,0.00317185927258024,0.0547540176796156,271.569914542516,"spline","selected"
2.70879873865014,1.02261741233834,0.714363496839625,"low_separation",0.356899052729825,0.347986876895305,0.00891217583452059,0.0187325839099044,0.838071341849586,"spline","selected"
-0.820576010333197,0.547963607473817,1.41017070557555,"low_separation",1.91357014740911,1.91384317127121,0.000273023862101152,0.0268304998111981,6.85099122090356,"spline","selected"
6.58207472619914,0.915754379804506,0.526299346422199,"low_separation",4.0026408153018,4.01629681649683,0.0136560011950344,0.0313772582271911,1.11576907949924,"spline","selected"
4.03483828234099,0.640573668020703,1.85078716294122,"low_separation",0.135487156946611,0.1363158405696,0.000828683622988463,0.023100896027466,3.01928287000898,"spline","selected"
7.79653233907229,0.0903347381359164,0.994322502103745,"low_separation",5.46129077352229,5.45741988365918,0.00387088986310768,0.00831410213152411,0.811364502865229,"spline","selected"
0.945907469016186,0.562285890512248,0.380429949911481,"low_separation",0.147062277056178,0.15812395182473,0.0110616747685513,0.0245799902208644,1.19933738993486,"spline","selected"
3.81650998073804,0.959905252940743,0.963991613451807,"low_separation",1.3449980195969,1.35315212028095,0.00815410068404998,0.0211133189185139,2.80375042253064,"spline","selected"
0.0165848814428928,0.308703495449441,0.589795793623018,"low_separation",0.816440767377559,0.813578542442491,0.00286222493506794,0.00931731311507895,1.5581371774139,"spline","selected"
7.02219779773661,0.489036052604372,1.09014014565158,"low_separation",4.62399222592879,4.62508027841554,0.00108805248675203,0.0179594389889935,0.849108767548243,"spline","selected"
1.0673603805743,1.00933650337449,1.37262929273154,"low_separation",-0.946629786267259,-0.947870923397216,0.00124113712995721,0.00621634924410887,1.2113722120071,"spline","selected"
4.31979408397583,0.393085410996265,1.54335262794522,"low_separation",2.35655655256374,2.36065021373418,0.00409366117044119,0.0174008797700077,3.10136676247345,"spline","selected"
3.76123521407656,0.272903796743094,0.385988025262216,"low_separation",1.49728178355982,1.51924944577665,0.0219676622168339,0.0328276689043592,3.17568154006852,"spline","selected"
1.96673476073956,0.68817408585383,1.70965696228768,"low_separation",-1.27044787259029,-1.26603015595421,0.00441771663607393,0.00420136122353555,0.940597346961638,"spline","selected"
2.02583502945335,0.529998953432061,0.369831941929674,"low_separation",0.144492321731261,0.132524069207804,0.0119682525234569,0.0463285765017971,0.948267634518988,"spline","selected"
7.47392376726503,0.00301959798257558,1.51929002672038,"low_separation",5.88384796092722,5.8833897194937,0.000458241433516804,0.0178761154410672,18.1211207296175,"spline","selected"
-0.527173997209365,0.415258768114863,0.471429643228587,"low_separation",1.22300260062339,1.21844918543325,0.00455341519013874,0.0408668102542776,4.46107125628684,"spline","selected"
-0.826662812318846,0.259874976227941,0.865179973536569,"low_separation",2.17576061779279,2.17583142261072,7.08048179327569e-05,0.00715313516510637,6.85632572483039,"spline","selected"
1.33123494379154,0.264731259847189,0.746718680521745,"low_separation",0.258987004716659,0.262065406617234,0.00307840190057423,0.0124898892007669,1.61756891041639,"spline","selected"
0.300287070923467,0.777818730704694,1.18322753026623,"low_separation",0.246918310089258,0.246796810811057,0.000121499278200515,0.00581245851258583,0.770105427811554,"spline","selected"
4.15657091704579,0.724131605887711,0.622346409839668,"low_separation",1.90880208122437,1.91944665132238,0.0106445700980065,0.0224060760528853,3.03048845549534,"spline","selected"
8.93980108620119,0.882388327708284,1.01449084879253,"low_separation",5.15872543873294,5.15787081300411,0.00085462572883177,0.0177738002138361,0.198597124247073,"spline","selected"
5.05935466882804,0.7323676117575,0.906821187337855,"low_separation",2.93671109334245,2.92616199663871,0.0105490967037394,0.020888516355652,2.21731482758039,"spline","selected"
8.59324170902812,1.89366944782452,2.16175327477964,"high_dependence",-11.0644760038509,-11.0699439856468,0.00546798179596486,0.0641496577877593,0.895385880820979,"spline","selected"
7.98653840351575,2.54860311669058,2.13586842879951,"high_dependence",-16.4588490369763,-16.4553194410972,0.00352959587903712,0.0963870031154167,0.600280837481072,"spline","selected"
6.53972188673946,4.73766207105819,2.34937307512866,"high_dependence",-59.5922636456266,-59.5819682244891,0.0102954211375206,0.0215176255240399,2.85492482507651,"spline","selected"
2.91121267014941,2.21146414991564,2.44087796013017,"high_dependence",-33.7332058480737,-33.7374650370375,0.00425918896377198,0.0267436669527228,1.97774186152643,"spline","selected"
-0.43758066064687,2.80415457925799,2.22954766744536,"high_dependence",-26.802373450624,-26.8066430552442,0.00426960462020531,0.0708724212079221,5.28001195530506,"spline","selected"
1.51585263699385,3.16294201232665,2.27507686872852,"high_dependence",-35.4298473189871,-35.4301913034615,0.00034398447440509,0.101731060865693,0.770994264658652,"spline","selected"
4.96802877442012,4.72829193138992,2.22654446215642,"high_dependence",-46.8096784934051,-46.8260047082078,0.0163262148027599,0.114682616326491,3.72113730662702,"spline","selected"
4.04206455971972,3.92304658480855,2.2403536727551,"high_dependence",-40.0301124556575,-40.0273667454204,0.00274571023708603,0.116705038123904,2.46647600208538,"spline","selected"
6.43632535413222,4.14663939049218,2.20387597387992,"high_dependence",-37.2327866616301,-37.2330380376129,0.000251375982806223,0.0251529663569312,4.95756513036027,"spline","selected"
6.35796707366032,4.85277343286059,2.20164740610122,"high_dependence",-44.430110724118,-44.4307528951239,0.000642171005935666,0.0150898553164901,6.0278718113559,"spline","selected"
3.33370840115821,1.35901468365057,2.04305614823471,"high_dependence",-7.37608270732278,-7.37825089817561,0.00216819085282793,0.00965687357343146,2.14698718412662,"spline","selected"
4.69295872416538,3.19921133468364,2.3591514486675,"high_dependence",-40.6715967012561,-40.6682645895026,0.00333211175352943,0.0234763316812473,2.86073617121249,"spline","selected"
0.590828174985301,1.21379217877864,1.9328477424375,"high_dependence",-5.4406357826615,-5.44220463461626,0.00156885195476786,0.0392845533210747,0.525463814287904,"spline","selected"
-1.58476639170488,5.07850972213991,2.34627437361077,"high_dependence",-62.8795286886642,-62.8742161786048,0.00531251005939026,0.0543436343739153,16.5752978321271,"spline","selected"
2.98128096297725,4.76951369786595,2.19447453829836,"high_dependence",-45.5759337718263,-45.5889530428898,0.013019271063456,0.037271979656682,5.12131559535537,"spline","selected"
6.25270620791278,1.46657727027457,2.19377012131104,"high_dependence",-9.13848071841549,-9.13638943830376,0.0020912801117241,0.0208987030421047,1.97659418522039,"spline","selected"
2.85173098877908,2.77676633017269,2.43343682373548,"high_dependence",-42.4357296589106,-42.4396056421229,0.00387598321236027,0.0400296460421563,162.080477493964,"spline","selected"
-0.897043390223984,2.75260220170765,1.97656517815016,"high_dependence",-13.8450659070036,-13.8419103057133,0.00315560129022252,0.100878206139645,8.82715783216605,"spline","selected"
-1.53655286054227,3.24428442445436,2.21556802482696,"high_dependence",-28.1603499152736,-28.166699638407,0.00634972313345372,0.0979120512875049,14.2249998368535,"spline","selected"
0.83432885943657,2.29000970453193,1.94875957918119,"high_dependence",-12.3330025916304,-12.3337919022451,0.000789310614626615,0.0732907555248725,0.499596163410081,"spline","selected"
-0.105712822007291,3.64277425887966,2.34617769284185,"high_dependence",-46.4918733616243,-46.4877668861494,0.00410647547488452,0.00774069256288098,4.14822446109309,"spline","selected"
6.2176662197663,1.07002498803615,2.42719563363428,"high_dependence",-11.279279531279,-11.2763179248218,0.00296160645725685,0.0197949296822844,1.33104795829724,"spline","selected"
4.2980726917012,2.10998872444284,2.21527429836711,"high_dependence",-18.3741742611869,-18.3710204681936,0.00315379299338048,0.0379889206668089,3.26383610877888,"spline","selected"
4.83905059274977,3.96420303885395,2.03488304066064,"high_dependence",-25.2282941071485,-25.225366779431,0.00292732771748305,0.0157114292731827,3.13335714413361,"spline","selected"
0.250467516651413,3.32395310326813,2.38056025418304,"high_dependence",-45.8015702805618,-45.7983827421709,0.0031875383908968,0.0521636084468477,2.18622103280998,"spline","selected"
-0.157139251872751,4.06269691534016,2.3442183697315,"high_dependence",-51.8870097145733,-51.8829256153838,0.00408409918948394,0.0142939804851775,4.5726275274047,"spline","selected"
3.22074882669797,2.29712875338285,2.27220651018147,"high_dependence",-24.2218884261383,-24.2278814654353,0.00599303929694983,0.0749329413821846,1.64596504979997,"spline","selected"
-1.3907229114945,3.02689331410887,2.20426720424708,"high_dependence",-25.5866041402818,-25.5930859551842,0.00648181490240063,0.0924861620562805,12.8345162082679,"spline","selected"
5.86611085296408,4.07512750248272,2.26170416256923,"high_dependence",-41.9967606970279,-41.9962357106831,0.000524986344835554,0.140153444884448,1.71811312686544,"spline","selected"
6.98553618799531,4.54842440141983,2.26086301986128,"high_dependence",-46.6340776202742,-46.6436432907138,0.0095656704395779,0.153192502251927,0.951396212350072,"spline","selected"
6.41051656983458,4.69895360094339,2.30918138853609,"high_dependence",-54.2055258401246,-54.1939382035268,0.0115876365977883,0.0962992040586894,2.66736429824371,"spline","selected"
2.77092205838203,3.8390577870221,2.31338929532563,"high_dependence",-46.5623336741556,-46.5624136223703,7.99482146334185e-05,0.0722579794914646,2.17252408838651,"spline","selected"
3.16515370346367,2.93334853575813,2.27078970296699,"high_dependence",-31.6883440708463,-31.6944222259501,0.00607815510371879,0.0964466219963582,1.46861354009459,"spline","selected"
0.452545010182499,4.84109430516997,2.37192005454214,"high_dependence",-66.8032932912097,-66.7977243463945,0.00556894481513837,0.0622966542837521,2.76511065795601,"spline","selected"
-0.81646398250932,2.55281374480383,2.27512116380184,"high_dependence",-26.0031606104618,-26.0039373142302,0.000776703768352149,0.0981659124525646,7.95533208629281,"spline","selected"
6.80408812131157,3.47473864555868,2.41803108753787,"high_dependence",-48.8354932563796,-48.8355336184779,4.03620982822872e-05,0.0705256204514295,1.25937575897798,"spline","selected"
8.89652999339943,2.36410750697427,2.19035139625377,"high_dependence",-16.677936795134,-16.6864951137319,0.00855831859783507,0.0489974093405042,2.2839239062805,"spline","selected"
-0.670372224797118,4.84690703722226,2.23903806334229,"high_dependence",-49.2176916547851,-49.2254910720507,0.00779941726566591,0.158785335070252,8.27820795668496,"spline","selected"
6.09351369108217,2.00767850041829,2.12451402970396,"high_dependence",-12.2389950682209,-12.2339390847383,0.00505598348264691,0.0785517898141664,1.4371238845359,"spline","selected"
8.80069214039135,4.4602190031586,2.23967535607339,"high_dependence",-42.4907561119995,-42.5070533402442,0.0162972282446816,0.134043096396211,1.68629433812573,"spline","selected"
2.68148266662498,5.17395787567129,2.4369374944105,"high_dependence",-82.0660941507929,-82.0704636528118,0.00436950201883235,0.0627135880855271,3.25749912815446,"spline","selected"
6.53217475755879,1.51527569429378,2.07116708235005,"high_dependence",-6.25849619444585,-6.25050482511635,0.00799136932950351,0.0326172348981072,1.33024687202211,"spline","selected"
4.18760742863496,4.09504616466774,2.07970307364588,"high_dependence",-29.5758968438344,-29.5619667683269,0.0139300755074316,0.103539537283239,2.80815179530772,"spline","selected"
0.0733003336747844,2.51571173644294,2.32733398524781,"high_dependence",-30.2211052118156,-30.2178585847381,0.00324662707751244,0.0319208016502453,2.58121979819489,"spline","selected"
8.94916169268001,1.75256143004775,2.22405792524403,"high_dependence",-11.6603699657946,-11.6642906828432,0.00392071704857422,0.064073976780168,1.21041644040569,"spline","selected"
7.52414082790813,2.75051399746228,2.28423211043883,"high_dependence",-26.883453553218,-26.8878080891571,0.0043545359390933,0.0849802706691661,1.03746313663267,"spline","selected"
6.61003092497924,2.22782083724144,2.07469096163093,"high_dependence",-12.0467343900358,-12.0378507391899,0.00888365084584919,0.05155491068101,1.51926966335217,"spline","selected"
-0.700320249881986,1.47139547080484,2.4218863974001,"high_dependence",-19.3480626814005,-19.3475799528926,0.000482728507915198,0.0553781942464658,6.49652958002671,"spline","selected"
0.0231877466654546,2.84865101164923,1.98057634366385,"high_dependence",-16.1276543022488,-16.1232066841955,0.00444761805326266,0.0753006384890428,2.88461731158723,"spline","selected"
2.23153475196156,2.06708668001613,2.42532937289341,"high_dependence",-30.7770219578961,-30.7734198838713,0.00360207402478352,0.0365328080186048,0.819080189727476,"spline","selected"
-0.0280953402398583,2.46221106010779,2.29842234302753,"high_dependence",-27.609910337257,-27.607840174163,0.00207016309400743,0.0623087669350868,2.85072900756556,"spline","selected"
1.99288019489446,3.80302659446906,2.2905381049098,"high_dependence",-44.2944825670304,-44.2918306602154,0.0026519068149895,0.107696203102724,1.3436948998713,"spline","selected"
2.34864080839502,4.86351273245147,2.25209153013546,"high_dependence",-52.7250710271903,-52.7318702644618,0.00679923727154375,0.160568489909031,0.929875956715522,"spline","selected"
1.86235979336491,1.07584316766142,2.34591130188225,"high_dependence",-12.7029701278609,-12.6979033782884,0.00506674957245146,0.0110743381436471,1.11789953503636,"spline","selected"
0.517681986362163,3.22657819285206,2.11615306198142,"high_dependence",-25.5388187662711,-25.5377191064826,0.00109965978848692,0.117848417225615,1.12912523256536,"spline","selected"
5.40646158708499,3.37466733019509,2.02425454538658,"high_dependence",-19.7468531881115,-19.7494130144897,0.00255982637823493,0.0180114133416442,2.691563309273,"spline","selected"
1.36141472132174,3.66900351185252,2.32431408145219,"high_dependence",-45.8083934345781,-45.8054825207144,0.00291091386372955,0.0459480759855714,2.02284115636934,"spline","selected"
3.4241008182403,2.0284918759346,2.11051780401308,"high_dependence",-14.4329386745295,-14.4358660776604,0.0029274031308848,0.0730561916441997,2.01764875295679,"spline","selected"
3.92474590955555,1.16284898819199,1.92463582413224,"high_dependence",-3.57511171418626,-3.57341907747505,0.00169263671120845,0.0406266622718459,2.76532863159595,"spline","selected"
4.86300384223144,2.60979160672863,1.93989284698682,"high_dependence",-11.8247243637731,-11.8281425786223,0.00341821484924587,0.0937969806238487,2.41401498167873,"spline","selected"
7.98412070973345,3.12573874412853,2.25027924681578,"high_dependence",-28.7969714848854,-28.7945072453736,0.00246423951178798,0.102508642959659,0.815121734471167,"spline","selected"
3.58198151008866,3.23029905688001,1.96214799023634,"high_dependence",-17.7295207254148,-17.7262159329165,0.00330479249830518,0.100084580646689,1.93233232822471,"spline","selected"
7.77095009376318,1.49190832877819,2.06478586228515,"high_dependence",-5.23978373313214,-5.23812598363394,0.00165774949819752,0.0278292496255109,0.998163046152372,"spline","selected"
4.00819317432285,2.76521664139427,2.07181987443594,"high_dependence",-18.5444189490079,-18.5329726577227,0.0114462912852531,0.0593385532409733,2.70047575099057,"spline","selected"
0.663273902670925,3.63245030080911,2.02119230743784,"high_dependence",-23.7853258530592,-23.7778588251496,0.00746702790956633,0.02389625624183,9.0864737938347,"spline","selected"
4.95719463463641,3.0154071576199,1.95784503970043,"high_dependence",-14.9140602890262,-14.9184557291426,0.0043954401164541,0.0970179232790334,2.35618665418885,"spline","selected"
1.33124843816911,3.58329803210624,2.30635857865075,"high_dependence",-43.0595068730681,-43.0579831036819,0.00152376938624599,0.0769530930028011,1.70992625543039,"spline","selected"
0.0455141955890592,1.64646332856787,2.39519197436425,"high_dependence",-21.9394605180029,-21.9373846072844,0.00207591071846025,0.0318597784243285,2.03455484190881,"spline","selected"
3.33092224951894,2.77553962416175,2.2587095948756,"high_dependence",-28.9329388731586,-28.9394133098293,0.00647443667068259,0.0917970342878249,1.68819559148409,"spline","selected"
8.89787597933568,4.63903290871175,2.09913247488398,"high_dependence",-32.0416170684578,-32.0430011911646,0.00138412270674593,0.162639195042325,1.51954496372128,"spline","selected"
-1.11785050575245,4.81328705200298,1.99975801872694,"high_dependence",-28.010991926971,-28.0015248597742,0.00946706719685508,0.124442723878057,10.850063337922,"spline","selected"
-0.482981908826672,1.42248102385138,2.28011340895792,"high_dependence",-13.5400291797401,-13.5387940096744,0.00123517006573159,0.0447927650249118,4.77143035043071,"spline","selected"
7.99073261719916,3.51641199440489,2.18943835459991,"high_dependence",-28.7729861868326,-28.7734132201834,0.000427033350757,0.0473400067774087,3.36853095921822,"spline","selected"
0.106224643887545,5.16292512430991,2.39187843178032,"high_dependence",-74.0284054221336,-74.0253390999851,0.0030663221485554,0.0986374692503342,88.4296422132631,"spline","selected"
0.209862922220284,3.43278894014195,2.29636885142504,"high_dependence",-39.648250505471,-39.6464742047732,0.00177630069780577,0.0958814287605045,2.38916910231203,"spline","selected"
7.25594817966792,4.58611244029761,2.26384792274134,"high_dependence",-47.2314988067636,-47.2424392403621,0.0109404335984991,0.153716640908067,0.802018622236872,"spline","selected"
-0.632374139489746,1.67312898157126,2.21813735825815,"high_dependence",-13.9749457590094,-13.9774052397299,0.00245948072052116,0.0330172550682558,6.08454400979268,"spline","selected"
-1.32843903404693,4.00476317603992,2.02116756506702,"high_dependence",-23.2576914866703,-23.2489562129164,0.00873527375388505,0.0614834612446931,12.6031403307426,"spline","selected"
3.8478083330214,2.06554916403165,2.19810479335971,"high_dependence",-17.6308943112736,-17.6323521975734,0.00145788629986399,0.0288649639350505,3.34577728088805,"spline","selected"
8.7244960179395,3.96974850620595,2.42677145727513,"high_dependence",-56.7379726284053,-56.7484707725066,0.0104981441013123,0.0667222836685682,1.55554524534807,"spline","selected"
-1.54133727646487,3.49700296277829,1.98317878820176,"high_dependence",-17.3699202815585,-17.3654252011018,0.00449508045669234,0.139295744303117,21.3500087649291,"spline","selected"
-0.14239154795107,4.29245525587415,2.03605871411313,"high_dependence",-28.483328531749,-28.4754500886462,0.00787844310275077,0.0108942004360598,495.199773933961,"spline","selected"
4.95774111627491,1.07408093259468,2.02942768421287,"high_dependence",-3.31996986531701,-3.31955764560462,0.000412219712393469,0.00921143403041098,2.44528472127789,"spline","selected"
5.23251607649727,1.27144112349298,1.99117805869076,"high_dependence",-3.88982833373486,-3.89388350965573,0.00405517592086069,0.0347937680110314,2.17419709897843,"spline","selected"
0.846897873062589,1.75704134895907,2.34261798609757,"high_dependence",-21.6933919578147,-21.6941408556704,0.000748897855736175,0.0131453809987671,1.17074293938115,"spline","selected"
8.6181521895866,1.70263445656085,2.27269083555142,"high_dependence",-13.1045911094408,-13.1080359826854,0.00344487324461618,0.0584622889507852,0.445501589566396,"spline","selected"
8.68720551895579,1.19429348014949,2.13923765206789,"high_dependence",-3.85832342267269,-3.86102578083869,0.0027023581659944,0.0455438338457904,0.356833220685638,"spline","selected"
2.82344419129953,4.66319069588039,2.33786050439171,"high_dependence",-60.0343693335424,-60.0326961994931,0.00167313404926261,0.0263304331406307,2.78790170235539,"spline","selected"
5.85185402458132,3.28067662647553,2.27616303537969,"high_dependence",-33.8131309168338,-33.8121320643951,0.000998852438712561,0.110159015054567,1.78299986265051,"spline","selected"
6.37057810538294,3.20914687373859,2.25254816688365,"high_dependence",-30.8276520075602,-30.8218673120814,0.00578469547879834,0.104520415824698,1.41053575203196,"spline","selected"
1.88026119763087,1.81226304071677,2.02869527759816,"high_dependence",-11.3935105771695,-11.3862928359467,0.00721774122282248,0.00608928410577259,1.22001513926231,"spline","selected"
0.789812915847473,5.08862965800918,2.21807373307065,"high_dependence",-51.3864555469338,-51.394670905803,0.00821535886917246,0.0860289594492502,4.27274010618424,"spline","selected"
4.32864056378534,1.2528029843234,1.94900985805931,"high_dependence",-4.02789825803054,-4.02104111919007,0.00685713884047168,0.0429958358286312,2.90065256879635,"spline","selected"
5.44072318099891,1.40533669223372,2.1076308575229,"high_dependence",-6.98413714798475,-6.98978085878888,0.00564371080412762,0.0478719338307754,1.93203394844311,"spline","selected"
6.58727062331652,4.81502944860156,2.04358657666002,"high_dependence",-30.6998555145763,-30.6861828535119,0.0136726610644082,0.037557410063579,2.90780698248476,"spline","selected"
3.36502745204773,1.86323513485447,2.11620867691222,"high_dependence",-13.2434305012347,-13.2474906783345,0.00406017709982365,0.0692204401454158,1.94897240608968,"spline","selected"
5.0802017254674,4.00644393251008,2.36742665413776,"high_dependence",-52.6727032008388,-52.6779071723785,0.00520397153977825,0.0520366472833757,2.87541534083228,"spline","selected"
5.52930940385389,4.51494959876913,2.39215230307085,"high_dependence",-62.8099284880227,-62.81342216774,0.0034936797172378,0.0888110887825243,2.1533619279258,"spline","selected"
0.294727855491126,5.09451011091842,2.35586870899338,"high_dependence",-67.9689811073961,-67.9627257518564,0.00625535553969314,0.0275494771820855,3.57309134618971,"spline","selected"
0.562605853380618,2.9842897513865,2.22468808492092,"high_dependence",-29.6349069203534,-29.6405385736703,0.00563165331696425,0.0668444269413021,2.12366031893174,"spline","selected"
2.79783403576417,4.82396134600015,1.99223388757836,"high_dependence",-30.2567247719401,-30.2523541314835,0.00437064045659952,0.0988600362495003,2.26253210678741,"spline","selected"
5.27750513882792,4.56789427929519,2.08410918826137,"high_dependence",-32.7418874527029,-32.7459100297689,0.00402257706604559,0.119057316011808,2.86171850956643,"spline","selected"
5.94830216001432,2.27144412133604,2.09063820111809,"high_dependence",-13.4323573256364,-13.427066299632,0.00529102600444276,0.071519965373128,1.76458201962699,"spline","selected"
6.77782559873138,1.36731353994997,2.41722874338451,"high_dependence",-15.3103719859756,-15.3076471119669,0.00272487400872912,0.031252365722662,1.01939592093428,"spline","selected"
-1.22575836868411,1.79400098742316,2.37023364807662,"high_dependence",-20.55691090854,-20.5560477020344,0.000863206505599123,0.0344815906666681,10.9108340577448,"spline","selected"
1.48649549416429,4.38130038841933,1.99389167805202,"high_dependence",-27.7263927303711,-27.7186603049939,0.00773242537723817,0.0850532942864091,1.90630902932314,"spline","selected"
5.66288327973079,1.31922295987411,2.11992605703129,"high_dependence",-6.32072310935357,-6.32465358799056,0.0039304786369927,0.0481762433073616,1.69875338269362,"spline","selected"
8.05045959959658,1.94153660313418,2.06928259615644,"high_dependence",-8.7996827500149,-8.79266500376374,0.0070177462511527,0.0388572859665167,1.11443759026631,"spline","selected"
4.07395501138865,4.81350485994885,2.25096212582721,"high_dependence",-51.0933140958324,-51.0900891414694,0.00322495436292769,0.155930639063254,2.04609391982334,"spline","selected"
8.0632817344349,4.09654242326222,1.96159015373821,"high_dependence",-19.8799076612856,-19.8687369147275,0.0111707465580935,0.124353971320301,1.07475116763231,"spline","selected"
4.73628540828376,2.60766376207513,2.41988790118284,"high_dependence",-36.889102949874,-36.8889815358005,0.000121414073440462,0.0493700180493792,2.50791427676329,"spline","selected"
5.49264002074008,2.80338273950285,2.36746955961711,"high_dependence",-34.9419974784876,-34.9470788355686,0.00508135708099644,0.0424377482783006,2.25163001494127,"spline","selected"
1.96677530300411,1.54033273768481,1.9458185442192,"high_dependence",-7.79620004350197,-7.79168281944506,0.00451722405691513,0.052392840936083,0.711672030863567,"spline","selected"
2.79283495156897,4.19437916951561,2.39020543662566,"high_dependence",-59.9125823599933,-59.9131182580827,0.00053589808941723,0.0782044071072093,76.9527534774387,"spline","selected"
6.2241046664571,3.89948906319832,2.21473360847467,"high_dependence",-35.6796929375317,-35.6771931443892,0.00249979314247639,0.0537805982246968,3.7853189192149,"spline","selected"
6.66454909488094,3.94922885885688,2.07229737214089,"high_dependence",-25.7735919547319,-25.7641938438881,0.00939811084377951,0.0871912199092674,2.21283400998361,"spline","selected"
0.171753228037688,2.69260343774335,2.16896789761638,"high_dependence",-23.1956793607687,-23.1993258386105,0.00364647784174466,0.0793281124938334,2.49736870231513,"spline","selected"
4.97829863634675,2.02579055063785,2.01735808988783,"high_dependence",-10.0394704693061,-10.040367855186,0.000897385879920165,0.021726967323924,2.55374235536785,"spline","selected"
1.3704767021772,3.60959324162374,2.20766852845119,"high_dependence",-35.347835888436,-35.3556232001964,0.0077873117603886,0.0265715428826846,5.29078986288671,"spline","selected"
4.96159622366606,4.54714894851925,2.28168523163824,"high_dependence",-50.4739801307034,-50.4818632740848,0.00788314338142015,0.142345125432672,2.49896905233843,"spline","selected"
3.9366051859374,3.42911078976177,2.03543405144203,"high_dependence",-22.0750163549514,-22.0608747172614,0.0141416376900096,0.0163797600067663,2.80893409419926,"spline","selected"
2.07783054163751,2.23449523799312,2.1579894657593,"high_dependence",-18.9911094133648,-18.9900662773144,0.00104313605046613,0.0739177379491028,55.9770747530741,"spline","selected"
3.28784356678146,3.36712619549957,2.32079602599712,"high_dependence",-40.8152189145983,-40.8162159024245,0.000996987826241025,0.047702275469772,2.34353098357024,"spline","selected"
1.69944606086495,3.25599602815449,2.20120228257497,"high_dependence",-31.2961537836732,-31.3011569097346,0.00500312606133591,0.00896780175861083,3.92686921988328,"spline","selected"
4.0378974037786,3.34040456302194,2.30657922552124,"high_dependence",-38.6707376990442,-38.6609705010913,0.00976719795287551,0.0710680372652599,2.69955890930141,"spline","selected"
5.69821775673598,4.43444205459677,2.20596380252955,"high_dependence",-41.0105360418167,-41.0211804053134,0.0106443634966737,0.0373957987652605,5.20951313250498,"spline","selected"
0.451467734088627,3.94992774326329,2.0549111893486,"high_dependence",-27.7769516778499,-27.7687810677345,0.00817061011541398,0.0542957315054969,2.50993407213267,"spline","selected"
6.50913603118592,3.87800020446136,2.31914541192638,"high_dependence",-44.584453801472,-44.5742835950931,0.0101702063789162,0.0616349059024193,2.41154057880556,"spline","selected"
6.04831449884727,4.76309898708244,2.17628505281051,"high_dependence",-41.3588175021521,-41.3579347548487,0.000882747303457165,0.112728237143324,3.68269065934536,"spline","selected"
6.59752459602625,2.6552244798374,2.22271449667628,"high_dependence",-22.6108567502687,-22.6101230476074,0.000733702661221969,0.0554722242665655,2.20904248209234,"spline","selected"
0.505814769067604,4.46560265177983,2.2561704224037,"high_dependence",-48.3586159607809,-48.361475637569,0.00285967678813392,0.148029651883062,1.53404624754213,"spline","selected"
8.31283255420631,2.63569686548114,2.11052317048568,"high_dependence",-15.9428413703576,-15.9381352096393,0.00470616071824637,0.0950170642825974,0.784035995254341,"spline","selected"
5.88125387045125,1.43028721450839,2.23370190074173,"high_dependence",-10.190714233534,-10.1934181873182,0.0027039537841631,0.0394794282858467,1.67181274835428,"spline","selected"
5.93640875470822,2.70244721185918,2.34680684770544,"high_dependence",-31.5816905901443,-31.5757575316331,0.00593305851122139,0.014192625544697,2.17719729870752,"spline","selected"
-0.241665687416482,2.16201678080261,2.24459583866152,"high_dependence",-20.9437981566956,-20.9454230780921,0.00162492139648052,0.075437260731327,3.83719172656326,"spline","selected"
5.65520719140889,1.52138645875348,2.02573009789304,"high_dependence",-5.94466954551231,-5.94600604995118,0.00133650443886868,0.0162961238308035,1.87749913837295,"spline","selected"
0.542247605129766,2.06916423141931,2.30266792325351,"high_dependence",-23.5815546294341,-23.5812501427098,0.000304486724267861,0.0479818134075001,1.05881457599315,"spline","selected"
1.20664240526594,1.75789111676926,2.2922018044455,"high_dependence",-19.5990775761601,-19.6013776619199,0.00230008575974239,0.0478014987110182,1.19683175077191,"spline","selected"
3.17610192580438,1.55452323548266,1.94567063794143,"high_dependence",-7.04423001030556,-7.04882617650269,0.00459616619713721,0.0508742085198195,1.6878049493227,"spline","selected"
6.39915843575654,1.13931435637265,2.26166093806287,"high_dependence",-7.29528543316746,-7.29161202776811,0.00367340539934968,0.0379410736183739,1.15286543240646,"spline","selected"
-1.57999386128116,1.95591995646103,2.09718049426541,"high_dependence",-10.4560323251049,-10.4544194961893,0.00161282891561498,0.13372771656693,13.5967986900595,"spline","selected"
8.12972125436251,2.52161769699777,2.26545749435304,"high_dependence",-22.6951716634481,-22.6912442621891,0.00392740125899493,0.0841233203547511,0.57752232937293,"spline","selected"
7.93373876735921,2.38218146923443,2.09302807089936,"high_dependence",-13.2600776251065,-13.2540409364988,0.00603668860770412,0.0739380466860211,1.05339102867389,"spline","selected"
5.91391426789177,4.23435209267084,2.13580965087424,"high_dependence",-33.0875235400668,-33.0841941160922,0.0033294239745274,0.162687530924396,1.72519930578923,"spline","selected"
0.557004449847647,3.3808991077277,2.31924504966164,"high_dependence",-41.2685444304817,-41.2656549595987,0.00288947088301228,0.052975351951506,2.02578282053473,"spline","selected"
6.98005047836185,2.56281149991523,2.02939785786664,"high_dependence",-12.8093936841944,-12.8068589749256,0.00253470926884525,0.016510919160307,1.66379401668398,"spline","selected"
3.41741116473036,3.15385588919351,2.43271848450702,"high_dependence",-48.0824153915599,-48.0859729236542,0.00355753209431242,0.051130497210605,2.30482909018945,"spline","selected"
-0.535932811609278,5.04997147627428,2.2937127572601,"high_dependence",-58.0450868370095,-58.0450210582468,6.57787627531548e-05,0.146462239764544,7.34137131909637,"spline","selected"
5.30498616896285,4.77307113105168,2.01322970654611,"high_dependence",-29.3872486009883,-29.3879639376359,0.000715336647573395,0.0516247828011087,3.22688527751259,"spline","selected"
3.5723039619005,2.02316898711205,2.3554357839883,"high_dependence",-24.889407029644,-24.8896577920056,0.000250762361584833,0.0275636721913589,2.36298809045627,"spline","selected"
6.56050591623392,5.08609504744029,2.38683004858656,"high_dependence",-69.8092953852132,-69.8016761731444,0.00761921206878924,0.0952362868350244,1.88814381776663,"spline","selected"
6.59779601115009,3.10083743873974,2.21777383453412,"high_dependence",-27.1082863783932,-27.108790494653,0.000504116259797627,0.0539878055038875,2.80071699892563,"spline","selected"
6.29433644895412,4.66345531593864,2.20238807527186,"high_dependence",-42.5829061482837,-42.5822700102683,0.000636138015480014,0.0121404630330005,5.7370514673656,"spline","selected"
4.91390901018613,5.0535927376279,2.41557913315294,"high_dependence",-75.1556059342103,-75.162287867851,0.00668193364069225,0.103347795731879,2.34066500451007,"spline","selected"
8.40365476610532,4.84454859366309,2.20260275219729,"high_dependence",-43.2360793284944,-43.2463135061983,0.0102341777038788,0.0436371117792774,5.75502172126996,"spline","selected"
1.80426310276765,3.39370479448469,1.95368404546685,"high_dependence",-19.3949776311975,-19.3910707692629,0.00390686193458833,0.108762022329994,0.619931334762725,"spline","selected"
0.694946111055045,1.10971835475008,2.2315985673796,"high_dependence",-10.0216739225944,-10.0257366559935,0.00406273339915231,0.0308269185738703,0.897602087236907,"spline","selected"
5.79529884918889,1.40299148649606,2.29411369968605,"high_dependence",-11.8565223742432,-11.8581600937094,0.00163771946623292,0.0376506773270355,1.67926794021814,"spline","selected"
5.75849659437743,2.7018986288405,2.28416784622318,"high_dependence",-27.4343308358745,-27.4360529556345,0.00172211975997882,0.0829900569191219,1.87505257008773,"spline","selected"
8.50517477948655,2.45742183374977,2.08171658702444,"high_dependence",-13.1531032649485,-13.1514727873218,0.00163047762666402,0.0690177878891169,1.14914826638283,"spline","selected"
0.171400191270583,3.88747016475558,2.04995190771882,"high_dependence",-26.7410973437162,-26.7329740955399,0.00812324817624699,0.0373483526962872,3.20101253882427,"spline","selected"
-1.55785613160978,2.01973562562761,1.96633648362372,"high_dependence",-7.32672659126233,-7.32472573004923,0.00200086121310683,0.0698532032479316,14.3441342612194,"spline","selected"
4.80585918403715,1.35499609039931,2.06642421938703,"high_dependence",-6.27541188251468,-6.27260253451647,0.00280934799821519,0.0290416384306276,2.62672508938029,"spline","selected"
3.84493460220645,4.00002095174095,2.16472412342419,"high_dependence",-34.9247023064136,-34.9240227838487,0.000679522564915658,0.122404676112904,2.68912885469618,"spline","selected"
0.886442494853139,5.12272296718627,2.385806528124,"high_dependence",-73.1885091199074,-73.1836418790428,0.00486724086459844,0.0892642435838072,1.667019642581,"spline","selected"
6.4943317011405,2.36886409416347,2.11962062203677,"high_dependence",-14.9830213593151,-14.9754963779138,0.00752498140126434,0.0894824624231561,1.24262698234841,"spline","selected"
4.97218397833904,3.98645211163598,2.13410019361163,"high_dependence",-31.5686068785134,-31.5777685140308,0.00916163551744376,0.148283714840303,2.21830913250829,"spline","selected"
1.91974236357071,3.33363558709455,2.21255739570654,"high_dependence",-32.8143799798111,-32.8186070834158,0.00422710360470546,0.0408636945610391,3.15232050318437,"spline","selected"
3.21345139401081,3.9665299646602,2.41647675435639,"high_dependence",-59.4226162744285,-59.4259846226089,0.00336834818034504,0.078193900388594,1.51094539775095,"spline","selected"
8.86616892751763,1.9672739843443,2.14723789132745,"high_dependence",-11.1042958014341,-11.1101188055022,0.00582300406805381,0.0755399730840009,0.460109384555366,"spline","selected"
1.71170068530586,1.7731430499319,2.09304502706297,"high_dependence",-12.8514185176724,-12.8471996915275,0.00421882614489988,0.0527289450302787,1.10106080682415,"spline","selected"
4.16077765928679,4.78655428085802,2.2460149789132,"high_dependence",-50.1923407593733,-50.1903971031367,0.0019436562365911,0.150605769319747,2.29317158266354,"spline","selected"
2.13826398931755,2.78026231074145,2.17390456875505,"high_dependence",-24.8743116860563,-24.8760963959244,0.00178470986816492,0.0685371498275124,1.80941263028766,"spline","selected"
0.443970056369016,5.05298152456645,2.02161509663834,"high_dependence",-33.6134310025753,-33.6018646880455,0.0115663145298086,0.0299446399143794,3.28695206323988,"spline","selected"
-1.09093979477711,4.20243249783194,1.9383648430311,"high_dependence",-20.7286550231395,-20.727522504108,0.00113251903154676,0.139393298259941,10.8409082290783,"spline","selected"
-1.59284926763212,3.09765881521647,2.41977631527736,"high_dependence",-42.6804879765178,-42.6805145689742,2.65924563436215e-05,0.123875562023032,15.8061605328086,"spline","selected"
3.12146815562859,4.91640817660994,2.23134072390844,"high_dependence",-50.7403040573861,-50.7510775666471,0.0107735092609857,0.126923308453075,2.85326277348615,"spline","selected"
-0.528230133672132,3.97973310751071,1.94461139522133,"high_dependence",-20.8310599388173,-20.8307667828476,0.000293155969664838,0.13738584060492,6.44893177235598,"spline","selected"
8.31361870702842,5.12093909402847,2.1033124047098,"high_dependence",-36.81493130828,-36.8077221719681,0.00720913631184317,0.175442032844006,1.60156855037158,"spline","selected"
0.495455790537587,5.13048801977876,2.09418895611069,"high_dependence",-39.8432564672784,-39.8362940824153,0.00696238486305134,0.155513220805129,2.55412190174946,"spline","selected"
-1.15938114168112,2.39190786483375,2.08101730758958,"high_dependence",-14.4687916227217,-14.4659551984475,0.0028364242741965,0.0732629319095083,176.034625926981,"spline","selected"
-1.57769640223056,2.61518646707359,2.14980334383164,"high_dependence",-18.199180056101,-18.2017724536994,0.0025923975984341,0.13228095495544,15.3829075455873,"spline","selected"
3.9510958240606,2.4255837625589,2.41215232624053,"high_dependence",-34.1654741766477,-34.1598645376726,0.00560963897516586,0.0511687670446788,2.4070874827914,"spline","selected"
8.95450730421278,1.50997734511938,1.95995604188731,"high_dependence",-2.68016635289852,-2.67950664894494,0.000659703953577839,0.0624599066386661,0.36303407764397,"spline","selected"
2.16981292507195,1.38901148978546,2.36130990794804,"high_dependence",-17.4014787295517,-17.3953450660457,0.00613366350604139,0.0129592017889656,0.841116633798852,"spline","selected"
1.58403704621836,1.60393724338601,2.23247903126195,"high_dependence",-15.5953039426867,-15.596965470387,0.00166152770034422,0.0447290257695482,1.31011743449883,"spline","selected"
2.23533308293556,1.73024932419508,1.96251892805058,"high_dependence",-9.17274801361968,-9.16772338709672,0.00502462652296209,0.0542040827860753,0.571252984511394,"spline","selected"
0.672525154675739,2.21334317539478,2.03415425634188,"high_dependence",-14.228802099287,-14.2255022498782,0.00329984940884032,0.00794804188861137,1.27166595752377,"spline","selected"
7.12302096214993,1.88912305366804,2.07841213841491,"high_dependence",-9.10914156211794,-9.10992283743688,0.000781275318940899,0.0453328741259316,3.54399342822548,"spline","selected"
4.14758671180048,1.10490238974596,2.31087194527507,"high_dependence",-10.151500370852,-10.1463590951764,0.00514127567557843,0.023523455753091,2.936660522904,"spline","selected"
0.546509300556335,2.07335270030576,2.0062598115176,"high_dependence",-12.3350719364601,-12.3319427458745,0.00312919058559658,0.0322643473618969,1.13504102923307,"spline","selected"
5.17515566348291,1.52923332843724,2.38383629526416,"high_dependence",-17.5624176803026,-17.5671945122509,0.00477683194831258,0.0311728913837456,2.21663444670968,"spline","selected"
-0.705063123226491,3.66309520496931,2.43017904074039,"high_dependence",-54.8343968431902,-54.8354672822077,0.00107043901747517,0.0936730099632799,5.82997828678426,"spline","selected"
5.85489884104245,2.73921106888505,2.21579223944222,"high_dependence",-23.662408596204,-23.6668475126017,0.00443891639768879,0.0597053020816718,52.9912497869174,"spline","selected"
0.122383733555266,2.53865321596301,2.19174964876016,"high_dependence",-22.7929217849887,-22.7973653213242,0.00444353633547934,0.0382304564489435,3.19243493537951,"spline","selected"
-0.678367844309962,4.79634411986148,2.22729263114056,"high_dependence",-47.4376883643043,-47.44689795189,0.00920958758575097,0.13891468977632,7.77958148517921,"spline","selected"
0.596756964388007,3.34302278421698,2.43381692176485,"high_dependence",-51.82602089309,-51.8268572695383,0.000836376448290821,0.0455246178275775,1.97692654981295,"spline","selected"
5.51807515343455,2.20170758810697,2.36375594401671,"high_dependence",-26.0175805078122,-26.0223727553626,0.00479224755036611,0.0255047176714619,2.11756499946041,"spline","selected"
4.63130239810245,1.78652970683177,2.35630705745756,"high_dependence",-20.5493095868259,-20.5437748666214,0.00553472020446222,0.023040509879068,2.79885723978027,"spline","selected"
7.9123599405892,2.68809998370952,1.96649178694445,"high_dependence",-11.0148957827136,-11.008564413836,0.00633136887757857,0.0804170388766507,0.918138918723249,"spline","selected"
2.35976027653065,0.544237502866052,2.36087545112627,"high_t_low_q",-5.44271645382492,-5.43747788155918,0.00523857226573465,0.0137952103722341,0.522072661544101,"spline","selected"
8.03331325466269,0.813990866119322,2.34609005393147,"high_t_low_q",-4.24364510263337,-4.24247748192695,0.00116762070641485,0.0123989668659899,0.750100067970755,"spline","selected"
3.90983354811094,0.0159561190292034,1.93246524366903,"high_t_low_q",3.31876477104659,3.31590854500112,0.00285622604546631,0.0368824484509573,13.3043793817957,"spline","selected"
6.18262414475881,0.998220569984566,2.00762266420291,"high_t_low_q",-1.46531331503525,-1.4605891660472,0.00472414898805118,0.0160514856732873,1.37317427703211,"spline","selected"
5.97041475865571,0.0840723280505482,1.94856717034078,"high_t_low_q",4.88080450200172,4.8787719306191,0.00203257138262547,0.00615940167857906,1.6372314296443,"spline","selected"
5.40419965641207,0.113532984150149,2.36360722531597,"high_t_low_q",3.77372362973797,3.772955622579,0.0007680071589653,0.0135445893872933,2.10313223559917,"spline","selected"
4.5784399294433,0.0495162235619426,2.19588185214586,"high_t_low_q",3.94556659397162,3.95022883567581,0.00466224170418128,0.0078007605626416,4.68996788465734,"spline","selected"
6.64898428015756,0.279849524131478,2.27218309311215,"high_t_low_q",2.83762188200533,2.83930347057605,0.0016815885707131,0.00903919404426167,1.00447950477791,"spline","selected"
2.21775128377535,0.390369545038696,2.09222123650177,"high_t_low_q",-1.36577322324215,-1.36015874624337,0.00561447699877982,0.0126661003022947,0.630120834592059,"spline","selected"
-1.27058365800553,0.594200858445179,1.96412717338665,"high_t_low_q",0.884064373306987,0.883339440767629,0.000724932539357348,0.048039159521844,10.8807635481251,"spline","selected"
8.76436658179748,0.578007392533224,2.00799965671138,"high_t_low_q",2.88270773764865,2.88401444643372,0.00130670878507289,0.00894057391579912,0.438240060840834,"spline","selected"
-1.17994607047916,0.384801681026576,2.44162922732924,"high_t_low_q",-1.43263730876513,-1.43452593242398,0.00188862365885512,0.0334896381075531,9.65206847730531,"spline","selected"
-1.38503481083574,1.01177229540786,2.177452630283,"high_t_low_q",-4.62805642962535,-4.63084066323007,0.00278423360472324,0.0532378216826885,11.6432971510519,"spline","selected"
4.14253825498667,0.0359241843939503,2.27359445397552,"high_t_low_q",3.61096204118054,3.61059366511864,0.000368376061890441,0.0379073712649328,6.61986270407806,"spline","selected"
4.64692353343508,0.573549069096734,2.01740557036056,"high_t_low_q",0.17868408535568,0.184008895711249,0.00532481035556867,0.0227035444676088,2.84327631919243,"spline","selected"
0.470807236907207,0.522188714232322,2.02272129818549,"high_t_low_q",-1.81870160441733,-1.81865023755407,5.13668632617925e-05,0.00931328903431111,0.637380058845055,"spline","selected"
8.20831550042301,0.72315535916753,2.16679977303521,"high_t_low_q",-0.116939299640791,-0.117089924850637,0.000150625209846364,0.0217017478138772,0.673602388894134,"spline","selected"
0.66608192816159,0.171693871658291,2.41398440238532,"high_t_low_q",-0.563677646261007,-0.56631167223334,0.00263402597233298,0.0121263542977739,1.05428504985778,"spline","selected"
-1.58260148651831,0.0424166320682393,2.40088217998553,"high_t_low_q",5.21810235587709,5.21798885946321,0.000113496413880476,0.1306284149379,24.4306435888123,"spline","selected"
3.08956495119386,0.46700062964087,2.27616082751798,"high_t_low_q",-2.77351270935157,-2.77724136438664,0.00372865503507303,0.0160287800689365,1.75429354737504,"spline","selected"
8.79502513501481,0.305021158936969,2.30660343309564,"high_t_low_q",3.387750357903,3.38935432263654,0.00160396473354485,0.0105021778654786,0.378247338052784,"spline","selected"
5.17784449151282,0.0312041582851864,2.33676470702147,"high_t_low_q",4.75578760206068,4.75688990952367,0.00110230746298434,0.0239245521216234,4.78395489831408,"spline","selected"
8.46426018640908,0.227940454746846,2.00712671309921,"high_t_low_q",5.22397832347828,5.22571676136505,0.00173843788677708,0.0101622890057676,0.510553169438116,"spline","selected"
8.64616918821248,0.85637169689379,1.95260483068203,"high_t_low_q",1.43142647069936,1.43154240720935,0.00011593650999675,0.028220136559365,0.388893127420358,"spline","selected"
4.57680571523139,0.0357629708137746,2.1511192186944,"high_t_low_q",4.07148144727443,4.07611207300624,0.00463062573181272,0.025083674141343,5.56728578879199,"spline","selected"
0.217948247191041,0.188912683068444,2.00160425723548,"high_t_low_q",0.795404717774127,0.796319442051014,0.000914724276887657,0.00850074422928441,0.829216449968217,"spline","selected"
3.94867576746871,0.917297015825725,2.02475332146224,"high_t_low_q",-3.16303323318616,-3.15984813664891,0.00318509653725085,0.0146316344215135,2.91319423089119,"spline","selected"
1.80297076172512,0.547467492351264,2.42130880899024,"high_t_low_q",-6.69541069068423,-6.69201515953634,0.00339553114788771,0.0160276327698821,1.19576754483553,"spline","selected"
3.35544881170935,0.193904593477836,2.04456322207056,"high_t_low_q",1.39362176912598,1.38960597962676,0.00401578949921699,0.0225207073544155,2.44444811322842,"spline","selected"
5.78901674214287,1.01568533310497,2.32322252592348,"high_t_low_q",-7.75278475931755,-7.75416321750044,0.00137845818288351,0.0153463101285217,1.6472814089859,"spline","selected"
1.6709182715908,0.184044347576743,1.92199547869893,"high_t_low_q",0.358916252659639,0.360464059689991,0.00154780703035173,0.0148887318924165,1.53268807519068,"spline","selected"
6.74912797050724,0.680819073321516,2.2634897099646,"high_t_low_q",-1.75040550296955,-1.74819970897835,0.0022057939911917,0.0237285369878506,20.9672744143226,"spline","selected"
3.45433809901646,0.521552677820318,2.06196181136041,"high_t_low_q",-1.08401539161174,-1.08766252489943,0.00364713328768485,0.0127161441330161,2.51224506284052,"spline","selected"
7.58415780760862,0.421244916603031,2.3453552962582,"high_t_low_q",0.964131146940065,0.963037950681835,0.00109319625823012,0.00660667389194872,0.755164642467901,"spline","selected"
1.16156579578936,0.373946552932691,2.06678558639109,"high_t_low_q",-1.3289887717884,-1.33204111243038,0.00305234064198445,0.00828496982996458,1.56808907931324,"spline","selected"
-0.179030791075682,1.04068723838809,2.14465415735815,"high_t_low_q",-6.6769391413802,-6.67594074672746,0.00099839465274254,0.0407182432749594,2.8950926295162,"spline","selected"
8.74009372474624,0.745847571433932,2.27438461178431,"high_t_low_q",-1.68853981849061,-1.68921791489071,0.000678096400094974,0.0247696280035645,0.355137917992951,"spline","selected"
8.27183677558285,0.136344245489635,2.44136833288837,"high_t_low_q",4.91308976896886,4.91241730521349,0.000672463755361896,0.01046428612051,0.623506422322302,"spline","selected"
8.23459885219217,0.392225864585584,2.43219986689983,"high_t_low_q",0.744443390514684,0.744316084937275,0.00012730557740892,0.00711203846286136,0.605440210318959,"spline","selected"
2.29783667210852,0.0156118370437694,2.10557271640621,"high_t_low_q",1.75366450362538,1.75885043680115,0.00518593317577376,0.00844902859580376,1.4752203178423,"spline","selected"
7.83410720797941,0.977852165233306,2.27808028881274,"high_t_low_q",-4.96817732971892,-4.96919947287243,0.00102214315350313,0.0348002969764035,0.677851449651858,"spline","selected"
-0.816719220148561,0.0653239601517982,2.34125179507471,"high_t_low_q",3.10507286056067,3.10526804069583,0.000195180135159845,0.0279880402645529,8.98850080072736,"spline","selected"
6.10997623054548,0.813312226861767,2.06872673470337,"high_t_low_q",-0.875555390499161,-0.872896368735235,0.00265902176392618,0.0185152209691413,1.3731852961477,"spline","selected"
5.66383919019662,0.520602368560938,2.31668534646246,"high_t_low_q",-1.23057480016324,-1.23305417137871,0.0024793712154656,0.0102418295372046,1.6417411625849,"spline","selected"
5.05954686207559,0.881418960466721,2.4187887674233,"high_t_low_q",-8.92013625788151,-8.92217368498436,0.00203742710284693,0.0195035764811744,2.27190383734503,"spline","selected"
8.27010666431712,0.867898517798237,2.37077765731111,"high_t_low_q",-5.45174861411797,-5.4495416392985,0.00220697481947241,0.0111582315798849,0.646464932005132,"spline","selected"
7.38442146909057,0.22234793297871,2.40601536981174,"high_t_low_q",3.26855276494691,3.26886949049697,0.000316725550057573,0.0109513342146205,0.776650604354909,"spline","selected"
5.41291961873239,0.707184536318186,1.97999154426953,"high_t_low_q",0.252941276161054,0.249606018261757,0.00333525789929676,0.0196848869776963,1.88761762810622,"spline","selected"
0.575801179086562,0.579855108470216,2.25080596576067,"high_t_low_q",-4.4752266128928,-4.47758698477583,0.00236037188303495,0.0236483501014196,0.699222895080473,"spline","selected"
3.32496909780011,0.687432518239825,2.13786410978609,"high_t_low_q",-3.31575829219041,-3.32091035506481,0.00515206287440062,0.0270361075173714,2.19443167058918,"spline","selected"
0.414145215216124,0.643398952998898,2.36863507924365,"high_t_low_q",-6.86643282385627,-6.86649881477392,6.59909176512485e-05,0.00725403075644425,0.623224957322476,"spline","selected"
5.03075318896802,0.0550117045005383,2.36145623321563,"high_t_low_q",4.28709485169977,4.28929218456908,0.00219733286930879,0.0177077226036256,3.5811360027102,"spline","selected"
2.45200450312309,0.787871510686582,1.98818251248529,"high_t_low_q",-3.34427922924654,-3.34003391482806,0.0042453144184762,0.0193171079687254,0.565019496342167,"spline","selected"
6.11936600133821,0.843132609071898,2.17179123499217,"high_t_low_q",-2.51630079786987,-2.51628295629615,1.78415737268622e-05,0.0241729471507666,1.40496246347129,"spline","selected"
5.56821294538866,0.484679398121002,2.07723995964757,"high_t_low_q",1.29514751295915,1.29270638399694,0.00244112896221038,0.0109564814436323,1.73360200528931,"spline","selected"
4.56058076009067,0.636101854718086,2.35378259091298,"high_t_low_q",-4.34185046404884,-4.33598994869087,0.00586051535796983,0.0231275403887051,2.94905275403448,"spline","selected"
-0.13867141636537,0.711114822633729,2.30548350072356,"high_t_low_q",-6.06350049455889,-6.06113648199515,0.00236401256373586,0.0256303140338897,2.5806463119812,"spline","selected"
6.69429656202739,0.916871050685761,2.33026977647736,"high_t_low_q",-5.99649135840312,-5.99242077834767,0.00407058005545125,0.0114159985430527,60.9382508375186,"spline","selected"
-1.19821609275082,0.566833373209236,1.92549312616689,"high_t_low_q",1.10887296089751,1.10706584705834,0.00180711383916665,0.0595852770128899,9.63011850781567,"spline","selected"
-1.47314101377122,0.564349634253916,2.37079733616322,"high_t_low_q",-2.48714740422597,-2.48716401530522,1.66110792574337e-05,0.0312248166795169,12.5055803722591,"spline","selected"
-0.924888433472933,0.411986310938457,2.41078013166518,"high_t_low_q",-2.07311855799683,-2.07385359567692,0.000735037680094308,0.0346080016082335,7.38541032536908,"spline","selected"
1.68033437329701,0.772738541364546,2.04406346504774,"high_t_low_q",-4.16168484667868,-4.15820162090498,0.00348322577370652,0.0238205430072645,1.31420727347353,"spline","selected"
-1.04434342814725,0.540320825742104,2.42211945563879,"high_t_low_q",-3.97184952137429,-3.97294682769017,0.00109730631588301,0.0144593919534711,8.60281893072457,"spline","selected"
8.58631041080957,0.884039310038508,2.42901914962696,"high_t_low_q",-7.04319465280123,-7.04337356925868,0.000178916457455713,0.0157939665735453,0.547348890032232,"spline","selected"
7.916676650797,0.926672028356551,2.43774211217922,"high_t_low_q",-8.30284826711436,-8.30329143667326,0.000443169558904444,0.0149982677836134,0.859010885637517,"spline","selected"
6.63051525708582,0.199624836114936,2.32257906306396,"high_t_low_q",3.58360349029327,3.58514822052571,0.00154473023243495,0.0111942197435833,0.766958878801537,"spline","selected"
6.01894612343283,0.963796704903889,2.3678214098751,"high_t_low_q",-8.02508468538211,-8.02362942303318,0.00145526234892834,0.0150807813465976,1.44693924810136,"spline","selected"
-1.0913327627798,0.643118927778971,2.2730890343451,"high_t_low_q",-3.00818345288156,-3.00963491077586,0.00145145789429124,0.0278001866799065,8.91085355208728,"spline","selected"
7.69801218963826,0.186900586555899,2.30064535827513,"high_t_low_q",4.42054929928343,4.41908071147863,0.00146858780479686,0.0056892867669629,0.740471736127383,"spline","selected"
7.87441194733777,0.861952404222806,1.93076169303314,"high_t_low_q",1.24123731522177,1.2402307640864,0.00100655113537029,0.0304413153640484,0.647329559520831,"spline","selected"
7.1447352093278,0.839214644937525,2.35994029091607,"high_t_low_q",-5.34458946759687,-5.34435901235376,0.000230455243106498,0.0072328537385838,0.91134138408052,"spline","selected"
-1.18218140660917,0.385974308247543,2.06497185551681,"high_t_low_q",1.5326527278992,1.53181750316108,0.000835224738114704,0.0598811962311961,9.50011289338412,"spline","selected"
6.0653535318193,0.252863099913029,2.02133761522846,"high_t_low_q",3.70744194083878,3.70668420394539,0.000757736893388206,0.00739550063345567,1.32690065962525,"spline","selected"
1.40027612156858,0.905041649612374,2.09709280226504,"high_t_low_q",-5.86459392420689,-5.86527502579986,0.000681101592965305,0.0333113707731279,1.39837635519749,"spline","selected"
5.21423754909664,0.0632820614943579,2.15956382458254,"high_t_low_q",4.42757528009304,4.42788663412999,0.000311354036945488,0.00945572175890725,2.97876406291256,"spline","selected"
6.12677718889345,0.0015776860515732,2.38425893542304,"high_t_low_q",5.92993994185959,5.92738571761152,0.00255422424807428,0.0623555106992036,26.9205597719577,"spline","selected"
-0.250637787882346,1.01389419083436,2.17119212273128,"high_t_low_q",-6.80937557913251,-6.80916589608553,0.000209683046972664,0.0311969454434841,3.31451547900761,"spline","selected"
-1.12928299564949,0.0400904161267781,2.17050253197612,"high_t_low_q",4.09607595141642,4.09460648106434,0.00146947035208633,0.0417124672418367,16.1220253217253,"spline","selected"
4.04708065170904,0.633834001107443,2.09794218366278,"high_t_low_q",-1.61758678950729,-1.61549891499154,0.00208787451575776,0.0276164670458053,3.02079597863444,"spline","selected"
2.67162890064011,0.546725530232645,1.98327127096493,"high_t_low_q",-1.5381601462506,-1.53671876324088,0.00144138300971752,0.0243049117321486,0.837654234573506,"spline","selected"
0.338010084788522,0.349605336947172,2.19852417067596,"high_t_low_q",-1.36721646121929,-1.36809858487301,0.000882123653713318,0.00855411672133547,0.725534738958355,"spline","selected"
3.33501980482614,0.0210972106280272,2.04750165416183,"high_t_low_q",2.67304781694913,2.66905546785108,0.00399234909804846,0.0199108991053959,7.84987995265074,"spline","selected"
3.88278730943301,0.318311819713968,2.38595612694962,"high_t_low_q",-0.907499674718726,-0.909833868378146,0.00233419365941967,0.0134672271251334,3.09808571102834,"spline","selected"
3.41130878396995,0.727851494612583,2.33391572328383,"high_t_low_q",-6.53346738090876,-6.53775852935847,0.00429114844971146,0.0109639014230351,2.39062972463601,"spline","selected"
8.92484536633838,0.0433357060594801,2.23371291228761,"high_t_low_q",6.77089101520135,6.77153023134319,0.000639216141840038,0.0251114530009683,0.418119656037511,"spline","selected"
1.63314396825014,0.451027276604523,1.94246136896917,"high_t_low_q",-1.27709303185951,-1.27575146826124,0.00134156359826898,0.0163330078060293,1.40176672139025,"spline","selected"
2.42529594418189,0.957124092816644,2.33303701965125,"high_t_low_q",-10.4815359379597,-10.4769961936302,0.00453974432953075,0.0185843024028975,0.706251233895641,"spline","selected"
-0.775001082097935,0.168301265909829,1.96317850688809,"high_t_low_q",2.46054895792534,2.46082464753284,0.000275689607502017,0.0499830071459934,196.218756256953,"spline","selected"
1.50817935497031,0.0255183812271595,1.97429926375505,"high_t_low_q",1.28166372437675,1.28115439812265,0.000509326254095832,0.0179250964533888,4.18938431407402,"spline","selected"
4.53267731922675,0.413300430161692,1.99129322987531,"high_t_low_q",1.34515206166676,1.35070342506255,0.00555136339579265,0.0171793337460804,3.00690575485334,"spline","selected"
8.6193828782994,0.159266815575555,2.28876053903435,"high_t_low_q",5.21939710631015,5.22174112908599,0.00234402277584689,0.00904069665362699,0.446510769668301,"spline","selected"
8.75757890002382,0.0318897756475136,1.92794174757196,"high_t_low_q",6.68449414569722,6.68755419579016,0.00306005009294541,0.00774063307787263,0.637171834393657,"spline","selected"
8.4956349665895,0.359628222246046,2.09111849554528,"high_t_low_q",3.93519564239125,3.93693731196273,0.0017416695714827,0.010957133507884,0.491807469565591,"spline","selected"
-0.313841914371436,0.601879723955449,2.07414363208025,"high_t_low_q",-1.87677985033821,-1.87384297250731,0.0029368778308998,0.0179972646011365,3.34627848193893,"spline","selected"
1.96149584521203,0.953185519468981,1.94094308242994,"high_t_low_q",-4.18658621599284,-4.18212922130008,0.00445699469276128,0.0329872468683909,0.860591061807294,"spline","selected"
6.59327889083347,0.448347681936963,2.18673512918721,"high_t_low_q",1.53916434553881,1.54055059319966,0.00138624766084883,0.00911442628854945,1.1016918653411,"spline","selected"
6.32728333520882,0.90844972749089,2.33855046434148,"high_t_low_q",-6.30942056363401,-6.30526997452915,0.00415058910485655,0.00713038371209454,1.28536762159414,"spline","selected"
0.890308472646678,0.606391413881914,2.08437231053358,"high_t_low_q",-3.18358347032232,-3.18623426428433,0.0026507939620064,0.0173855044786785,1.20754894860314,"spline","selected"
3.68810128545394,0.379378541762872,1.92838978228053,"high_t_low_q",0.850860073226226,0.847471956769753,0.00338811645647297,0.0310577789037403,2.82931870655841,"spline","selected"
-0.0669101790940858,0.909121591984015,2.20647447222424,"high_t_low_q",-6.67334232453335,-6.67351739379677,0.000175069263417704,0.0205086896496592,2.36276473595446,"spline","selected"
6.57946989001355,0.501821424808922,2.26810810222761,"high_t_low_q",0.193669578043598,0.195816986421214,0.00214740837761671,0.0161227514459029,1.0295477438151,"spline","selected"
-1.22285792752641,0.994495099749962,2.07501951561152,"high_t_low_q",-3.17689209762728,-3.17645634061934,0.000435757007945625,0.0323064394955644,10.5073610293836,"spline","selected"
1.71225096616478,0.193846394306334,1.95055768796051,"high_t_low_q",0.272844539604289,0.275064397145704,0.00221985754141424,0.0099671878514446,1.47131656941254,"spline","selected"
2.96065995748877,0.93169233213973,2.2812582999573,"high_t_low_q",-8.53290638435239,-8.53622819683819,0.00332181248580454,0.0293575689560895,1.38153928722541,"spline","selected"
0.886594493235671,0.0267380433825582,2.12387254335069,"high_t_low_q",1.46594758367805,1.46217869223485,0.00376889144320014,0.0129043182700408,3.3510781602927,"spline","selected"
-0.768037298327393,0.458521822009709,2.27131011978908,"high_t_low_q",-1.51998693935628,-1.51994760663992,3.933271636547e-05,0.0500409733259171,6.51184874626443,"spline","selected"
1.39061889255732,0.810593767401638,2.22865920012519,"high_t_low_q",-6.98320361224022,-6.98634622884777,0.00314261660755122,0.0195555880318496,1.4805158716896,"spline","selected"
0.00892341593109514,0.338533159476476,1.99233442540814,"high_t_low_q",0.0568920861513749,0.0590148626283712,0.0021227764769963,0.0134690950177772,1.62593787623234,"spline","selected"
6.88794994705674,0.614238427243285,1.94406999811177,"high_t_low_q",2.14697043982722,2.14916914245372,0.00219870262650668,0.0213926314616227,0.90672201364133,"spline","selected"
6.03846312277407,0.823252548676368,2.40108706205127,"high_t_low_q",-6.75935650889858,-6.75871807826707,0.000638430631508591,0.0216302412059728,1.34783873878452,"spline","selected"
7.05082513299159,0.0193994685425169,2.24414691847036,"high_t_low_q",6.15819612263543,6.16054429446056,0.0023481718251297,0.00677309966019128,2.95439573829026,"spline","selected"
2.64390299572007,1.02593440226714,2.27434152414297,"high_t_low_q",-9.77849828836072,-9.77800005172307,0.000498236637652028,0.0381513666093876,0.786544893295157,"spline","selected"
6.44400771782012,0.418056244170552,2.17734868543962,"high_t_low_q",1.81877482657347,1.81964823351527,0.000873406941793053,0.0136807778268304,1.12826405264715,"spline","selected"
-1.40504011348106,0.0876556877386117,2.17677741863513,"high_t_low_q",4.31034108918285,4.30871698369861,0.00162410548424052,0.0876599631847393,14.0111610228955,"spline","selected"
0.901331105010587,1.00603757542549,2.30672496728601,"high_t_low_q",-10.7131578163473,-10.7159336031246,0.00277578677737722,0.0219318022729373,1.12855338354089,"spline","selected"
1.48846258611513,0.609597395813159,2.1327946303836,"high_t_low_q",-3.77863452278995,-3.77943955618355,0.000805033393605825,0.0293829798542531,1.44962373913031,"spline","selected"
-0.318167341597281,0.55647344581517,2.25173817387517,"high_t_low_q",-3.21538810246645,-3.21392133265493,0.00146676981152627,0.0342455082436662,3.491761599458,"spline","selected"
6.76294494673343,0.362889093893416,1.94974115806432,"high_t_low_q",3.62539048482786,3.62793967606117,0.00254919123330888,0.011090484436458,0.944979535442094,"spline","selected"
8.12262861000381,0.193478747663342,2.13487902230872,"high_t_low_q",5.05391545608459,5.05240221393008,0.00151324215451432,0.00905611341906109,0.648042845657169,"spline","selected"
-1.56050781252803,0.133400648090491,2.3975196640773,"high_t_low_q",3.79403264407476,3.79391218878261,0.000120455292154542,0.0644376164379522,14.4538818866653,"spline","selected"
3.92148855849554,0.440229755925218,2.11909332884327,"high_t_low_q",-0.260569467631798,-0.261638723672561,0.00106925604076291,0.0185720686455793,3.09104853622373,"spline","selected"
6.88522908435507,0.175244309692748,2.08746105743475,"high_t_low_q",4.67679306973492,4.67912615993745,0.00233309020253536,0.00940715976146378,0.944345663271554,"spline","selected"
1.23505703099036,0.936458073297117,2.2471472544645,"high_t_low_q",-8.67651989731507,-8.68077061740437,0.00425072008929739,0.0311534217583951,1.37134984770346,"spline","selected"
8.32314688327305,0.425831947170022,2.24552243579722,"high_t_low_q",2.1984436330675,2.19848680582659,4.31727590939346e-05,0.0132970487755475,0.552793290891412,"spline","selected"
4.28932239228557,0.694454124450956,2.01289947414253,"high_t_low_q",-1.0444696748527,-1.03836279692025,0.0061068779324509,0.0139802127726852,3.03403200006061,"spline","selected"
1.8911811894479,0.17055105388786,2.38232192813,"high_t_low_q",-0.552453331928448,-0.548017937011467,0.00443539491698131,0.00960925250322328,1.24763483629157,"spline","selected"
4.09153701997411,0.0477839964156498,1.98467362503838,"high_t_low_q",3.36436541214716,3.36380640550216,0.000559006645001858,0.0182931942582616,5.32484256898219,"spline","selected"
1.45623559053348,0.364324000932296,2.0495047916132,"high_t_low_q",-1.20056816945769,-1.20092885935549,0.000360689897798139,0.00734654351300201,20.7448971216996,"spline","selected"
4.46959464706345,0.414637369772231,2.05720126602115,"high_t_low_q",0.942477737345193,0.948222953175066,0.00574521582987364,0.0255040787591565,2.99468034069833,"spline","selected"
6.26494359788754,0.24459778624672,2.11662644935216,"high_t_low_q",3.630787400135,3.63053865001947,0.00024875011553771,0.0169765908062452,14.8251592188453,"spline","selected"
8.25161441228943,0.606243091105301,1.92888629009853,"high_t_low_q",2.98598415550175,2.98666667928959,0.000682523787834732,0.0196856260780668,0.561628431834767,"spline","selected"
7.89859200190122,0.745492495363905,2.09707129156474,"high_t_low_q",0.378835986806812,0.378668495469933,0.0001674913368791,0.0243811438354269,0.692915207831251,"spline","selected"
-0.178789444490074,0.19117421851722,2.00120634337431,"high_t_low_q",1.26343376723547,1.26588791008728,0.00245414285181145,0.00455840105615942,2.56585824917681,"spline","selected"
5.86911152504636,0.535474201397878,2.18880821489264,"high_t_low_q",0.156500700632419,0.153615302487178,0.00288539814524083,0.00773411544018328,1.54313182788501,"spline","selected"
3.0934148820856,0.671373685550836,2.3483813190405,"high_t_low_q",-6.36481118000995,-6.36810466226893,0.00329348225898229,0.0146615032237377,1.77715049318296,"spline","selected"
6.11768252045223,0.854898878448494,2.17966100438281,"high_t_low_q",-2.75533743298853,-2.75546416639575,0.000126733407219692,0.0210766933713888,1.45511636188275,"spline","selected"
3.1202036508975,0.490002808079273,2.34166431452799,"high_t_low_q",-3.76256486622002,-3.76596084062963,0.00339597440961503,0.00260792393872377,1.81859232593228,"spline","selected"
8.6329459153229,0.0101109755005696,2.10206454835302,"high_t_low_q",6.91130313393024,6.9143236002782,0.00302046634795872,0.00704679384880569,2.40399845469659,"spline","selected"
7.64887237305929,0.951079110783812,2.29097337512867,"high_t_low_q",-5.01734913176788,-5.01941780922774,0.0020686774598655,0.027279085616447,0.766306393072882,"spline","selected"
-0.931315213945401,0.591203651034694,1.98563724440578,"high_t_low_q",-0.00518618653855984,-0.0048644180382601,0.000321768500299748,0.0378979668371597,7.47036951922755,"spline","selected"
4.4200304659411,1.00045971364365,2.26532204181806,"high_t_low_q",-7.45064299996093,-7.44526488876625,0.00537811119468223,0.0339757098720068,2.90352643449391,"spline","selected"
3.67039309445968,0.980798619138086,2.00347968793275,"high_t_low_q",-3.66134852960575,-3.66190790241139,0.000559372805646774,0.0147306470168826,2.69233104121089,"spline","selected"
3.9438721755847,0.031918164150873,2.19351852151498,"high_t_low_q",3.39562315439824,3.3926084177576,0.00301473664063945,0.00898088203026873,7.0645094117677,"spline","selected"
3.30699090099076,0.653989240647696,2.04750735622162,"high_t_low_q",-2.15067382126558,-2.15407126333441,0.00339744206882919,0.0126214915686389,2.16524663058148,"spline","selected"
8.25823324064368,0.842600226312156,2.24486802422309,"high_t_low_q",-2.52881944813959,-2.5285056761365,0.000313772003088797,0.0263210785626446,0.592381650585786,"spline","selected"
1.27340169044801,1.00626094296417,2.16251255369662,"high_t_low_q",-7.78664493935455,-7.79078662444513,0.00414168509058221,0.0325440997007825,1.40088483396675,"spline","selected"
3.83230396581661,0.83865965000125,2.32093416274254,"high_t_low_q",-7.27950113867294,-7.27990506772416,0.000403929051224772,0.0132317558193754,2.87715900937818,"spline","selected"
1.10553878102181,0.0163076652570154,2.12178137782469,"high_t_low_q",1.47932967543542,1.47529049574491,0.00403917969050971,0.0131338966483588,6.54041391735548,"spline","selected"
1.18424995043123,0.51000680989215,2.31820263403316,"high_t_low_q",-4.73608616792568,-4.73939074402908,0.00330457610339963,0.0083008705738912,1.5352353351357,"spline","selected"
-0.0265359302633799,0.81129961530153,2.00575844085131,"high_t_low_q",-3.16025524396661,-3.15724292056325,0.00301232340335922,0.0221250114799487,1.96310126796041,"spline","selected"
5.94659348403886,0.0210667181000567,2.20922183782386,"high_t_low_q",5.43320819977814,5.43069957358127,0.00250862619686298,0.0115161568235193,4.39474446809275,"spline","selected"
2.11235271230263,0.784760278048813,2.26180767100315,"high_t_low_q",-7.0750203860903,-7.07036242608738,0.00465796000292329,0.0272007184503179,0.687066989060765,"spline","selected"
8.62876238971872,0.594940050508249,2.0941250386847,"high_t_low_q",2.01034503091402,2.01166737706605,0.00132234615202531,0.0184822203881895,0.443885783153915,"spline","selected"
5.36814610179656,0.0783916052784937,2.17064455110972,"high_t_low_q",4.40853132013675,4.40771169351232,0.000819626624421588,0.0214546780878305,2.34680407507125,"spline","selected"
7.56612414760162,0.933774716224436,2.09897585015826,"high_t_low_q",-1.39836742058906,-1.40026876829058,0.00190134770151662,0.029377023257036,0.762851235629761,"spline","selected"
4.67659174421167,0.17738431458571,2.27352922926941,"high_t_low_q",2.50836207099829,2.51284951956645,0.00448744856816186,0.0118368370211461,2.97105300868398,"spline","selected"
8.26376197361494,0.933727488908125,2.30471220155088,"high_t_low_q",-4.81738107518595,-4.8152699544613,0.00211112072465269,0.0212286079943848,0.6803845321855,"spline","selected"
3.78754326324225,0.870404793438467,2.16788485694281,"high_t_low_q",-4.92315942393976,-4.92591940608683,0.00275998214706696,0.0267841283316835,2.83392145583172,"spline","selected"
8.47201926379793,0.984546951158625,2.19440280105775,"high_t_low_q",-3.02660275595722,-3.02789810543555,0.00129534947832788,0.0139480844496094,20.7811471312829,"spline","selected"
5.13517253232121,0.159460652495663,2.20268393068903,"high_t_low_q",3.34388354537963,3.34397521281516,9.16674355311287e-05,0.0286027908575525,2.37287407839736,"spline","selected"
5.44832803516992,0.64197481325726,1.98620168939005,"high_t_low_q",0.676040786486054,0.672951756140373,0.00308903034568153,0.0178425765945519,1.86822110612543,"spline","selected"
3.33997492450182,0.0803552410390036,2.23684946599449,"high_t_low_q",2.14235323703141,2.13785747261241,0.00449576441899291,0.0207482683989798,3.06573852709143,"spline","selected"
8.6853995021242,0.672631987241539,2.44262978174388,"high_t_low_q",-3.85225492898594,-3.85234570378152,9.07747955811722e-05,0.00909238714071764,0.62077800216967,"spline","selected"
8.35376657455549,0.50367940638914,2.05894459372347,"high_t_low_q",2.8971797716652,2.89900449392971,0.00182472226451047,0.0109599647652408,0.578266123753271,"spline","selected"
-0.139524664109885,0.869404926363293,2.43222611332469,"high_t_low_q",-11.0620131591816,-11.0603037024825,0.0017094566990874,0.0277972394507122,2.68498267092226,"spline","selected"
3.26830760829554,0.988621616422242,2.24296475294007,"high_t_low_q",-8.077189487161,-8.08354660098041,0.00635711381941029,0.0304118797160591,2.03519505181964,"spline","selected"
8.16228997774777,0.438688982842457,2.40946825413775,"high_t_low_q",0.245357482173588,0.245169940099044,0.000187542074544411,0.011516464555082,0.591605726006405,"spline","selected"
5.14065244210717,0.159184586933163,1.93669210602044,"high_t_low_q",3.75771820487375,3.75760522507014,0.000112979803613023,0.0148960255128438,2.2843779644401,"spline","selected"
-0.718624999787724,0.539673516726021,2.16082687295666,"high_t_low_q",-1.41602565200139,-1.41621266913373,0.000187017132335487,0.0374574547825762,6.13416412025613,"spline","selected"
3.69466630383811,0.578169300149296,2.23721054904016,"high_t_low_q",-2.95192183849626,-2.95617348275157,0.004251644255306,0.0184332336658226,2.799027165481,"spline","selected"
6.18179122358266,0.883569933562053,2.43785433126807,"high_t_low_q",-8.577502027488,-8.57580611288103,0.00169591460697127,0.0161167729966727,1.37760506106575,"spline","selected"
1.76050600541191,0.0309619787209064,1.96125142596205,"high_t_low_q",1.28685034180143,1.28952909492944,0.00267875312800747,0.0129628392618722,3.15660902997579,"spline","selected"
8.54557631273158,0.380596148597933,1.97164740899631,"high_t_low_q",4.32717847628107,4.32908372257023,0.00190524628915689,0.0103001789255738,0.462572153046354,"spline","selected"
1.57208298396842,0.318579130683323,2.20004305581701,"high_t_low_q",-1.54667705604125,-1.54695321124987,0.000276155208622342,0.012132698070234,1.56558666446757,"spline","selected"
6.64684646474302,0.906543758807695,2.04758110990774,"high_t_low_q",-0.99612272948851,-0.990740851253613,0.00538187823489711,0.0135298941981647,1.13610345180613,"spline","selected"
6.73041736678637,0.823263704390191,2.35411501948873,"high_t_low_q",-5.23103708606302,-5.22733710963098,0.0036999764320429,0.00737145787409447,1.06615368038488,"spline","selected"
1.41094525150218,0.898839910440383,1.98882499585884,"high_t_low_q",-4.46864094001919,-4.46858259362273,5.83463964636266e-05,0.0188561041852889,1.4113419476846,"spline","selected"
5.78216294112208,0.0422534410945634,2.17969956768542,"high_t_low_q",5.08730049404405,5.08503627653539,0.00226421750866201,0.0147500695700242,2.58993954253595,"spline","selected"
5.03052205001548,0.658550998567219,1.97762772511333,"high_t_low_q",0.257528845183611,0.256968867910007,0.000559977273604184,0.0286617654191393,2.34585345082785,"spline","selected"
3.49751135080531,0.108676967186798,2.39678856376859,"high_t_low_q",1.72826726269801,1.72324273124215,0.00502453145586013,0.0300751677185733,35.4920293135998,"spline","selected"
1.23866133562992,0.146782462567982,2.0261512296143,"high_t_low_q",0.458910616412591,0.455849869033477,0.00306074737911405,0.00716162766687271,1.80035203467829,"spline","selected"
2.79709557523103,0.380928421327153,2.0873740263804,"high_t_low_q",-0.811014060252757,-0.811160077232967,0.000146016980209884,0.0192071413117329,1.09347090336805,"spline","selected"
-1.47881117038181,0.420517896955491,2.00738537045453,"high_t_low_q",2.29677598118335,2.29692007312963,0.000144091946273406,0.0311596168136905,12.7343572811538,"spline","selected"
0.197510057626573,0.298342285915378,2.0767568105375,"high_t_low_q",-0.177925351403347,-0.176773379830943,0.00115197157240482,0.0075974015661074,0.943426723350885,"spline","selected"
7.28056500660485,1.02300887658864,2.20160918958827,"high_t_low_q",-4.13894710972377,-4.14346202956428,0.00451491984050723,0.00735644603486761,1.45306498277966,"spline","selected"
3.01283117252992,0.964487792973726,2.1714014862741,"high_t_low_q",-6.70756934205267,-6.71291733118249,0.00534798912981405,0.0305439300327884,1.62684188673801,"spline","selected"
-0.321735854229726,0.752049366615837,2.05914120836265,"high_t_low_q",-2.87591010738076,-2.87264835666452,0.00326175071624313,0.0210377436860163,3.58388272553576,"spline","selected"
1.06900944673216,0.270469642390918,1.9561706739473,"high_t_low_q",-0.196916440826571,-0.200497886317418,0.00358144549084677,0.0112694226170288,1.54914482566133,"spline","selected"
6.02524238023427,0.693573519530063,2.03608743190139,"high_t_low_q",0.333413331987531,0.334845233928099,0.00143190194056797,0.0153087172885875,1.39647564885354,"spline","selected"
7.50384241861073,0.783098077906818,2.01815147790594,"high_t_low_q",0.73861526308814,0.737617207266943,0.000998055821197052,0.00722843621299023,0.82701373830379,"spline","selected"
-0.194310777603921,0.616495226201473,1.9841378919976,"high_t_low_q",-1.45333084426982,-1.45056792564613,0.0027629186236886,0.0260796675756634,2.66305027238749,"spline","selected"
0.958985418029143,0.275271122744127,2.10548694149026,"high_t_low_q",-0.643949609615224,-0.647588241954118,0.00363863233889339,0.0174812619024928,1.44229150600969,"spline","selected"
6.58873806604239,0.657115188064067,2.35511812514528,"high_t_low_q",-3.00725759233602,-3.00370733892437,0.00355025341165138,0.00596109075321031,1.08444443861584,"spline","selected"
-0.217904618863233,0.217312238645135,2.28017347321956,"high_t_low_q",0.312118843405075,0.314314036728637,0.00219519332356105,0.0241227732345485,2.84057426916724,"spline","selected"
8.02173031120231,0.797434448656331,1.92710076072454,"high_t_low_q",1.73432745640204,1.73426175147949,6.57049225532003e-05,0.0266301238069349,0.625436571540641,"spline","selected"
0.893594192204652,0.721861444912115,2.29341244715438,"high_t_low_q",-6.92933019153861,-6.93267456807357,0.00334437653495545,0.0190554171959448,1.16430487014132,"spline","selected"
7.55170229951344,0.522223277219942,2.12483408246719,"high_t_low_q",1.87471008174878,1.87285875022898,0.0018513315198001,0.0189558025584421,0.714551518234509,"spline","selected"
3.15912820640822,0.4847712117644,2.15722019813111,"high_t_low_q",-1.81323575932738,-1.81794753618669,0.00471177685931723,0.0244057886514206,1.94572895465609,"spline","selected"
0.6928387238974,0.489480861427715,1.9755167385125,"high_t_low_q",-1.47796951431661,-1.47976955365828,0.00180003934166684,0.0128553549472511,0.92771603097412,"spline","selected"
2.94226264655024,0.878695630579253,1.92547810510907,"high_t_low_q",-2.9101987435855,-2.91360978970883,0.00341104612333432,0.0307813040939637,1.37119883504796,"spline","selected"
8.47979460736913,2.157699774033,0.763366372294189,"interior_stable",4.13204239751283,4.13197103253147,7.13649813572914e-05,0.00166219536237772,0.415938218084099,"chebyshev","selected"
4.92531584425816,3.1983356038429,0.447572958593707,"interior_stable",1.45859690209072,1.45868983138744,9.29292967213335e-05,0.00523643476191856,56.9883763544046,"chebyshev","selected"
2.28199882106349,4.28963399752175,0.77395334388984,"interior_stable",-1.70681421921003,-1.70613482699342,0.000679392216609731,0.00147557195567648,0.472402381592889,"chebyshev","selected"
3.35826335648486,4.61786803932472,1.19357691587503,"interior_stable",-4.62595050248747,-4.62669113911268,0.000740636625205404,0.0163646481486399,1.37490836083141,"chebyshev","selected"
6.99768939148344,4.94808282669944,0.397706999653258,"interior_stable",2.50757888554037,2.50725438723417,0.00032449830620207,0.00126950440123935,75.1423732910922,"chebyshev","selected"
4.45485374330283,4.36401658115632,0.400817925993784,"interior_stable",0.460094085388412,0.46007363360632,2.04517820921457e-05,0.00164506303180285,2.13371043295271,"chebyshev","selected"
4.36846469190585,4.0840215603137,1.36141799356491,"interior_stable",-5.14115309777767,-5.14073482623767,0.000418271539996518,0.00356744588612944,2.14666825738303,"chebyshev","selected"
3.01431224267999,3.20735021205619,0.578982614832749,"interior_stable",-0.357155722000767,-0.357737004012763,0.000581282011995699,0.0105939745724548,1.23310032786302,"chebyshev","selected"
6.26901574868001,2.82401166341254,0.924480748511771,"interior_stable",1.91926511823279,1.91918640531148,7.87129213060123e-05,0.00319804426838452,1.28670666087322,"chebyshev","selected"
5.31340117362578,3.21479967556831,1.21764171668149,"interior_stable",-1.01885464596662,-1.019100241752,0.000245595785380193,0.0077018456444258,2.11460840951767,"chebyshev","selected"
8.61635280044821,4.42397245248464,0.788136555449083,"interior_stable",2.51489943350465,2.51482572404114,7.37094635088198e-05,0.00176252444968032,0.631779720750576,"chebyshev","selected"
1.25238662055407,4.40425259505562,1.39385031261942,"interior_stable",-7.65332793687113,-7.6533858839067,5.7947035567274e-05,0.00361573927116117,0.0685755022506186,"chebyshev","selected"
-0.687720620748262,4.2737530815435,1.27954907623972,"interior_stable",-3.81493451838892,-3.81478223516365,0.000152283225276495,0.0288090119974677,7.64704970339337,"chebyshev","selected"
4.9355663183343,2.00138724887982,0.630769692060135,"interior_stable",1.96929272172842,1.96889313542884,0.000399586299576482,0.0150156192779801,2.43063693556426,"chebyshev","selected"
8.83884014707554,5.15614695788614,1.26173836347973,"interior_stable",-2.38428946662714,-2.38414088893893,0.000148577688212193,0.00119357637582271,0.896665051187876,"chebyshev","selected"
4.30540399953849,2.00688424817414,0.404768407700255,"interior_stable",1.37479039819703,1.37480631317856,1.59149815328608e-05,0.0184335132070786,11.668003972341,"chebyshev","selected"
1.78644400755255,2.77609283165119,0.745998700374224,"interior_stable",-0.9255431698698,-0.92591061049017,0.000367440620369863,0.00704613034152611,0.548909801460003,"chebyshev","selected"
5.25714572272333,3.60411923074647,1.07608100296444,"interior_stable",-0.57347970925818,-0.57382035236716,0.000340643108979299,0.00795011983660221,2.15786031488787,"chebyshev","selected"
-0.629444797647569,2.19412719167906,0.614861957857632,"interior_stable",0.968365314033748,0.96876446458019,0.00039915054644224,0.0263827899356131,6.23669887416022,"chebyshev","selected"
0.346315417143838,4.06928668145835,0.698208619477872,"interior_stable",-0.894906499314299,-0.895069423944929,0.000162924630629724,0.00297671754878215,1.83845526237282,"chebyshev","selected"
8.72619341944504,4.4332322842793,0.35731397828301,"interior_stable",3.79782386132111,3.79855366689355,0.0007298055724414,0.00706851011895523,0.836512362571581,"chebyshev","selected"
-0.846634114158898,2.52241633384414,0.730151151712328,"interior_stable",1.08810233118072,1.08778165295085,0.000320678229869253,0.0674680040461911,7.44896647468129,"chebyshev","selected"
4.77483152004883,4.81628687239773,1.3439620670855,"interior_stable",-5.98717670374172,-5.98758963635313,0.000412932611409289,0.00509796503127513,2.20594616001426,"chebyshev","selected"
-1.57449802285709,4.49869427964756,0.712184481991542,"interior_stable",1.66480966317744,1.66466312629857,0.000146536878870673,0.0824760793186453,14.7168091725301,"chebyshev","selected"
-0.440533886822839,3.45476600929788,0.52207967167618,"interior_stable",0.446698082755994,0.447003023201404,0.000304940445410129,0.0262632033754006,5.55980604112172,"chebyshev","selected"
5.72454462214441,2.20664771613288,1.29899696984171,"interior_stable",0.495697222219328,0.496224279423114,0.000527057203786152,0.0104381780989116,1.73659982018561,"chebyshev","selected"
6.39149923450127,2.94518619342347,1.07081141764709,"interior_stable",1.23339587367435,1.23308989752878,0.000305976145573261,0.00238333506734441,76.4421027566288,"chebyshev","selected"
4.89768795281889,2.07775699609177,0.574514964047815,"interior_stable",1.92427824834316,1.92402909247487,0.000249155868292883,0.00331900304228352,2.4228341902188,"chebyshev","selected"
8.21776431435325,3.26143438993884,0.470817239961675,"interior_stable",3.77991116462074,3.77946581752733,0.000445347093412707,0.00677523090543797,0.411225294171719,"chebyshev","selected"
6.83456491312262,2.96072792066567,0.59854999257217,"interior_stable",3.01512817287081,3.0152609139999,0.000132741129087233,0.00764748669844441,1.01368130637108,"chebyshev","selected"
2.08457377598167,4.93393246000527,0.488070466909713,"interior_stable",-1.03843484106001,-1.03813928236613,0.000295558693882869,0.00235878910739627,0.410102502573484,"chebyshev","selected"
0.504686484374342,2.91923317160764,0.420739116859648,"interior_stable",-0.117190875277905,-0.117069917311349,0.000120957966555396,0.00702933384227387,0.855862888690363,"chebyshev","selected"
6.8618401225858,2.62694904344866,0.614147617912754,"interior_stable",3.20035002897781,3.20046273912714,0.000112710149333672,0.000907048338039034,0.99702462521039,"chebyshev","selected"
5.19406292244105,3.4707133846924,0.398841700296874,"interior_stable",1.66397609688715,1.66421278000827,0.000236683121116021,0.0037682868235174,2.20653115016771,"chebyshev","selected"
7.54068696007588,3.56345555679849,0.78214549469732,"interior_stable",2.57487266637753,2.57487016089397,2.5054835592897e-06,0.00394864948022194,0.714251225712572,"chebyshev","selected"
8.95343192280147,2.20647657418658,0.41540752194651,"interior_stable",4.75670423833423,4.75668801201994,1.62263142886587e-05,0.0348891055497972,0.357207001989013,"chebyshev","selected"
8.65648281755251,2.37141573418155,0.535044483056119,"interior_stable",4.40355310669689,4.4040304288002,0.000477322103312083,0.00366630506709738,0.535804327874117,"chebyshev","selected"
0.3351163058176,3.23440926773996,1.33287588446592,"interior_stable",-4.16647780376819,-4.16656995227102,9.21485028317903e-05,0.0175959204315326,1.45171216793796,"chebyshev","selected"
3.89113081631564,4.92962764635051,0.831859425336259,"interior_stable",-1.69048724347812,-1.69005920922509,0.000428034253032061,0.0109029192884282,1.65824551466514,"chebyshev","selected"
1.98362733647479,4.44879756856094,1.07501625739379,"interior_stable",-3.77011374186864,-3.77005303461962,6.0707249017522e-05,0.00398025077399757,0.277225370728947,"chebyshev","selected"
-0.268043544177517,2.53042348685645,0.759319174263115,"interior_stable",0.221772917086049,0.221848833958966,7.59168729177195e-05,0.0246102334626777,4.08262650569216,"chebyshev","selected"
6.18618868077533,4.99329953806679,0.594784993654149,"interior_stable",1.39331923080906,1.39327798129242,4.12495166393079e-05,0.00838366143108352,1.51519095868737,"chebyshev","selected"
8.43793189444512,4.53949479190448,1.13669947052574,"interior_stable",-0.138419969950776,-0.138191825408689,0.000228144542086417,0.00230740042947478,0.547867683816023,"chebyshev","selected"
-0.79041891971712,4.12653353464994,1.3893171244332,"interior_stable",-4.91615603144601,-4.91579331286016,0.000362718585843247,0.00313980424111968,8.19868782059417,"chebyshev","selected"
1.53924051221565,2.81035473797631,1.20040832590727,"interior_stable",-2.91809286278277,-2.9183800711507,0.000287208367927949,0.00134104332002147,0.638299195352307,"chebyshev","selected"
8.87389477774272,1.98279059722793,0.563473641495941,"interior_stable",4.70593077415844,4.70552139416953,0.000409379988906444,0.00799090347204007,0.412888506633529,"chebyshev","selected"
1.99905237093109,3.76670566506397,0.505546958210886,"interior_stable",-0.750285315608344,-0.750181969464977,0.000103346143367378,0.000666989122215233,0.277639651054335,"chebyshev","selected"
4.75195144931761,3.8156623970676,1.37551789475271,"interior_stable",-4.40949551201274,-4.4100307280911,0.000535216078362488,0.00561591639512198,2.28421640905663,"chebyshev","selected"
6.96119752953056,2.65600928832294,0.770420642416338,"interior_stable",2.96354304278108,2.96351595627603,2.70865050593372e-05,0.00830477036804249,0.973170104599645,"chebyshev","selected"
7.61861765824702,3.61890358218513,0.591508514215308,"interior_stable",3.09445962636114,3.09454283412567,8.32077645385176e-05,0.000908291764708692,0.675769574486929,"chebyshev","selected"
0.998040260683553,4.79130462294176,1.31847385203961,"interior_stable",-7.02511090640517,-7.0250144004768,9.65059283766223e-05,0.00723628540078684,0.508542062416408,"chebyshev","selected"
8.78900325485662,3.05607854875999,1.21852447755828,"interior_stable",1.48065200500688,1.48057678332455,7.52216823294294e-05,0.00424786632252727,0.599999629422276,"chebyshev","selected"
8.19373115805153,4.06768429990495,0.96534110255854,"interior_stable",1.62465533765031,1.62474012532175,8.47876714380469e-05,0.00454683654016189,0.441988300223996,"chebyshev","selected"
1.84846088998097,4.58403141749735,1.31752231965569,"interior_stable",-6.78713638751854,-6.7872659241291,0.000129536610561587,0.010771928368567,0.207943223879912,"chebyshev","selected"
2.18312543036476,2.60275601752061,1.07107081339163,"interior_stable",-1.8066838761277,-1.80633532685764,0.000348549270061227,0.00472573723925501,0.360757760879368,"chebyshev","selected"
-0.148328928716674,4.65625020054857,1.08279038200091,"interior_stable",-2.9834150255058,-2.98352219290637,0.000107167400566599,0.0255700111319102,4.12559998116863,"chebyshev","selected"
3.33707044759637,2.71041608453022,1.08696111946538,"interior_stable",-1.30564344645565,-1.30635770431996,0.000714257864318002,0.00349547901871793,1.72890987606835,"chebyshev","selected"
2.40833649034098,2.48131225028631,0.356890576355834,"interior_stable",-0.163761169472895,-0.163209662503465,0.000551506969430099,0.0118667158919363,0.487793875135982,"chebyshev","selected"
-1.21004447274874,1.97665149296914,1.09548353530973,"interior_stable",1.41519019532568,1.41538840390734,0.00019820858166586,0.0221590636874713,10.5651237192161,"chebyshev","selected"
-0.212130205435601,4.46815117107159,0.951122257874497,"interior_stable",-1.72561827705664,-1.7257537220717,0.000135445015060576,0.0369095620384338,4.32622286454876,"chebyshev","selected"
3.28418597450303,5.19024546989724,0.736532562706363,"interior_stable",-1.72351635355338,-1.72424627754522,0.000729923991832804,0.00529534177342082,1.19608865465008,"chebyshev","selected"
8.08853375308236,3.70537429008143,0.965933388615627,"interior_stable",1.92533079675707,1.92530961315491,2.11836021568601e-05,0.00178751657926998,0.446091904920155,"chebyshev","selected"
8.39727147463386,3.14190424039388,1.069110698315,"interior_stable",2.13620771647594,2.1363601562799,0.000152439803966065,0.00354386153625728,0.449647424434534,"chebyshev","selected"
7.69339496897985,1.84654392709724,1.24604255769976,"interior_stable",2.67244336008156,2.67237457583547,6.87842460984633e-05,0.00428331972093935,0.667059725527521,"chebyshev","selected"
2.85341507330255,3.39288052092641,0.97119639515776,"interior_stable",-1.74793428020842,-1.74814432021357,0.000210040005149459,0.0103959467072455,1.02474935595138,"chebyshev","selected"
0.486291728423861,4.2659579017051,1.17458798523952,"interior_stable",-4.10930842126453,-4.10930181801609,6.60324844048432e-06,0.00840347984749665,1.4173713150545,"chebyshev","selected"
-1.06250351201803,3.34771280849332,0.853683306417644,"interior_stable",0.808190594480541,0.808242129778438,5.15352978970318e-05,0.0454538922841707,9.76851887560787,"chebyshev","selected"
-0.148008591854467,3.5133245233645,1.24195545499145,"interior_stable",-3.13584359147176,-3.13590623589859,6.26444268254644e-05,0.0241688589671913,3.86653657617296,"chebyshev","selected"
7.290254282607,1.96503333450557,0.418668220507489,"interior_stable",3.9506601317037,3.94963211876672,0.00102801293698285,0.00710622110977605,0.815374173144056,"chebyshev","selected"
-1.42575156111156,4.08186991388178,0.528948855967145,"interior_stable",1.71644408594458,1.71683292348218,0.000388837537599773,0.0912834992261099,13.1604218905707,"chebyshev","selected"
5.37434196752469,4.00846816978038,0.783090157041663,"interior_stable",0.659059675748996,0.659025320982425,3.43547665714317e-05,0.0116040858299142,2.08405191921048,"chebyshev","selected"
5.63947545490606,3.79149821015743,0.516421760842144,"interior_stable",1.77810047775441,1.77790009524901,0.000200382505399999,0.00269802544302903,1.88247962285931,"chebyshev","selected"
5.06123060412718,2.26434032057551,1.30680639685709,"interior_stable",-0.266556957117777,-0.267317897191679,0.000760940073901872,0.00291357948399087,2.29359691944998,"chebyshev","selected"
5.39324111802993,3.36171813507891,1.18379802556114,"interior_stable",-0.899658618692794,-0.899747721621224,8.91029284291189e-05,0.010845369236153,2.10592548976897,"chebyshev","selected"
5.04382478623634,2.04430601348359,0.414237901727046,"interior_stable",2.17284758570134,2.17309055281662,0.000242967115274162,0.0129213120064654,2.30560284240192,"chebyshev","selected"
3.94350459731378,3.15727125931936,0.69920584188678,"interior_stable",0.103722618607596,0.104400982928419,0.000678364320822952,0.0146305366039657,2.11038034304442,"chebyshev","selected"
3.36961847237546,3.61809106462084,0.807052590605466,"interior_stable",-0.933716313855666,-0.934581908587802,0.000865594732135433,0.012364160508147,1.58106751620313,"chebyshev","selected"
8.86174903472114,2.04463976804033,0.638394617721289,"interior_stable",4.59679544775146,4.59655324124014,0.000242206511318344,0.00687960861534809,0.477377432099195,"chebyshev","selected"
7.20117883004918,4.6347717596557,0.805225903338226,"interior_stable",1.4831410022368,1.48321998940855,7.89871717550295e-05,0.00643655849387179,0.918356825099943,"chebyshev","selected"
2.63848449927269,2.72730290569593,0.398193357541822,"interior_stable",-0.171957300918292,-0.171577047481406,0.000380253436885913,0.00980505439377928,0.81626460765519,"chebyshev","selected"
4.61062443387366,3.96097099161319,0.652448634545509,"interior_stable",0.330639208912602,0.330566936175799,7.22727368031029e-05,0.00894290517289748,2.28909805812749,"chebyshev","selected"
0.387524841551909,2.84108356447001,1.34011518391981,"interior_stable",-3.61505843542868,-3.61515964142058,0.000101205991899889,0.015484819121159,1.13969117562342,"chebyshev","selected"
8.69683890059066,4.20230876462536,1.02632363010148,"interior_stable",1.38626032189825,1.38600311664456,0.000257205253684001,0.00404571691719574,0.640088194739357,"chebyshev","selected"
8.18852708103028,3.51506885474034,0.888419329712038,"interior_stable",2.53600533416561,2.53604966083887,4.43266732657044e-05,0.00457428978769056,0.429422423706542,"chebyshev","selected"
3.42514369438901,2.34443724632446,1.01058658119205,"interior_stable",-0.518838130518628,-0.519608476300436,0.00077034578180768,0.0154821060954493,1.95029982192958,"chebyshev","selected"
6.805245836412,2.87996912088768,0.684632562582461,"interior_stable",2.89131917096632,2.89141696397671,9.77930103851499e-05,0.00458990865630913,1.02426116797192,"chebyshev","selected"
2.87864483374168,2.37423599774916,1.38538721534152,"interior_stable",-3.09549318340404,-3.09556626813653,7.30847324956763e-05,0.00130963842970614,1.14549118612973,"chebyshev","selected"
2.10657851815555,3.90187398483572,0.521869218570897,"interior_stable",-0.809900921005234,-0.809552099374518,0.000348821630716034,0.0074944254761416,0.30883505560241,"chebyshev","selected"
8.71803650306857,4.47946126039461,0.572799395104485,"interior_stable",3.31369549603017,3.31390384768804,0.000208351657869255,0.00497618534753877,0.754385016942211,"chebyshev","selected"
5.62698029694228,3.16069331775955,0.919737951302409,"interior_stable",1.09440166883016,1.0947455330001,0.000343864169937147,0.0114022325136561,1.89159275327728,"chebyshev","selected"
2.47085539958693,3.11709015705311,0.999299013140121,"interior_stable",-1.83389697009658,-1.83334218056597,0.000554789530610833,0.00885147718124931,0.610602398720413,"chebyshev","selected"
2.03251554955856,3.23532663829924,1.14560432182023,"interior_stable",-2.98762521294521,-2.98748451536339,0.000140697581822113,0.0108191117306315,0.327659166616638,"chebyshev","selected"
5.67013478915639,4.17271345703869,0.973186803675117,"interior_stable",-0.165006584110431,-0.164648487765077,0.000358096345353831,0.0100274949988319,1.90514371031822,"chebyshev","selected"
6.8130742089203,3.98093546382017,1.17237798044901,"interior_stable",-0.60433991792581,-0.60450006833586,0.000160150410050131,0.00358468469873109,1.0819637527325,"chebyshev","selected"
2.34614289981437,4.07792151079414,1.06045512790423,"interior_stable",-3.1801712325473,-3.17963337798051,0.000537854566790674,0.00895503295238825,0.496472406900556,"chebyshev","selected"
-1.06577033156316,3.37074261077799,0.897763002897046,"interior_stable",0.656873863515457,0.656972349220936,9.8485705478657e-05,0.0127164303113151,10.1720464904184,"chebyshev","selected"
2.91904906980434,3.23046824334974,0.807937245674673,"interior_stable",-0.939748761422912,-0.940141264193786,0.000392502770874326,0.0116442662485512,1.10958556307011,"chebyshev","selected"
5.63905507929773,2.77006383436089,1.05386070330877,"interior_stable",0.940877109137178,0.941303833719025,0.000426724581846671,0.014401554210804,1.86389961956446,"chebyshev","selected"
1.0124031001278,2.35820342275157,1.2796411786058,"interior_stable",-2.73183584966274,-2.73178781902799,4.80306347481196e-05,0.00171181548268127,0.590476079990473,"chebyshev","selected"
8.19273792800618,2.88217435906683,1.02414312775954,"interior_stable",2.55356652802369,2.55362830531257,6.17772888742429e-05,0.00267965576512784,0.430784123805792,"chebyshev","selected"
8.74211039627712,3.81698098490792,0.834782839292098,"interior_stable",2.85257645559408,2.85249483046369,8.16251303925597e-05,0.00343287941858642,0.655718460739653,"chebyshev","selected"
7.88396741046055,3.49550650206107,1.29068497154695,"interior_stable",-0.423377346094068,-0.423672057042767,0.000294710948699151,0.00231574887687321,0.513530527807724,"chebyshev","selected"
7.8139589960074,2.35797603589273,0.95735423272233,"interior_stable",3.17359033312254,3.17357836876149,1.19643610489995e-05,0.00241621396059745,0.598634880190941,"chebyshev","selected"
8.87751148528473,2.94398412325162,0.466726097543459,"interior_stable",4.35481122498322,4.35426938436531,0.000541840617906963,0.0118000142669956,0.512777649039989,"chebyshev","selected"
2.52439105955223,4.0398883656111,0.376069525320981,"interior_stable",-0.523749485183994,-0.523211686127196,0.000537799056797961,0.0129174355653839,0.724888595239164,"chebyshev","selected"
6.72266611697422,4.91609168893573,0.934861420197989,"interior_stable",0.173485916792107,0.173276503169488,0.000209413622619142,0.00183102341841004,1.16508814956561,"chebyshev","selected"
8.10629868846402,4.79418049096071,0.671590730290206,"interior_stable",2.42305918753221,2.42305589226134,3.29527086950776e-06,0.00214145468285614,0.46056490672984,"chebyshev","selected"
5.28985404158867,2.11873377154934,0.500912752436719,"interior_stable",2.35062458920175,2.35059740055092,2.71886508298458e-05,0.00587217527161663,18.0547486407434,"chebyshev","selected"
7.05382604406504,3.51636603461729,1.24097228097329,"interior_stable",-0.388903054147113,-0.388710959002782,0.000192095144331772,0.000271993333635133,0.965484809984047,"chebyshev","selected"
1.47858181659215,4.576900180402,1.01674535614568,"interior_stable",-3.42568226594787,-3.42604325899036,0.00036099304248749,0.00157079404211822,0.0553877578616979,"chebyshev","selected"
1.70483735913195,5.14251889338471,0.739535197156135,"interior_stable",-2.05392389021998,-2.05446251615974,0.00053862593976195,0.000813834005594629,0.20719116684632,"chebyshev","selected"
5.49358070968599,3.89583031903588,1.04978823833881,"interior_stable",-0.5259611225351,-0.52578970728669,0.000171415248409468,0.0122002610589964,1.99793689460973,"chebyshev","selected"
4.73969272260563,4.77787184918301,0.516917563878347,"interior_stable",0.327310378911957,0.327378210701955,6.78317899976411e-05,0.0069704680075372,2.1773878511534,"chebyshev","selected"
2.2811394507102,2.09780762372318,1.30835398955805,"interior_stable",-2.39158267192288,-2.3912659369973,0.000316734925586815,0.00414360719543318,0.382162843515837,"chebyshev","selected"
1.12618184514866,4.79509084445179,0.681299479472635,"interior_stable",-1.54244297543709,-1.54239807030628,4.49051308049064e-05,0.00812082081936295,0.301524855033569,"chebyshev","selected"
4.20868244589073,4.02578203853854,1.34517370681466,"interior_stable",-4.93386224694806,-4.93313140580553,0.000730841142527971,0.00833283144378608,2.05638457935754,"chebyshev","selected"
5.45774205494277,4.25843540613502,1.09156783144345,"interior_stable",-1.33482208785658,-1.33468901181101,0.000133076045563563,0.00340809465517411,2.06558913012147,"chebyshev","selected"
6.3260529520105,2.18522355493511,1.32779861008907,"interior_stable",0.801640552901913,0.80145922160302,0.000181331298892529,0.00107882169618002,1.21532637658694,"chebyshev","selected"
8.79588407173465,4.62385575122006,0.58821623100659,"interior_stable",3.2439168497118,3.24394211461355,2.5264901745814e-05,0.00199525411631144,0.803607738104505,"chebyshev","selected"
2.85790804072829,4.8173729582129,0.871428689265668,"interior_stable",-2.34928091582564,-2.34934805404686,6.71382212105165e-05,0.00567953184372316,0.964708526140801,"chebyshev","selected"
2.17755880867005,3.65049913531702,0.571693541808188,"interior_stable",-0.820715970819519,-0.820166823827147,0.000549146992372518,0.0141644870785575,0.356730444155966,"chebyshev","selected"
3.62975636926757,3.36892627865718,1.17742499888906,"interior_stable",-2.5065582008162,-2.50672442026608,0.000166219449877492,0.010739122366171,1.81661030964029,"chebyshev","selected"
-0.2853947735291,3.72816504205139,0.467304280171553,"interior_stable",0.275440094403153,0.275583151377514,0.000143056974360567,0.025378280735613,4.49514510164313,"chebyshev","selected"
1.59046489106386,3.59920155782581,0.433125775809471,"interior_stable",-0.587539077196013,-0.588149992429598,0.00061091523358503,0.00155152303227191,0.36977751651442,"chebyshev","selected"
0.833984707227713,3.79226224748797,1.10475069120674,"interior_stable",-3.17643489768652,-3.17624760041116,0.000187297275363374,0.00936658978204127,0.44578749944676,"chebyshev","selected"
-1.21576136568363,3.68028031302227,0.563052229225743,"interior_stable",1.44806548363659,1.44823557650914,0.000170092872556982,0.0602243686277815,11.2244565600945,"chebyshev","selected"
1.66027767276772,4.84264127343631,1.09314144651976,"interior_stable",-4.37214547853164,-4.37253852341045,0.000393044878811644,0.00106493127319429,12.8992069608489,"chebyshev","selected"
3.4355290407899,2.98322367206924,1.31052191054641,"interior_stable",-3.17070153294163,-3.17133608339719,0.000634550455559157,0.0129445097075378,1.79231977474735,"chebyshev","selected"
5.96358036765985,2.26622045651209,0.643955614969749,"interior_stable",2.74112802899916,2.74109253639264,3.54926065195826e-05,0.00209477965002258,1.49010726753361,"chebyshev","selected"
2.28103492287225,4.10696861282025,1.2671610783506,"interior_stable",-5.23745130508641,-5.23700417740597,0.000447127680437198,0.00186922522585531,0.450030082494311,"chebyshev","selected"
8.50758778953473,4.89012614890404,0.588433871717262,"interior_stable",2.90835811690926,2.90832623926519,3.18776440670909e-05,0.00110600858718848,0.601050618405357,"chebyshev","selected"
-1.48469919331176,3.82467678489405,0.83659074828881,"interior_stable",1.45415790886034,1.45435278300794,0.00019487414759789,0.0363335022919806,13.9756453299434,"chebyshev","selected"
-0.435380862749848,3.62411343934757,0.610698859994069,"interior_stable",0.272745534610366,0.273086283639866,0.000340749029500209,0.00498002275026142,5.45945670127109,"chebyshev","selected"
8.89926441453816,4.63462986219036,1.37698177476725,"interior_stable",-3.23574159725447,-3.23537854553653,0.000363051717939378,0.000958914043563776,1.04743311079682,"chebyshev","selected"
1.28279624845557,4.72495704629347,0.716895436409176,"interior_stable",-1.70391608986064,-1.70416536235722,0.000249272496576136,0.00242317825237498,0.12559887975726,"chebyshev","selected"
5.13997142076049,4.28850161098908,0.788842147722158,"interior_stable",0.179332740146617,0.178953101028865,0.000379639117751962,0.0206684708250382,2.1805717397561,"chebyshev","selected"
3.33849049369245,3.41645227757815,0.864683583101023,"interior_stable",-1.01378794928711,-1.01466614589809,0.000878196610983872,0.00947756609233717,1.54419352660943,"chebyshev","selected"
2.76586264000426,3.96543978281564,0.551593249668125,"interior_stable",-0.725572205053778,-0.725308065208786,0.000264139844991629,0.00533381679872826,0.935405558636102,"chebyshev","selected"
-0.0261481781813251,2.14625990243265,0.910825865644373,"interior_stable",-0.157061322111218,-0.157337432775094,0.000276110663876478,0.0294881758202182,2.64715138527221,"chebyshev","selected"
4.73623812498999,5.11416487752126,1.05193698556056,"interior_stable",-2.76543701524476,-2.76572137030556,0.000284355060796493,0.00728094740153186,2.13027837606927,"chebyshev","selected"
3.29242588733793,3.45226257433439,1.2929603203743,"interior_stable",-3.92932227479623,-3.93005488791235,0.000732613116116276,0.00577366481111626,1.50360910134176,"chebyshev","selected"
8.31546838532887,4.21845506897177,0.55597960457886,"interior_stable",3.22185049245512,3.22151099166277,0.000339500792351011,0.00281085041465058,0.446117125111022,"chebyshev","selected"
-0.636225686651656,4.8923849569135,0.689136431943281,"interior_stable",-0.0978133434405812,-0.0975676529217984,0.000245690518782787,0.0243511606524767,7.52572951690412,"chebyshev","selected"
4.3436458829388,3.50389002830457,0.787179797841161,"interior_stable",-0.00457495016009712,-0.00396223243349745,0.000612717726599675,0.00134924369356081,2.25656916164,"chebyshev","selected"
5.71801478966605,1.95104180097021,0.428475493996577,"interior_stable",2.8605351754634,2.86005148838745,0.000483687075950368,0.00324685480049097,1.68976391173588,"chebyshev","selected"
3.06187823589764,4.71485818598091,0.431654429101792,"interior_stable",-0.664266460333927,-0.664773189392575,0.000506729058648681,0.0143800804424385,1.09016225005441,"chebyshev","selected"
3.82860508966186,3.48438990872825,1.00598511002404,"interior_stable",-1.36610902369163,-1.36566642107595,0.000442602615686294,0.00551001401405516,1.97657868264895,"chebyshev","selected"
2.09448363097611,4.82620666901392,1.38591545149118,"interior_stable",-8.32515103960298,-8.32498838291714,0.000162656685843032,0.00361492470187505,0.396008824201094,"chebyshev","selected"
0.330312235951255,2.38634703980675,0.745903446703208,"interior_stable",-0.287449745484351,-0.287604043457888,0.000154297973536832,0.00573918465883985,1.20180229761589,"chebyshev","selected"
6.37055713329203,5.08485771902732,0.534593289736661,"interior_stable",1.67274601583931,1.67302158087768,0.00027556503836923,0.00423625418390389,1.39071879483518,"chebyshev","selected"
2.51738551145921,2.67907552870976,1.31315879197961,"interior_stable",-3.28438326757984,-3.2839615778871,0.000421689692743588,0.0133604491824348,0.597682288861703,"chebyshev","selected"
8.64705323871552,3.50663884635592,0.815828262750985,"interior_stable",3.10800900931623,3.10793665661195,7.23527042838512e-05,0.00200200191602587,0.569235522995066,"chebyshev","selected"
3.26552204304697,4.90117037864505,1.24910693970481,"interior_stable",-5.80673002465874,-5.80729509499108,0.000565070332339879,0.00987661796294737,1.20785594055611,"chebyshev","selected"
8.49367822763748,1.96762454918101,0.530425900351036,"interior_stable",4.50299103095115,4.50282055632619,0.000170474624952455,0.00407153001765169,0.405315670511739,"chebyshev","selected"
5.61435817800055,2.94837100725988,0.607299170864253,"interior_stable",2.07739325051342,2.07743517032937,4.19198159509193e-05,0.00738403559354972,1.87446642323007,"chebyshev","selected"
1.59195735394752,4.35095227105475,0.77537272523826,"interior_stable",-1.82333844870391,-1.82388186315424,0.000543414450333346,0.00140847657128962,0.151263207216293,"chebyshev","selected"
7.18400910586592,2.04120742934562,0.958814754429686,"interior_stable",3.16818736957484,3.1682461823536,5.88127787599646e-05,0.000880095737594994,0.869761673264396,"chebyshev","selected"
-1.20052677515808,3.235341166784,0.513400522490803,"interior_stable",1.5415327155319,1.54163582963886,0.000103114106954738,0.0699738798415542,11.7375499954294,"chebyshev","selected"
-0.884278884286774,4.18415111990024,0.648962214392851,"interior_stable",0.644165150328602,0.64402475812485,0.000140392203751949,0.0733551477826951,8.48393091096601,"chebyshev","selected"
6.20553531390772,2.77478355363273,1.07399721061527,"interior_stable",1.29186600717102,1.2918650373812,9.69789820892686e-07,0.00476877712374343,1.34210753158909,"chebyshev","selected"
6.39865358293006,3.508761842499,1.03432751260074,"interior_stable",0.776614789043867,0.77638201483924,0.00023277420462664,0.00903680862283663,1.26320129535245,"chebyshev","selected"
7.116405664459,2.62479041038873,1.11474660317278,"interior_stable",1.87282193397378,1.87297296229942,0.000151028325644731,0.00337413332454329,0.909244032473674,"chebyshev","selected"
7.15305776629396,3.13057898699534,1.03587661471345,"interior_stable",1.68681620263484,1.6870069639479,0.000190761313061838,0.000948559245214808,0.914577540006231,"chebyshev","selected"
7.37357285432634,2.50487444263637,0.898972051445023,"interior_stable",2.99227797100744,2.99231135781167,3.33868042292629e-05,0.00257893805611416,0.812578939265134,"chebyshev","selected"
5.43084066462296,3.69928260430323,0.976098614789214,"interior_stable",0.0976715440810501,0.0977252209631743,5.36768821242234e-05,0.00318050891675546,2.06008458405982,"chebyshev","selected"
5.9185946758438,2.66441373426947,0.986819043418103,"interior_stable",1.58186336190143,1.58229470126907,0.000431339367636951,0.000762124012182624,1.56468058353646,"chebyshev","selected"
2.755560400934,2.93439474860227,1.30590977023859,"interior_stable",-3.51770749144227,-3.51751654474025,0.000190946702017136,0.00367671741566412,0.964857903415628,"chebyshev","selected"
1.50591084834454,2.36347892596892,0.575640889744037,"interior_stable",-0.467382923550155,-0.467953413759764,0.000570490209609698,0.00443318377871735,0.811544238731846,"chebyshev","selected"
4.2587797522483,1.83814550586932,0.549477439671202,"interior_stable",1.37562181167739,1.3760481679587,0.000426356281305829,0.00574015821475048,2.6506609815748,"chebyshev","selected"
-0.541071873177669,2.87095237212158,0.722412773228883,"interior_stable",0.49253720315594,0.492892448071389,0.000355244915449526,0.00518365704252413,5.83275638583011,"chebyshev","selected"
4.1669015886735,4.595239686884,0.396023337307057,"interior_stable",0.0903782813256533,0.0902893811565278,8.8900169125522e-05,0.00514336088104552,1.89464774177989,"chebyshev","selected"
6.05101013935737,2.07760623444866,1.25497679844395,"interior_stable",1.24269248866621,1.24295859820342,0.000266109537218728,0.00539898891186495,1.42091059592449,"chebyshev","selected"
8.50417786848445,2.80769488802119,1.22362411694592,"interior_stable",1.66246127139501,1.66248676940937,2.54980143599148e-05,0.00433898682598239,0.457603559154365,"chebyshev","selected"
7.53002714587016,2.95709970190659,0.380062241332428,"interior_stable",3.67114789597538,3.67091905474306,0.000228841232312593,0.00214018154626836,0.729750988584372,"chebyshev","selected"
1.87066305117834,2.011413288998,1.00238564813121,"interior_stable",-1.08998306992041,-1.09011331343414,0.000130243513729589,0.00289213671488414,0.701650981986439,"chebyshev","selected"
3.92400616536881,4.64049433035707,0.353614808030625,"interior_stable",-0.0696776542095623,-0.0698325762033925,0.000154921993830257,0.0142409374669584,1.74630628426125,"chebyshev","selected"
4.08932746532428,4.86389876617528,0.885870499732534,"interior_stable",-1.80247253588191,-1.80182584488953,0.000646690992374355,0.00418622006933384,1.78848895023692,"chebyshev","selected"
0.91000966026327,2.78599368230502,1.12031446899963,"interior_stable",-2.24970806793419,-2.24958072360761,0.00012734432658501,0.00153992450778118,0.35637813289567,"chebyshev","selected"
-0.617684473464372,2.82539918484622,0.521695305990891,"interior_stable",0.811938397853659,0.812266565483814,0.000328167630155196,0.0294726430632175,6.46450921164465,"chebyshev","selected"
-1.04028652597679,3.56282837360579,0.929675462330827,"interior_stable",0.357417944021187,0.357404631366749,1.33126544385465e-05,0.0285783945372319,10.0955103371945,"chebyshev","selected"
1.60914171326,1.88983356743732,0.678066402318557,"interior_stable",-0.423749686260999,-0.424223700295281,0.000474014034281933,0.00122737954938138,0.934277102936337,"chebyshev","selected"
7.11274778884052,5.09350502639796,1.07179553072489,"interior_stable",-0.927371979803556,-0.927109151224571,0.000262828578985408,0.0042062059435299,0.966322423926151,"chebyshev","selected"
0.617881891376555,3.84236174246972,1.17937834961904,"interior_stable",-3.73882897094182,-3.73876780993999,6.11610018275144e-05,0.00980079483973572,0.963396439376261,"chebyshev","selected"
7.44121350197677,4.84107158462643,0.839037009381107,"interior_stable",1.27006373103029,1.27016385121819,0.000100120187899178,0.00388218234886166,0.768183884116784,"chebyshev","selected"
7.56424159692841,3.82416766816571,0.413179524032845,"interior_stable",3.28004802060719,3.28000474672861,4.32738785844933e-05,0.000570612494403715,0.704159280658804,"chebyshev","selected"
4.31471119765093,4.67362346660336,1.22682520713729,"interior_stable",-4.44977825833279,-4.44919477962756,0.000583478705238782,0.00653584264374511,2.00657584685764,"chebyshev","selected"
2.95108378590452,3.92700154957943,0.637809834400085,"interior_stable",-0.832854360147379,-0.833210301420652,0.000355941273272875,0.00766699066005265,1.136764834652,"chebyshev","selected"
2.48405068340782,3.68966240106642,0.410340237742065,"interior_stable",-0.487657000319257,-0.487069284927935,0.000587715391321797,0.0163969161451645,0.606791572464581,"chebyshev","selected"
2.86693482582264,2.59470045854856,0.983240094231182,"interior_stable",-1.07524047998606,-1.07529202422705,5.15442409934064e-05,0.00306394644477324,1.11971141461549,"chebyshev","selected"
5.16191204677817,5.09316496342021,0.742548793471252,"interior_stable",-0.208512424753898,-0.20867508875231,0.00016266399841236,0.0104265825942589,2.21978862510348,"chebyshev","selected"
7.36846860662596,4.6257319067999,1.12263324690026,"interior_stable",-0.696036621350517,-0.695730585133945,0.000306036216572103,0.000507218778487881,0.816130858264593,"chebyshev","selected"
1.47276140106052,4.45719129834972,0.636612463701726,"interior_stable",-1.3214325830973,-1.3219958325474,0.000563249450103553,0.000974191800439647,0.0831824818487084,"chebyshev","selected"
5.81380899598823,2.12283119144949,1.36978760959817,"interior_stable",0.250769375153609,0.251343203957845,0.000573828804236343,0.00753358923805334,1.63717310582547,"chebyshev","selected"
4.35252042819562,2.23060830091612,0.911118017912954,"interior_stable",0.748451344213285,0.749139523365938,0.000688179152653179,0.00616636481054768,2.54427983997703,"chebyshev","selected"
6.89948361891539,4.64065261802802,1.38043472046334,"interior_stable",-4.43563576980192,-4.43569734928538,6.15794834555317e-05,0.0112621410710298,1.05257453226167,"chebyshev","selected"
3.17847182628083,1.84586936073454,0.79351490608353,"interior_stable",0.173324548154718,0.172513452174392,0.000811095980325804,0.0130070555196858,1.71927597676719,"chebyshev","selected"
1.26042281189738,1.8362544601755,0.839213440082672,"interior_stable",-0.614997726934871,-0.615108724880625,0.000110997945754199,0.00406593334531681,0.975356712703909,"chebyshev","selected"
-1.35019690820008,2.88082927001375,1.2305074465534,"interior_stable",0.0163684545770479,0.0169206716435674,0.000552217066519461,0.0399724900171783,12.2382286921586,"chebyshev","selected"
6.49757296341367,2.64822153345102,0.936608898660835,"interior_stable",2.2088450579917,2.20862319611356,0.000221861878133112,0.00829639532589408,1.15668685999689,"chebyshev","selected"
-0.986447783326043,4.79288460539983,0.845675621408708,"interior_stable",-0.124004496578901,-0.124525298503154,0.000520801924252856,0.0984925926869293,9.41735440712672,"chebyshev","selected"
3.9112477475468,1.65608407485732,0.543175616904519,"transition",1.10363426459622,1.10406820226033,0.000433937664105377,0.0117496317010044,2.56262431243899,"chebyshev","selected"
0.92283543170946,3.85890800265649,1.66523365424006,"transition",-11.8753619987178,-11.8752914583723,7.05403455452114e-05,0.0110930420743417,0.297907839407852,"chebyshev","selected"
2.62736141916746,1.14499483075291,1.03843059588321,"transition",-0.0100962832310003,-0.00979927973512892,0.000297003495871391,0.005591483816277,0.715555354622819,"chebyshev","selected"
0.981449116870035,1.71169791759558,1.39021642113727,"transition",-2.32264381248073,-2.32257457491562,6.92375651074606e-05,0.00629458808338318,0.816983377242502,"chebyshev","selected"
8.87669067135185,4.49496603448698,1.49318960469442,"transition",-5.15394438390391,-5.15360486586854,0.000339518035369579,0.00589644324312009,0.949601787900548,"chebyshev","selected"
8.91083661817896,1.27195867945429,1.03606000458733,"transition",4.69737855693676,4.69730091527744,7.76416593151197e-05,0.00107141854326026,0.381709722037693,"chebyshev","selected"
2.31563935331169,4.4209585078506,1.63912244715304,"transition",-13.0540232851208,-13.0535985402686,0.000424744852207226,0.00276113108594397,85.4253085177633,"chebyshev","selected"
7.3824879590945,2.27340448051656,1.86478169316186,"transition",-5.99507407167384,-5.99483320305192,0.000240868621924406,0.00234648527688478,0.811909562612202,"chebyshev","selected"
4.81472244743257,1.8194209239201,1.0960583343033,"transition",1.18774858835717,1.18702077477051,0.0007278135866573,0.0178906150551411,2.5201094995599,"chebyshev","selected"
0.258825478803936,1.7034543966564,1.37793013977312,"transition",-1.7485361734866,-1.74845055654925,8.56169373535387e-05,0.00296128421698474,1.16491536833447,"chebyshev","selected"
7.72895465450728,1.09650661072488,1.16296603938119,"transition",4.1113175245698,4.11134790043623,3.03758664381704e-05,0.00431151257224866,0.688677252674291,"chebyshev","selected"
3.44466324625447,2.40279292535646,1.49149894128839,"transition",-3.7331181011193,-3.73366672968647,0.000548628567175413,0.00624318005228169,1.90480117310457,"chebyshev","selected"
8.4511257615658,1.65897250370838,0.589447001640706,"transition",4.60314404856102,4.60282913410037,0.000314914460654236,0.00468480417706102,0.392936696414625,"chebyshev","selected"
7.20939748991696,1.60618157526781,1.83501173240409,"transition",-2.05834838591553,-2.0581534528327,0.000194933082825255,0.00219269971017691,0.851734799498036,"chebyshev","selected"
-0.866247200268607,2.90215645247993,1.43944782464703,"transition",-3.00296939360497,-3.00268573601649,0.000283657588484587,0.00278864990312569,8.19735895528045,"chebyshev","selected"
2.07823485802492,1.05541896242412,0.979755581908728,"transition",-0.168716553747744,-0.168607697554347,0.000108856193397261,0.00449716891714622,0.703364251883634,"chebyshev","selected"
3.26114289208496,1.47393056841646,1.38168716204186,"transition",-0.930367046939572,-0.930915964113336,0.000548917173764707,0.00797055358028115,1.8810241745098,"chebyshev","selected"
6.19098957969701,1.53834854872092,1.26630199853188,"transition",2.22046471188464,2.22048080187128,1.60899866417097e-05,0.00188855537249289,1.27246221553423,"chebyshev","selected"
1.34915689883408,1.57974228511591,0.894310974342717,"transition",-0.559636632309898,-0.559859959619842,0.000223327309943677,0.00447358276283318,1.09116363868918,"chebyshev","selected"
2.61401656629693,2.39956952068902,1.76422884427328,"transition",-8.38662133614064,-8.38629480843657,0.000326527704071822,0.00682352236510851,0.747441205030405,"chebyshev","selected"
-1.47423689668259,1.15015563540639,1.02331077363678,"transition",2.8970186139951,2.89696669441411,5.1919580983828e-05,0.0401708097876843,13.1890868135754,"chebyshev","selected"
-0.831547264523746,4.6754115319815,1.81770335956801,"transition",-18.1628048452958,-18.1625374217734,0.000267423522387844,0.025970366541712,8.59902441691412,"chebyshev","selected"
5.61466246549714,1.65670028741245,0.380417118694,"transition",2.91489022127165,2.91442082437845,0.000469396893195029,0.00665774803723246,1.77065742210382,"chebyshev","selected"
6.06118268999378,2.330854387912,1.82005045829964,"transition",-6.14211738854775,-6.14181748165344,0.000299906894306368,0.00118621741920752,1.41727114404348,"chebyshev","selected"
8.6592770406873,1.92567676880067,1.72866530291589,"transition",-1.2363521340052,-1.23651087849212,0.00015874448691644,0.000864445552714368,0.426937230612874,"chebyshev","selected"
2.96427341277984,1.67296591479348,1.09534318144839,"transition",-0.430907826725262,-0.431221900596311,0.00031407387104937,0.00513582276604524,1.36235656504728,"chebyshev","selected"
6.24740377001122,5.16573887246335,1.81040231791655,"transition",-19.5115700655131,-19.5116777342337,0.000107668720644938,0.00605348700419564,1.47419419551157,"chebyshev","selected"
7.82503467455518,3.00044641513186,1.80775434262362,"transition",-8.04430248639122,-8.04461442402651,0.000311937635290249,0.00288721996423428,0.561634151425319,"chebyshev","selected"
3.49756130981462,1.27876096423426,0.540834073139314,"transition",0.87773183289939,0.877344892651937,0.000386940247452561,0.00941867099672705,2.29152363331003,"chebyshev","selected"
-1.3528147607809,1.44382286630385,1.31316839883254,"transition",1.69335131558327,1.69344864032586,9.73247425888335e-05,0.0445781155716237,11.5051987637457,"chebyshev","selected"
-1.2270621640559,1.55073773601348,0.375370231274192,"transition",1.72525829730461,1.72553102840263,0.000272731098020618,0.0209118601687823,10.7566113714487,"chebyshev","selected"
1.68849156069439,3.45674970756621,1.73990665832301,"transition",-12.5214358466206,-12.5215447998619,0.000108953241259258,0.00604425217505386,0.401695725353899,"chebyshev","selected"
3.73135051918726,3.57582973830442,1.612512263807,"transition",-8.81036235249154,-8.81024679123227,0.000115561259274699,0.0193036502024281,1.82523660008172,"chebyshev","selected"
6.68576937688149,4.62331548202085,1.42751750143977,"transition",-5.39429122340881,-5.39464483649391,0.000353613085097848,0.00293451698942801,1.15953738735819,"chebyshev","selected"
8.42384543227122,1.36037091015337,1.25512398678919,"transition",3.80340015219252,3.80339155746068,8.59473183734139e-06,0.00330313597177188,0.429229574374184,"chebyshev","selected"
-1.26238837738711,4.86605816876273,1.40477216223634,"transition",-5.6094583138426,-5.60951823837852,5.99245359209633e-05,0.116644333803706,13.4013252118587,"chebyshev","selected"
5.31944494241832,4.52424552651841,1.70775011838924,"transition",-13.3936267524531,-13.3938739353844,0.000247182931268242,0.0151132785962892,2.17836833243444,"chebyshev","selected"
8.30320233119697,4.09629753939316,1.70803817201316,"transition",-9.69503199318741,-9.69465610757393,0.000375885613483007,0.00309508220393335,0.479064094645535,"chebyshev","selected"
6.46442963873842,4.93478740751493,1.52459319413548,"transition",-8.477168410145,-8.47763079257246,0.000462382427459218,0.0101567724355332,1.31399135901585,"chebyshev","selected"
2.72732320274509,1.32851026209657,1.90162810883884,"transition",-5.40538578009114,-5.40526759902699,0.000118181064151734,0.00693368783546214,0.931595058473829,"chebyshev","selected"
6.54269553064538,1.42125998580026,1.18553716743431,"transition",2.91790589183738,2.91771431356987,0.000191578267511705,0.00784193158522164,1.06786922030307,"chebyshev","selected"
6.54370924740783,4.80785324285058,1.65979817536656,"transition",-11.8700031335867,-11.8705144991896,0.000511365602831049,0.00608128387849488,1.23411721698291,"chebyshev","selected"
3.83026801730744,3.17716728741092,1.41208674037414,"transition",-4.33403991232057,-4.33366392767334,0.00037598464723132,0.0204184643176103,2.01077855312252,"chebyshev","selected"
6.42377782753683,1.75105796930884,0.921341348402115,"transition",3.059391737003,3.05929932175025,9.24152527432831e-05,0.00160534471166387,1.13392442726409,"chebyshev","selected"
7.09945983065082,1.56722595044721,0.491251220225331,"transition",4.00289411790288,4.0023213351957,0.000572782707185304,0.00660194010784892,0.865661757968228,"chebyshev","selected"
4.01151221466999,1.78645480818253,0.499784717752807,"transition",1.14858068423667,1.14903954629215,0.000458862055479736,0.0102615590795722,2.57484505433966,"chebyshev","selected"
6.3918111031919,1.21874280622829,0.407468995173613,"transition",3.71397103209785,3.71468575568026,0.00071472358240765,0.00333240303615547,1.14737167536921,"chebyshev","selected"
6.65342535447021,1.16453000157719,1.58080013190227,"transition",1.87623470892331,1.87607636399205,0.00015834493125455,0.0028672473052245,0.993628334631776,"chebyshev","selected"
0.249825519852185,1.57623681938991,1.56931361714811,"transition",-2.76521038459689,-2.76516095672748,4.94278694103123e-05,0.00360797659049764,1.17593065877928,"chebyshev","selected"
7.62829485164416,2.18968542647792,1.44050215629949,"transition",0.684359477533982,0.684308855538061,5.06219959206522e-05,0.00365340632611984,0.696451216059606,"chebyshev","selected"
3.19212613821971,4.38337003877176,1.46532637191382,"transition",-8.41443106254588,-8.41504110243892,0.000610039893036429,0.00716822506895003,1.24369131906069,"chebyshev","selected"
5.5895450654003,3.60479536903958,1.67429447710727,"transition",-8.6209416827554,-8.62047226261316,0.000469420142241717,0.00268166246328817,1.92250339399556,"chebyshev","selected"
0.0621782070704002,2.46052184492294,1.40906583225228,"transition",-3.22903309671848,-3.22905742019293,2.43234744550236e-05,0.0214856113012536,2.20708708509203,"chebyshev","selected"
1.5223173283642,1.69567647030685,1.3871411284086,"transition",-2.36413269818818,-2.36423651302413,0.000103814835950011,0.00709445893574585,1.03055538196885,"chebyshev","selected"
5.05048720707232,2.14063920037192,1.44784663335608,"transition",-1.09082901134394,-1.09162954811924,0.000800536775293681,0.00709817365497911,2.33015671810297,"chebyshev","selected"
2.96462350773814,1.58786603007072,1.34888980839038,"transition",-1.25627320137065,-1.25657644296512,0.000303241594466819,0.0141667899777282,1.39433259687479,"chebyshev","selected"
6.94002835714628,1.61457466946582,0.677622037151159,"transition",3.79512647280513,3.79509026185994,3.62109451912396e-05,0.00227422317680108,0.917025458141091,"chebyshev","selected"
6.42398531375528,4.09524336583553,1.66551145954759,"transition",-9.53553850893664,-9.53591493230564,0.000376423369004897,0.000484585176127923,1.2707032214475,"chebyshev","selected"
8.95342261200124,1.50539377012059,0.659244363233602,"transition",4.93831696119798,4.93831050541274,6.45578524771651e-06,0.0163077297850877,0.108246619230657,"chebyshev","selected"
-1.15659832113524,1.80597784433709,1.49331996935749,"transition",-0.471914667721365,-0.471839417810558,7.52499108071514e-05,0.0075493910838035,10.1792545605701,"chebyshev","selected"
0.927218581461824,5.02799807089731,1.55877136778101,"transition",-12.5838184348096,-12.5837252188046,9.32160050197695e-05,0.00469088308454796,0.680377325966708,"chebyshev","selected"
2.9351353435446,1.09901862859895,1.31357177706621,"transition",-0.259789469799841,-0.259910210330858,0.000120740531017627,0.00916005324114285,1.36930157415513,"chebyshev","selected"
5.90686908668617,3.74716591482038,1.71314123351338,"transition",-9.9198951603629,-9.91940617934519,0.000488981017715773,0.0184980879745806,1.68344563994648,"chebyshev","selected"
0.888244453762542,1.83025862562496,1.69208485981041,"transition",-5.290533803322,-5.29051547325864,1.83300633578298e-05,0.00401106868980392,0.660649285137036,"chebyshev","selected"
8.28794755946882,2.35991853034576,1.41817135055953,"transition",0.81205918489374,0.812228955805629,0.000169770911889411,0.00281059822864998,0.429143652327077,"chebyshev","selected"
2.64916319131681,3.57411059069075,1.63037399945716,"transition",-9.91415756395587,-9.91393991578438,0.000217648171483731,0.00640668508996248,0.841995691725761,"chebyshev","selected"
5.53253673072455,4.09381332191835,1.7659213857986,"transition",-13.339749171596,-13.3395408549009,0.000208316695028188,0.0189538129866091,2.03409351485176,"chebyshev","selected"
6.64268252163162,4.58611588368974,1.41585645991773,"transition",-5.11851389180179,-5.11891890283621,0.000405011034422031,0.00108814325563188,1.18448887016376,"chebyshev","selected"
3.33182852620055,2.86093767888149,1.76586280708256,"transition",-9.87782220787124,-9.87837589859373,0.000553690722492561,0.00433804071567274,1.67230009212899,"chebyshev","selected"
1.93600488960126,4.9576760319399,1.65899265750332,"transition",-15.5559306224748,-15.5559956443197,6.50218449340656e-05,0.0141282386348031,0.291008048111851,"chebyshev","selected"
2.78552326564569,4.94922466186116,1.86723321600797,"transition",-23.8729967310077,-23.872898793204,9.79378037477829e-05,0.00634996885258366,0.942863993236963,"chebyshev","selected"
3.76925107638768,4.16431560321556,1.72624825495607,"transition",-13.9317122432555,-13.9315397602451,0.000172483010405955,0.0113162952072087,1.71325216852419,"chebyshev","selected"
2.94515649697213,1.21710966914384,1.38335061220073,"transition",-0.704082899192279,-0.704213493023279,0.000130593831000114,0.000352537826544308,1.35687437133319,"chebyshev","selected"
-1.46870702049584,1.93897574339714,1.63403575587828,"transition",-1.42981669413663,-1.42989756220028,8.08680636523729e-05,0.0781815801812452,13.719863064229,"chebyshev","selected"
4.78423276734525,1.18676286314182,0.699178767452899,"transition",2.31932949141516,2.31908766974492,0.000241821670236231,0.00656782505996598,2.5494047353985,"chebyshev","selected"
-1.18955451572633,1.11927072876293,1.19504271979289,"transition",2.09380882337775,2.09416351918855,0.000354695810797612,0.00532019284520434,10.1553311324814,"chebyshev","selected"
7.84765148050052,4.18006338606247,1.86923529799137,"transition",-16.1677391511389,-16.1681635740874,0.000424422948565706,0.00244964896496577,0.520995871000445,"chebyshev","selected"
7.9027080975026,3.14773683770169,1.62644516336776,"transition",-4.44174662435843,-4.44205853425008,0.000311909891645534,0.000708365949899218,0.513689435675438,"chebyshev","selected"
6.53785230318496,4.81778854203699,1.56049701700361,"transition",-9.00811984832554,-9.0085982325391,0.000478384213554506,0.00582231369930746,1.25820961713615,"chebyshev","selected"
7.30047293390047,3.69324973989362,1.73670885581453,"transition",-9.42653648767124,-9.42613294611792,0.000403541553321674,0.00514871800267529,0.864869498381443,"chebyshev","selected"
6.23820013145292,5.15280566330731,1.78332695082093,"transition",-18.2143139925475,-18.2143662305342,5.22379866545464e-05,0.00151799139647439,1.46901306840531,"chebyshev","selected"
5.76675346819376,2.19062509628878,1.58267454999321,"transition",-1.97071535168277,-1.9701646607522,0.000550690930563258,0.00944975134559907,1.69481606231989,"chebyshev","selected"
2.16106596414117,4.59293642404898,1.7334070144593,"transition",-16.7379183538309,-16.7376413684712,0.00027698535966536,0.0055977705299619,0.404988263472029,"chebyshev","selected"
1.5189217492478,2.55585816370174,1.45876552941611,"transition",-4.74386179580288,-4.7440552087814,0.000193412978517493,0.00202291811115225,0.732330412099599,"chebyshev","selected"
4.9273303993621,1.52830993802977,1.15538812174057,"transition",1.53010406600556,1.52940394726917,0.000700118736388866,0.00377508507905533,2.4127620480733,"chebyshev","selected"
0.871949077533682,3.65145786798048,1.65086190064256,"transition",-10.7968939661839,-10.7968141065731,7.98596108388949e-05,0.00350299047013802,0.321794475547433,"chebyshev","selected"
-0.679365617651329,1.23398138346156,1.54290064606893,"transition",-0.352384292576169,-0.352158354221361,0.000225938354808719,0.00379580927444327,6.01807489373499,"chebyshev","selected"
6.68851987695176,1.80548716217624,1.33460170708335,"transition",1.7408618450638,1.74057249152708,0.000289353536721215,0.00274818976033051,1.01794983993654,"chebyshev","selected"
0.506910245447603,1.73518350177639,1.6048910948715,"transition",-3.77091010352887,-3.77086411668129,4.59868475815028e-05,0.00326017320157495,0.520485682716214,"chebyshev","selected"
7.94121559371542,1.51049224913301,1.31767670778292,"transition",3.06508647273101,3.06504710200581,3.93707252066555e-05,0.000988042500808025,0.575155094087827,"chebyshev","selected"
-0.392718721906717,2.12263635122135,1.52942085934738,"transition",-3.02883608159463,-3.02877426486044,6.18167341834841e-05,0.00982924853558584,4.46140295760568,"chebyshev","selected"
6.70646202551604,3.31801979648139,1.42268499870692,"transition",-2.27723146823274,-2.27758258780481,0.000351119572061354,0.00724836272433176,1.09498683630223,"chebyshev","selected"
3.0149586595839,1.27347161439198,0.643434253730306,"transition",0.467396688938462,0.466948072553369,0.00044861638509347,0.00785640203417819,1.46488687940748,"chebyshev","selected"
-1.43495917874961,5.04280643232516,1.66648619664086,"transition",-12.4164170120374,-12.4161134854072,0.000303526630125006,0.0570327530241041,14.7561249485688,"chebyshev","selected"
1.88933928451996,2.95658618839997,1.7939835141397,"transition",-11.8106861371734,-11.8107803545644,9.42173910534194e-05,0.00193030250563441,0.444634235167689,"chebyshev","selected"
2.03604383283242,3.97669381595519,1.91067173688102,"transition",-20.9386925191034,-20.9386407600185,5.17590849113958e-05,0.00777911486169534,0.280944399326092,"chebyshev","selected"
0.51717498754283,1.50070870028645,0.927249810383128,"transition",-0.238686476530823,-0.23858303295438,0.000103443576443013,0.013153912227655,0.493067417477642,"chebyshev","selected"
1.71571689738218,3.58731878904484,1.73552992341594,"transition",-12.9167404104969,-12.9168782134879,0.000137802991011071,0.000325384994797647,0.351273399123328,"chebyshev","selected"
0.754020462778202,1.80449742802514,1.39523440860683,"transition",-2.42596188678852,-2.42589340500343,6.84817850875596e-05,0.0013566078960277,0.508379285581769,"chebyshev","selected"
5.49893588825694,3.02721731807008,1.42046025438165,"transition",-2.50504447362365,-2.50484729010354,0.000197183520106226,0.0158328072519789,2.00821556108147,"chebyshev","selected"
4.31503834945716,4.46520274099092,1.50130604820155,"transition",-8.5776664474727,-8.5770657821024,0.000600665370297904,0.00754846089474499,2.05467694405567,"chebyshev","selected"
6.80942872881278,4.40829776014083,1.45079351211352,"transition",-5.24608276621006,-5.24629020492782,0.000207438717759523,0.00380347836929306,1.09034537673297,"chebyshev","selected"
1.87573465317801,1.24176044218546,0.518993148222773,"transition",-0.0565363953769658,-0.0567645322522967,0.000228136875330909,0.0012259280058465,0.914027448393052,"chebyshev","selected"
4.88607010432892,4.82297614865212,1.4874225686029,"transition",-8.69267768813841,-8.69319558074863,0.000517892610218951,0.00663718987138285,2.23084725162478,"chebyshev","selected"
5.19934668207415,1.63179192720965,0.519898659378094,"transition",2.51567349898578,2.51569207625507,1.8577269295772e-05,0.0148321680000853,2.21487130836697,"chebyshev","selected"
5.05767629545432,1.51338255066337,1.84164951837092,"transition",-3.24906365170596,-3.24972652143279,0.000662869726826276,0.00618718943178447,2.29764271372739,"chebyshev","selected"
8.6777997505378,1.24626443927194,0.749954093148334,"transition",4.89369763255248,4.89401916675968,0.00032153420720249,0.00126643423772306,0.436934300224609,"chebyshev","selected"
4.72100090309777,1.69404737202428,0.660318776053143,"transition",1.91926303326306,1.91899122477756,0.000271808485497571,0.00489762955618456,2.56654793007649,"chebyshev","selected"
3.45724972101868,2.13772699774741,1.87700843337124,"transition",-8.78636485195501,-8.7868704351499,0.000505583194893688,0.0117911107602048,2.03547452712678,"chebyshev","selected"
4.88624806405096,1.36626321281234,1.59691536760142,"transition",-0.272067097484662,-0.272769191766085,0.000702094281423093,0.0221509213784241,2.41699861003154,"chebyshev","selected"
3.3650473129529,3.76151579248251,1.42862910452814,"transition",-6.22382968767093,-6.22444541778066,0.000615730109734258,0.000444170870716441,1.51917579329092,"chebyshev","selected"
3.53126131636995,3.50375946554125,1.86965813882066,"transition",-15.8751929576024,-15.8755104858049,0.000317528202588235,0.000608120926036891,1.7198263364556,"chebyshev","selected"
0.853315938980836,3.89463961278863,1.87486077181543,"transition",-18.8491796499643,-18.8491081064191,7.15435452214308e-05,0.00441148140017307,0.430334928888717,"chebyshev","selected"
8.89047720453819,2.2246652703212,1.58158947972341,"transition",-0.225834727653801,-0.225633127002155,0.000201600651645623,0.000386730346779405,0.652243971442891,"chebyshev","selected"
-0.687073127152181,1.17534828854107,1.80327750191265,"transition",-2.10518692041776,-2.10504602761736,0.00014089280039542,0.0312065338231239,5.90314128791926,"chebyshev","selected"
8.67901233998135,2.29250464303492,1.91890820662796,"transition",-6.74978557532318,-6.75001195833981,0.000226383016629583,0.000122878268441976,0.453714038732553,"chebyshev","selected"
8.8229007223205,1.61108354836594,1.90236100933658,"transition",-2.3480380443237,-2.3480080823414,2.99619823054265e-05,0.00153365166649487,0.457341660184778,"chebyshev","selected"
5.69354594261067,1.39712270556593,0.810380944809638,"transition",2.96919620980929,2.96936475060197,0.000168540792683025,0.00661961810428886,1.66921918598426,"chebyshev","selected"
7.20791330302641,2.24644608073703,1.69072383069321,"transition",-2.67525520153849,-2.67499017495958,0.000265026578905037,0.00807573496810285,0.864474256871644,"chebyshev","selected"
4.2223325964267,1.68713978860521,1.04307251285671,"transition",0.874120006024688,0.874898778395624,0.000778772370935821,0.0262472547158742,2.7493596851197,"chebyshev","selected"
2.15213383679594,2.10195865241707,1.6368968850471,"transition",-5.49356893592008,-5.49341450423058,0.000154431689490586,0.0020374713975346,0.427326402728547,"chebyshev","selected"
2.65552493169815,5.00463285445779,1.59379342922795,"transition",-13.4545088300316,-13.454308036606,0.000200793425594981,0.0122625830845307,0.801021505897108,"chebyshev","selected"
7.86192945344204,4.44194342590587,1.55666665505326,"transition",-7.03216125669312,-7.03260195431684,0.000440697623720787,0.00444808217106035,0.514542607008314,"chebyshev","selected"
-0.00690563186195758,4.57616684137499,1.42986139723767,"transition",-7.7351391638462,-7.73520435354856,6.51897023651316e-05,0.00641184923351668,3.46571953318908,"chebyshev","selected"
3.93509427392113,1.7635125518293,0.739262433449439,"transition",0.971691914080314,0.972421314005616,0.000729399925301966,0.00810150730961156,2.55148164561263,"chebyshev","selected"
6.49700034550398,4.9899478475608,1.43406938682811,"transition",-6.51675042061244,-6.5172344658854,0.000484045272952649,0.00854190207115717,1.26867748287629,"chebyshev","selected"
7.74560996868118,1.2078672625206,0.709455741237252,"transition",4.47018164639988,4.47053732501509,0.000355678615216348,0.00159265592475895,0.684064413467341,"chebyshev","selected"
-1.35060525540759,2.73162991023526,1.58927159158425,"transition",-3.52118340506882,-3.52067510674623,0.000508298322589695,0.0380843651645625,12.1798326656284,"chebyshev","selected"
-0.216233319135313,2.37752105106828,1.82658253527681,"transition",-8.7819501679404,-8.7819339890023,1.61789381021293e-05,0.0140493346707623,3.53692642922523,"chebyshev","selected"
0.667042717003829,2.33336249605052,1.51691231113744,"transition",-4.59463346598778,-4.59463739885767,3.93286989552877e-06,0.00819441804048145,0.403060451263337,"chebyshev","selected"
0.710965721042525,3.01243305795193,1.5830513846929,"transition",-7.36391090508241,-7.36387760193455,3.33031478598755e-05,0.00174492865691503,0.438618199506109,"chebyshev","selected"
4.54216107268015,3.69051902887352,1.42003377323503,"transition",-4.97374948509941,-4.97367669812097,7.27869784382662e-05,0.0015297643614335,2.28362149988726,"chebyshev","selected"
3.94814103828247,1.25336096604924,1.67191590185615,"transition",-1.43268295918098,-1.43213929509959,0.000543664081391393,0.00452534838522687,2.74291884680751,"chebyshev","selected"
6.08901924043289,3.22953909122672,1.64175560644216,"transition",-6.1150881569192,-6.11482462102399,0.000263535895212108,0.00357807289628239,1.45229510927863,"chebyshev","selected"
0.793859506904157,3.93539712526016,1.45302693494749,"transition",-7.50938381584803,-7.5092837430868,0.000100072761231473,0.00203328580733728,0.547364196067411,"chebyshev","selected"
0.689070175657755,4.84346275623972,1.41807651381541,"transition",-8.71644318145671,-8.71639358433722,4.95971194869327e-05,0.0078064983786759,1.08299403893186,"chebyshev","selected"
-1.29516414596588,1.77264348167636,0.657096561403326,"transition",2.17699524088198,2.17713607678149,0.000140835899510972,0.0146042694243516,11.4115646541949,"chebyshev","selected"
1.33290359736983,4.63913304835069,1.64039881137345,"transition",-13.9065079621723,-13.9066255535603,0.000117591388006488,0.0005591293691729,0.0603181688998974,"chebyshev","selected"
6.45662585029063,1.50101229593949,1.4327956094053,"transition",1.69492054005814,1.69465381019944,0.000266729858703574,0.00361939351612199,1.09738758815438,"chebyshev","selected"
-1.05675946525163,3.53246064790073,1.88288877713994,"transition",-14.6607313946896,-14.660809543459,7.814876933665e-05,0.0574685939886817,9.68681770639599,"chebyshev","selected"
7.20691702522771,1.07358039755931,0.756573191925632,"transition",4.27186868534903,4.2715511530843,0.000317532264732634,0.00195936132790722,0.816744859595865,"chebyshev","selected"
6.13851639808381,5.15850317444241,1.68546342750886,"transition",-14.3585037368816,-14.3584236763721,8.00605095552243e-05,0.00887550011414457,1.56358391714183,"chebyshev","selected"
3.6706032588575,5.05651524972949,1.69619725965559,"transition",-16.4878041862057,-16.4878163978752,1.22116695528973e-05,0.0042984528197264,1.44153013590056,"chebyshev","selected"
6.66309965779891,1.64823296911938,1.41631478677846,"transition",1.58372515450308,1.58346381081369,0.000261343689391014,0.00542937403567713,1.00806113249363,"chebyshev","selected"
3.30141838582314,4.20315985840939,1.85848356721194,"transition",-19.29012926049,-19.2906753665165,0.000546106026568793,0.0144893293486182,1.34795921002873,"chebyshev","selected"
-0.999821640361765,1.75282393390532,1.28338840260541,"transition",0.553176754226805,0.552827756841534,0.000348997385271388,0.0859995269196959,9.21637087421414,"chebyshev","selected"
4.64117707704639,4.33119239210666,1.8369644553084,"transition",-18.0114577411925,-18.0116615352104,0.00020379401795978,0.00438270871317161,2.20170310582713,"chebyshev","selected"
7.26056479915267,4.76377767747949,1.47101252126501,"transition",-6.26977362762844,-6.26934617121584,0.000427456412599447,0.00279795624290227,0.890043874588625,"chebyshev","selected"
6.87564382125115,2.83792293230534,1.42761670033025,"transition",-1.11924085216939,-1.11932388363452,8.30314651341091e-05,0.000830735092995348,1.00184310069835,"chebyshev","selected"
6.16435176953288,1.55071700016908,1.24781988491378,"transition",2.25075285815585,2.25081034804948,5.74898936323009e-05,0.00400041810316367,1.29286820050056,"chebyshev","selected"
0.982902801588898,5.17882784519136,1.88429537889968,"transition",-26.1333745195175,-26.1332484705315,0.000126048985990224,0.00325934703805167,0.657994949502184,"chebyshev","selected"
-0.703191883980603,1.5015035576812,1.07351112840501,"transition",0.955868618089795,0.955969418359535,0.000100800269739798,0.0281371876773768,6.15298170670002,"chebyshev","selected"
0.247161110806404,4.86728639799982,1.81094817214997,"transition",-20.3971210173803,-20.3971205318582,4.8552211140418e-07,0.00437290836992462,2.49539058882324,"chebyshev","selected"
1.84955944860788,1.62475785757496,1.78835560012434,"transition",-5.80939202577364,-5.80942939358926,3.73678156195822e-05,0.0027144466564837,0.828868579127403,"chebyshev","selected"
2.70119035135197,3.77495431212792,1.5487916321889,"transition",-8.76785774164569,-8.76762187160539,0.000235870040294017,0.00532883295801939,0.873672728316173,"chebyshev","selected"
1.50808945240628,3.25427511744612,1.7788222709854,"transition",-12.7527187869126,-12.7528552788177,0.000136491905113445,0.00464227795828971,0.490178416715632,"chebyshev","selected"
2.01614941223351,3.267997856967,1.49382250069761,"transition",-6.78254418798701,-6.78245308210892,9.11058780879159e-05,0.00294778581937009,0.332187404450585,"chebyshev","selected"
2.00322179359257,2.76284848742059,1.88515692374997,"transition",-13.3246921768381,-13.3246873383839,4.83845424348317e-06,0.00835570619183724,0.415266591510861,"chebyshev","selected"
2.79321490564025,2.34843865549045,1.60039304203053,"transition",-5.41306697506519,-5.41298710397509,7.98710900955513e-05,0.00636589883959183,1.00521020104473,"chebyshev","selected"
1.8498785116718,2.73185271645719,1.71392146398104,"transition",-9.06745394041572,-9.06755767833996,0.000103737924236569,0.00497703658548126,0.531982672634304,"chebyshev","selected"
1.16589706967541,1.3567594566228,1.62549268120878,"transition",-3.12357920210108,-3.12357252534534,6.67675573629012e-06,0.00446933021577534,22.4006328403662,"chebyshev","selected"
1.49414006521799,3.23195965830423,1.46758642497918,"transition",-6.37868547431099,-6.37888350187275,0.000198027561763681,0.000279656621162346,0.491972892790312,"chebyshev","selected"
8.27913729544458,3.30925655954638,1.66481737221636,"transition",-5.60635163952848,-5.60603674221027,0.000314897318210328,0.00192985592272661,0.440918935040558,"chebyshev","selected"
-1.33961383726122,2.99618740054059,1.6117514019316,"transition",-4.69834584597388,-4.69799388470443,0.000351961269445589,0.0334369432119579,185.191963271203,"chebyshev","selected"
6.8900508198572,3.08878219351537,1.74053687547347,"transition",-7.2247956447304,-7.22484739923181,5.17545014115939e-05,0.00194934904366912,1.01071813435442,"chebyshev","selected"
6.13528208133746,2.39307760510891,1.74361804463088,"transition",-4.85421438827882,-4.85407406993645,0.000140318342372048,0.00411344296709931,1.35641934967942,"chebyshev","selected"
5.26616930237943,4.52418998660024,1.84326333182415,"transition",-18.6672281774945,-18.6675171805521,0.000289003057574178,0.00487454242788154,2.16218434876568,"chebyshev","selected"
7.93237037538506,4.29148875366147,1.58883873915173,"transition",-7.32158819796012,-7.32197970471382,0.000391506753699034,0.00253282768592132,0.486109785965092,"chebyshev","selected"
7.24859335707081,1.41153865057494,1.91582163836465,"transition",-2.18822332519203,-2.18806837896663,0.000154946225408015,0.00822905144093694,0.840302123353169,"chebyshev","selected"
7.27938369051067,4.48786357431157,1.87340571740296,"transition",-18.3151424781871,-18.3146697617117,0.000472716475329094,0.00367593016405494,0.869420451926543,"chebyshev","selected"
-0.587785749547151,4.56933535838311,1.60374355132086,"transition",-10.8192410718445,-10.8191640906924,7.69811521372787e-05,0.035549658047801,7.11567994327387,"chebyshev","selected"
-0.296915515226441,1.60575663048238,1.86099035381561,"transition",-5.5414992731194,-5.54153393530966,3.46621902593824e-05,0.0198764264900963,3.79264187009961,"chebyshev","selected"
6.26264395342285,1.25137261043477,0.738988368307382,"transition",3.55882012822072,3.5588693964377,4.92682169799252e-05,0.003613417902694,1.21444302283704,"chebyshev","selected"
5.23954353293525,3.06465055932395,1.75969498539975,"transition",-8.86696207827499,-8.86742528588401,0.000463207609017857,0.00945241922955625,2.20501433475141,"chebyshev","selected"
8.02535384847129,1.09264873061739,1.46418198648701,"transition",3.38869165550862,3.388681443445,1.02120636276126e-05,0.00225981085875142,7.00426887734154,"chebyshev","selected"
3.52598809452267,1.53071899019944,1.49543931884946,"transition",-1.45241609128406,-1.45276801989759,0.000351928613538055,0.0146624406845861,2.30480133492592,"chebyshev","selected"
2.04676319279625,4.26037983171249,1.68055085045865,"transition",-13.791314433616,-13.7912303820219,8.40515940705444e-05,0.00477374208882391,0.298756540294173,"chebyshev","selected"
4.04022486977177,2.27845267236669,1.65338395962914,"transition",-4.85158390453672,-4.85075797031694,0.000825934219774282,0.00606810834331464,2.47219871194934,"chebyshev","selected"
4.82875120679056,1.72818311358197,0.397022432964614,"transition",2.09453300310478,2.09467550552514,0.000142502420360735,0.00936270134181401,2.47556590466494,"chebyshev","selected"
8.24730513051843,1.81621475934783,0.396598713471625,"transition",4.48257040754852,4.48172251234637,0.000847895202150006,0.00743510310388478,0.407473591981323,"chebyshev","selected"
4.1578454027379,1.21792349928829,1.81842432894279,"transition",-2.39610012703924,-2.39541456620999,0.000685560829249088,0.000931862678901082,2.82598519824894,"chebyshev","selected"
6.24890242202697,3.77204974511587,1.39830769219595,"transition",-3.28396955848467,-3.28404122799749,7.16695128222256e-05,0.000870447617852854,1.36648121064396,"chebyshev","selected"
7.77146660048885,4.8945504962394,1.70847930161353,"transition",-13.1518733337692,-13.1522674833402,0.000394149571036451,0.00157330977084303,0.551136511204377,"chebyshev","selected"
8.47210084109232,1.08717587646661,1.62164433490244,"transition",2.82771639356972,2.82771978105036,3.3874806404377e-06,0.00261226978181323,0.427242018651772,"chebyshev","selected"
8.71257896236313,2.25333757348176,1.49025805287107,"transition",0.612434360200765,0.612252170203712,0.000182189997052662,0.00146504299408216,0.464598000803158,"chebyshev","selected"
3.06645015417876,1.16495049479204,0.385043482248585,"transition",0.509317408104597,0.509154390010357,0.000163018094240575,0.00354888482377099,1.60009909259125,"chebyshev","selected"
-1.20781530604021,4.48632327487787,1.74352737569454,"transition",-13.6168819515737,-13.6167568086868,0.000125142886965079,0.0141249019210849,11.7951548091155,"chebyshev","selected"
7.35427632310521,1.09307142770061,1.09798758461298,"transition",4.03815795251365,4.03810598743198,5.19650816670492e-05,0.00493695147916615,3.54282431881829,"chebyshev","selected"
8.1537960444039,4.19682021795769,1.87092746545143,"transition",-16.1686602607914,-16.1685406081138,0.00011965267759706,0.0023218543954032,0.450254195830984,"chebyshev","selected"
5.33228603886515,4.08946518824761,1.8920756711999,"transition",-18.3969578191634,-18.3971659249755,0.00020810581200692,0.0159003222230713,2.16819731866109,"chebyshev","selected"
5.95592168380813,4.02026521416973,1.43029460327875,"transition",-4.57675146637681,-4.5763139158885,0.000437550488304517,0.00740233914319904,1.63626365328346,"chebyshev","selected"
1.59865695885257,3.34745660940395,1.5877967803894,"transition",-8.67222134162242,-8.67240212100058,0.000180779378158746,0.000928226161143509,0.444930821831131,"chebyshev","selected"
3.4041763980903,1.35910767228456,0.763120504755901,"transition",0.713269001428684,0.712618047000581,0.000650954428103145,0.0098202122915237,2.17631652662578,"chebyshev","selected"
2.4993356345464,1.63025519536398,1.57864618868036,"transition",-3.22620969712583,-3.22596959779371,0.000240099332118771,0.00318754289871474,0.529595073954494,"chebyshev","selected"
8.77872276644643,5.01863666025244,1.85595092091233,"transition",-19.4691502987315,-19.4693178571226,0.000167558391037659,0.00594633710412089,0.77241862052991,"chebyshev","selected"
2.90160623538464,1.6164852674902,0.475001102830358,"transition",0.268142031773254,0.267930563714562,0.000211468058692821,0.00457870202550193,1.22387853330598,"chebyshev","selected"
1.48538407682703,3.21136527911806,1.50142890964167,"transition",-6.82984557618858,-6.83003444566388,0.000188869475302056,0.00137078049222524,0.503584033055766,"chebyshev","selected"
4.71901306819189,1.29484025028286,1.35569044230135,"transition",1.05681416183829,1.0564208487875,0.000393313050790711,0.00567847962142813,2.58847590110982,"chebyshev","selected"
3.2129498427118,4.45995955427658,1.79435373937912,"transition",-17.9834347847474,-17.9839876642331,0.000552879485699265,0.00116786996692782,1.27164386126328,"chebyshev","selected"
-1.34117220750293,2.35442065193931,1.69137622046413,"transition",-3.9372167136148,-3.93696772969291,0.000248983921890211,0.0495818240971124,11.787844154127,"chebyshev","selected"
0.684388900438803,0.681643359055861,0.421327815202343,"low_separation",0.221049948192907,0.221435810910473,0.000385862717565966,0.00142831094743006,0.813992606686404,"chebyshev","selected"
5.11210448394954,0.349416976822609,0.636781859736039,"low_separation",3.2088521738314,3.20925220547608,0.000400031644683718,0.00641175134707444,2.25210010568855,"chebyshev","selected"
6.69522827771729,0.121396364582597,1.27327139480672,"low_separation",5.00720844757354,5.00743932441356,0.000230876840018546,0.00687135730081708,1.06816389741195,"chebyshev","selected"
-0.227939370149048,0.921247511979517,1.45671855375758,"low_separation",0.0508634494555058,0.0509690814247951,0.000105631969289303,0.00641002635817479,5.51118199736239,"chebyshev","selected"
4.72048059222403,0.856714730832218,1.35708240534861,"low_separation",1.96725512289933,1.96683297152054,0.000422151378794977,0.0246154220884887,2.60002445131423,"chebyshev","selected"
3.36499360892735,0.408931843131339,1.65003956640312,"low_separation",1.05281553720446,1.05267498009087,0.000140557113591289,0.0244549518347738,6.9622400481661,"chebyshev","selected"
0.722107853917838,0.315064739899218,1.51296489257729,"low_separation",0.415473844238255,0.41551856320884,4.47189705845008e-05,0.00671601116854929,1.04733503648044,"chebyshev","selected"
7.18936870700539,0.551570673966959,1.34219153587731,"low_separation",4.47820781237407,4.47814425892277,6.35534513016012e-05,0.00404510452400473,0.797713573847094,"chebyshev","selected"
7.16295990951155,0.119426885526886,1.34988124739979,"low_separation",5.32228798984842,5.32211039048346,0.000177599364960201,0.00419482774718883,0.865680423477817,"chebyshev","selected"
5.98747243047498,0.214794362864588,0.434419933456732,"low_separation",3.89203994783217,3.89104367746756,0.000996270364614027,0.0142193659125389,1.35496025504822,"chebyshev","selected"
7.23252152135367,0.360698424380048,0.406903540992469,"low_separation",4.61385384218533,4.61248464535765,0.00136919682767811,0.00576026730407086,0.760962074496302,"chebyshev","selected"
5.79437421453626,0.44354636109025,0.839352767699888,"low_separation",3.83114102684615,3.83091350810833,0.000227518737820454,0.011449202393455,11.491705573265,"chebyshev","selected"
8.10209178114665,0.818126554184692,0.656815848322938,"low_separation",4.89454853142942,4.89458963162352,4.11001941005296e-05,0.000490330368176263,0.568925134711045,"chebyshev","selected"
0.221779593439731,0.491234707183365,0.819506683584302,"low_separation",0.677096824231507,0.676872577837667,0.000224246393840555,0.00363265265213775,0.86883186097928,"chebyshev","selected"
3.42357351256321,0.897321241792105,0.996211165359341,"low_separation",0.973363236266165,0.973021714223297,0.000341522042868192,0.00581940100768977,2.33536015149839,"chebyshev","selected"
7.01477957349297,0.765208736500631,1.43843648614547,"low_separation",3.75253214638792,3.75253292695222,7.80564306523956e-07,0.00321692134700171,0.854149979525439,"chebyshev","selected"
6.73537326503122,0.807708254718953,1.10254460338597,"low_separation",4.04262521249089,4.04260553346915,1.96790217383835e-05,0.00758488820247193,0.942730250584906,"chebyshev","selected"
5.77181039317915,0.211378408287456,0.359410440631436,"low_separation",3.67596358990682,3.67449598720916,0.00146760269766322,0.00554667293661526,1.53662423205864,"chebyshev","selected"
-0.578874436607932,0.637410723620649,1.6078421945267,"low_separation",0.861420284659394,0.861377227395428,4.30572639660287e-05,0.0382376705897556,5.21138620495374,"chebyshev","selected"
-0.655991135790214,0.063576203647931,1.6533850681871,"low_separation",2.75020433116913,2.75022528599309,2.09548239533675e-05,0.0453191680549253,213.900134314443,"chebyshev","selected"
1.03242622362998,0.849526553570837,0.988549718655475,"low_separation",-0.0778913849879568,-0.0777975489762661,9.38360116906622e-05,0.00216839275843467,1.21468221856265,"chebyshev","selected"
7.83460113127167,0.289944496625414,1.13196047777431,"low_separation",5.3104696181129,5.31069877265972,0.000229154546816268,0.00207145288017304,0.71453544727975,"chebyshev","selected"
-0.772991060434695,0.384001535565343,0.896685869824331,"low_separation",2.03829813807695,2.0382816352049,1.65028720462423e-05,0.0173140551248409,6.43714963564185,"chebyshev","selected"
-0.0983039529127592,0.578475641505749,1.31825965779474,"low_separation",0.812712293677357,0.812718239662972,5.94598561542981e-06,0.0136912999496634,2.16492973790523,"chebyshev","selected"
8.81560845134979,0.0325999411812425,0.847505868140621,"low_separation",5.86363321576286,5.86359932024751,3.38955153518228e-05,0.00439835861041011,0.485382828474604,"chebyshev","selected"
3.06168204385973,0.118910233029847,0.775349969114969,"low_separation",1.18028893347209,1.18005081743687,0.000238116035220948,0.00621496144475972,1.96319148333346,"chebyshev","selected"
8.01085896271126,0.652256175787901,0.511594385433402,"low_separation",4.90822860422948,4.90878199844296,0.000553394213473446,0.00550637004375789,0.64221901707064,"chebyshev","selected"
5.83922559824382,0.623073629612676,0.888321490704612,"low_separation",3.71686450481028,3.71677234314666,9.21616636220257e-05,0.013943547225867,1.50588757238622,"chebyshev","selected"
4.65612108141434,0.0355763750015151,1.03034992528829,"low_separation",3.31480504030686,3.31491627033875,0.00011123003189395,0.0208832638358806,5.94299951563964,"chebyshev","selected"
3.25492044906071,0.719499816093463,0.849582243964261,"low_separation",0.995731342061001,0.995284827352098,0.00044651470890289,0.00537389267991239,2.08011752197674,"chebyshev","selected"
6.34260232903771,0.721139513643539,0.87301986787457,"low_separation",3.98995564113798,3.99002937936539,7.3738227412079e-05,0.00530755763892383,1.13142501477631,"chebyshev","selected"
4.80243765097272,0.746652330407463,1.75580105232602,"low_separation",0.965521424589008,0.965168989098019,0.000352435490989067,0.013631618097528,2.55535906947775,"chebyshev","selected"
5.12343593478691,0.870662883471261,1.28089712655901,"low_separation",2.49290009945114,2.49253837671649,0.0003617227346564,0.0107341720513291,2.21349320935334,"chebyshev","selected"
-1.40730180269899,0.77064128786517,0.409920150773368,"low_separation",2.19207573587429,2.19253913195922,0.000463396084932288,0.0275830183757703,11.9142015650807,"chebyshev","selected"
6.747089410342,0.667943655438692,1.32303831266546,"low_separation",4.01944983011197,4.01944218749807,7.64261390440168e-06,0.00284859059854131,0.944638381472797,"chebyshev","selected"
7.26443238089724,0.70029005800149,0.544491409940503,"low_separation",4.53021192968202,4.52935835000171,0.000853579680314631,0.00387631001706345,0.776354834208039,"chebyshev","selected"
7.70708435841616,0.446046759342287,1.39350562658774,"low_separation",4.91694942749361,4.91701700714301,6.75796494054026e-05,0.00396002972639836,0.718586209828277,"chebyshev","selected"
6.72641840149534,0.141749204665685,1.82819960865027,"low_separation",5.0709766866778,5.07113275734382,0.000156070666013086,0.0047693420960209,1.01554233157831,"chebyshev","selected"
1.66036145765062,0.867520864862275,0.354440328156556,"low_separation",0.0212347685711789,0.0208579320201225,0.000376836551056355,0.00475139647476661,1.23925438061775,"chebyshev","selected"
2.94673840168427,0.244716966821343,1.26952623936848,"low_separation",1.23576811137851,1.23573530679748,3.28045810247257e-05,0.00418800193293994,1.49275540825071,"chebyshev","selected"
1.37217375874703,0.201714536799114,0.853587452683618,"low_separation",0.333693802977562,0.333444248199904,0.000249554777657812,0.00676775849384798,1.68952435470259,"chebyshev","selected"
0.985722173000453,0.293721066166065,0.984384055425131,"low_separation",0.385006488541635,0.385154403793403,0.000147915251768049,0.0053220284329685,1.42930497302835,"chebyshev","selected"
1.92838347851637,0.105565405795184,0.881534069869411,"low_separation",0.497123010192434,0.497078355880731,4.46543117030851e-05,0.00708881659620019,1.35768733399267,"chebyshev","selected"
4.82340394449405,0.674258085340874,1.78759639426698,"low_separation",1.15101611047292,1.15068521089115,0.0003308995817628,0.0166446053729034,2.53422642575341,"chebyshev","selected"
6.78992249885704,0.968641874207947,0.802254432225719,"low_separation",4.08972354148238,4.08986396546518,0.000140423982801785,0.00359272377240546,0.944906868308685,"chebyshev","selected"
8.18678182955089,0.931262353767638,1.89537581659783,"low_separation",1.30769211562902,1.3077170188883,2.49032592740672e-05,0.00113019927663993,0.52826897710821,"chebyshev","selected"
0.521041716803443,0.383588225013216,0.719898166810582,"low_separation",0.474406680211589,0.474506902818546,0.000100222606957523,0.00190729267045274,0.666254554577882,"chebyshev","selected"
2.74501208719513,0.887951012020927,1.77415778930481,"low_separation",-1.92799081972008,-1.92792689520986,6.39245102158625e-05,0.00348229416629335,0.964834760321871,"chebyshev","selected"
4.75592834857879,0.503392920547346,1.75759048405783,"low_separation",1.98069821475992,1.98056063197506,0.000137582784855317,0.00940546251829255,2.68187889440971,"chebyshev","selected"
8.8713387327127,0.201767259175072,1.09944680683323,"low_separation",5.88608841555263,5.88589695518832,0.000191460364307616,0.00265186805011905,0.205491594462675,"chebyshev","selected"
8.68605116451466,0.181051970412572,0.7144310984187,"low_separation",5.6029700690611,5.60351300516031,0.000542936099217961,0.00200710591305283,0.423730583090038,"chebyshev","selected"
8.10043116210647,0.434196063542962,0.732017743169738,"low_separation",5.16356290880699,5.16361062602621,4.7717219211485e-05,0.00552564058205504,0.620945153871417,"chebyshev","selected"
3.51937691881343,0.881716311014305,0.913780754658521,"low_separation",1.12404198122901,1.12376361168331,0.000278369545701596,0.00585511464106613,2.48535241285272,"chebyshev","selected"
8.84297409309969,0.473022684136997,1.54651217935919,"low_separation",5.18611182535902,5.18607636058486,3.54647741636072e-05,0.00208418625188849,0.294114716384422,"chebyshev","selected"
7.40699284700346,0.260181203129352,1.83840620799944,"low_separation",4.84547293574003,4.84540829278204,6.46429579900243e-05,0.00198586471814269,0.764398592603626,"chebyshev","selected"
2.04175794410722,0.189237110756826,1.68299007980608,"low_separation",0.650002547033367,0.650000239513164,2.30752020280445e-06,0.00227189273558453,1.0099431432317,"chebyshev","selected"
-1.13671267915003,0.96960480517978,0.548270782121046,"low_separation",2.02847229382202,2.02847929707758,7.00325555680337e-06,0.00844744061835719,9.58677196100303,"chebyshev","selected"
3.71364724845446,0.647177255194075,0.593444384213597,"low_separation",1.43192476158318,1.43196262413545,3.78625522607923e-05,0.0110524435747657,2.7878816217122,"chebyshev","selected"
3.36405269330941,0.995086840842913,0.381921454742373,"low_separation",0.807551849502765,0.807492256990859,5.95925119059038e-05,0.012812553190841,2.16866514134255,"chebyshev","selected"
1.37797980770652,0.886547860168305,0.375819976551987,"low_separation",0.0181148854439466,0.017774068523803,0.000340816920143618,0.00398016774765505,1.35457227024483,"chebyshev","selected"
4.08208677702452,0.0123613394066338,1.70989995078988,"low_separation",3.34942881405647,3.34927079592279,0.000158018133681104,0.0041839834312342,16.6200728948961,"chebyshev","selected"
-0.525597360158214,0.684371479008618,0.858138924283207,"low_separation",1.44732275519169,1.44748949048082,0.000166735289129694,0.0287918918465943,4.58374150513159,"chebyshev","selected"
0.996668458773564,0.217035531403834,1.88734993146349,"low_separation",0.263193580670771,0.263170560296725,2.30203740460566e-05,0.00484517145594753,1.50075941666505,"chebyshev","selected"
6.35787237648998,0.123642141763714,1.31029550316843,"low_separation",4.81318261722142,4.81335745585389,0.000174838632465146,0.00165485723215901,1.23122300267528,"chebyshev","selected"
7.45104305101128,0.979631356692834,1.00027399473959,"low_separation",4.3379039045669,4.33783485689929,6.90476676181717e-05,0.00195079995936225,0.762640269907353,"chebyshev","selected"
2.43267573519643,0.109487260183394,1.02285499168614,"low_separation",0.850024133656565,0.850264446196035,0.000240312539469323,0.000662610948222355,0.461723980785,"chebyshev","selected"
6.97710231288545,0.496112290398979,0.866131551217452,"low_separation",4.58187653965183,4.58181582161802,6.0718033802587e-05,0.00346819339382995,0.857560299989426,"chebyshev","selected"
2.00300473787212,0.0537343594389354,1.31028755623006,"low_separation",0.870609400279955,0.870628318474695,1.89181947404249e-05,0.00632762896839435,1.54291987678885,"chebyshev","selected"
5.69896125579426,0.686236975658222,0.868136287700366,"low_separation",3.55045717574251,3.55049272702501,3.55512824983251e-05,0.00383312862711214,1.62083419313288,"chebyshev","selected"
7.06048324405272,1.03490351094821,1.5978547009771,"low_separation",2.43199344697793,2.43205874615838,6.52991804490632e-05,0.00267899868932706,0.856913917010545,"chebyshev","selected"
-0.554911686611402,0.5633536610854,0.353694261341214,"low_separation",1.05679682909814,1.05727863029128,0.000481801193145559,0.0223112929831821,4.95876451087184,"chebyshev","selected"
7.75055375229129,0.444893156010511,1.88124543785906,"low_separation",3.92466625886987,3.92471282512221,4.65662523372323e-05,0.00376891185181554,0.709899639353191,"chebyshev","selected"
6.16019533862837,0.442052748355424,0.432238751173264,"low_separation",3.91045223876767,3.91028080802482,0.00017143074285153,0.00571703813631597,1.23429156008747,"chebyshev","selected"
-0.128210092947652,0.095350009550046,1.03002061489711,"low_separation",1.42331038503373,1.42319782521151,0.00011255982222047,0.0102020104543476,2.45506791919829,"chebyshev","selected"
3.42630748774934,0.787534825350191,1.29009721128978,"low_separation",0.811405261258397,0.81115983333817,0.000245427920227081,0.0106684828118754,2.33776875677183,"chebyshev","selected"
6.0789998412498,0.227364185783948,0.600155107060003,"low_separation",4.0664016047176,4.0659968054476,0.000404799270000922,0.00689196590336601,1.3249227870032,"chebyshev","selected"
5.2412986939247,0.230384578863787,1.60290659103261,"low_separation",3.74614578218351,3.74617891442765,3.31322441402548e-05,0.0112790996530837,2.15242422587937,"chebyshev","selected"
8.92990308960354,0.0231061498860491,1.07929169611223,"low_separation",6.11472019023233,6.11452667796728,0.000193512265044049,0.00367047032311448,0.460337188897989,"chebyshev","selected"
-1.29416478345644,0.210945273878447,0.813785103239925,"low_separation",3.00342130793798,3.0038300153452,0.000408707407216546,0.0578682076044012,11.4142048802125,"chebyshev","selected"
3.83262278742554,0.0493917171750235,1.65728504572671,"low_separation",2.86549883420621,2.86545425443996,4.45797662540492e-05,0.0157835972494172,5.08797816855617,"chebyshev","selected"
4.54784946407043,0.030709733200921,1.76852479521056,"low_separation",3.85387052006879,3.85387266807337,2.14800457687403e-06,0.019462677093315,6.58721257716495,"chebyshev","selected"
-1.03805701433255,0.0241930612386484,1.29606039200358,"low_separation",3.26281325772525,3.26253047507095,0.000282782654299929,0.0658988886216151,21.5456241085005,"chebyshev","selected"
0.113709640292319,0.0614573644145832,1.43411690285653,"low_separation",1.49595662777673,1.49584567260681,0.000110955169926763,0.00922881844504069,1.36604640758084,"chebyshev","selected"
0.187506710272933,0.947488663406362,1.54505827441806,"low_separation",-0.848664041288298,-0.848708376003089,4.43347147918161e-05,0.0177574035705408,1.1024612027935,"chebyshev","selected"
2.58403441475164,0.785761601381762,0.511896922883396,"low_separation",0.355730044287069,0.356072286454804,0.000342242167734652,0.00846945548948777,0.620950443998865,"chebyshev","selected"
-0.0561634558734931,0.606321637704624,0.446888070929801,"low_separation",0.70265919112737,0.702400474670928,0.000258716456442043,0.0068779446080478,2.0451843240722,"chebyshev","selected"
6.01681118083996,0.772583946695126,0.776236258771402,"low_separation",3.72503099402271,3.72487753465633,0.000153459366378339,0.011063312066478,69.4039307147638,"chebyshev","selected"
6.40867238093949,0.675111365946782,1.61517244103056,"low_separation",3.13335601721538,3.1332594290009,9.65882144825514e-05,0.00627991294543653,1.0872633115145,"chebyshev","selected"
6.92952760511358,0.62695824958387,0.562104362973543,"low_separation",4.38131923277633,4.38133312480754,1.38920312116042e-05,0.00265709640098709,0.875571778735313,"chebyshev","selected"
5.83828122094969,0.306421718504639,1.82597581507418,"low_separation",3.66731945792985,3.66731587039795,3.58753190399241e-06,0.00498727266046538,1.47557816265007,"chebyshev","selected"
8.52275936277068,0.749133092314071,1.08251029918151,"low_separation",5.0519740192627,5.05197482092593,8.01663237126604e-07,0.00371266418567998,0.416079904880201,"chebyshev","selected"
1.6555085769181,0.36230611104643,1.74809767524519,"low_separation",-0.216307172929742,-0.216320331037633,1.31581078913201e-05,0.00855178390760038,1.43131898919383,"chebyshev","selected"
7.93618452905265,0.799359327991281,1.29616525691111,"low_separation",4.44903845095452,4.44910255666367,6.41057091508301e-05,0.00323571042777537,0.636203188281918,"chebyshev","selected"
7.43627513632107,0.232904451519544,0.564507360594354,"low_separation",4.87671923136762,4.87612426883877,0.000594962528848164,0.0044029213495062,0.748449008616174,"chebyshev","selected"
2.66129017722749,0.680225149059509,0.476355390005851,"low_separation",0.422423595255249,0.422645720651185,0.000222125395935968,0.00543998911139583,0.765108345388544,"chebyshev","selected"
2.99643711019567,0.530495349821792,0.52550450110821,"low_separation",0.741130042238863,0.740927307805031,0.00020273443383223,0.00748096114510493,1.52315085964615,"chebyshev","selected"
2.71366661423056,0.659838703027774,1.32466489206957,"low_separation",0.297343332192159,0.297428670535618,8.53383434594734e-05,0.0029594615516878,0.879655019782046,"chebyshev","selected"
-1.05825241597293,0.429754095001479,1.60557080699194,"low_separation",2.42398621520838,2.42404807056397,6.18553555917778e-05,0.00693579995626907,8.67968059245838,"chebyshev","selected"
7.32896202631609,0.185155971477666,0.955960115390415,"low_separation",5.09939946047874,5.09906306856607,0.000336391912663103,0.00281442854245369,0.787399579507171,"chebyshev","selected"
0.769187815479406,0.717458644347304,1.22392172628104,"low_separation",-0.0569808209506992,-0.0569100391761331,7.07817745661601e-05,0.00463424982932371,0.938278305983043,"chebyshev","selected"
-0.568231472511433,0.568249217395507,0.60038938247196,"low_separation",1.3853475321265,1.38573056190775,0.000383029781247712,0.0153414021079448,4.89922291253725,"chebyshev","selected"
6.28765290819765,0.501021340228031,0.769501021500191,"low_separation",4.11913008392473,4.11925735985997,0.000127275935239091,0.00765630539919139,1.15495737723467,"chebyshev","selected"
3.1722751228517,0.488469945788119,0.470741557014529,"low_separation",0.870633746745447,0.870484318258414,0.000149428487032699,0.00626089824921321,1.96750760666871,"chebyshev","selected"
3.98944282661722,0.521031601757647,1.80943248848146,"low_separation",0.875694662469058,0.875915721077706,0.000221058608647517,0.0118130720718298,3.02947592978507,"chebyshev","selected"
5.94922917718715,0.82965362104572,1.47768690912721,"low_separation",2.79934568804231,2.79957704150159,0.000231353459272388,0.00409653338085173,1.40374279618674,"chebyshev","selected"
7.89348971047906,0.669857265822383,1.74944698511233,"low_separation",3.45347766197127,3.45350336109901,2.56991277454155e-05,0.00344295942950774,0.658667055890626,"chebyshev","selected"
4.23400923428004,0.162806381598582,1.91544826669094,"low_separation",2.8187719068921,2.81869821713586,7.36897562392258e-05,0.0149325508865795,3.39031588560066,"chebyshev","selected"
6.13397655143184,0.550507217374823,0.694103120357315,"low_separation",3.95304789200717,3.95293028113999,0.000117610867180762,0.00673481909736664,1.25072295286864,"chebyshev","selected"
7.71373215151439,0.880575425585921,1.33896781425107,"low_separation",4.10476206718045,4.10479362662739,3.15594469402214e-05,0.00145220462797753,0.697073419802229,"chebyshev","selected"
6.6071865900779,0.46683239290447,1.88671535216666,"low_separation",3.15268210750101,3.15267083925093,1.12682500836847e-05,0.00465222101415412,0.989437465430304,"chebyshev","selected"
2.01874483906581,0.0710941197987084,0.615197031191614,"low_separation",0.378448684789719,0.378546519016567,9.78342268482257e-05,0.00411581648730988,1.3249934186444,"chebyshev","selected"
6.70853582579125,0.636133467444345,1.44486460853797,"low_separation",3.86524400046127,3.86522173462721,2.22658340627291e-05,0.00296924564090765,0.951710925540861,"chebyshev","selected"
1.34947218485202,0.358507872974542,0.801049609446147,"low_separation",0.2277550567862,0.227523797410946,0.000231259375253451,0.00575399153645804,1.57939983082348,"chebyshev","selected"
6.9023853930032,0.807393060143202,0.836598987952723,"low_separation",4.27759665214437,4.27761245146292,1.57993185494476e-05,0.00557337222850195,0.898981218443151,"chebyshev","selected"
1.92909492811993,0.392952209678937,0.743289247846607,"low_separation",0.271971163054837,0.271924053067434,4.71099874032599e-05,0.00977155435799044,1.10189565526721,"chebyshev","selected"
6.92904729199873,0.669991323117316,1.67459961986331,"low_separation",3.26060705669806,3.26057822595937,2.8830738686203e-05,0.00223419096171264,0.878718941116407,"chebyshev","selected"
3.81258648491558,1.03768004294873,0.964828461715309,"low_separation",1.26279740429282,1.26306437515988,0.000266970867066396,0.0177122432112,2.78722996660577,"chebyshev","selected"
-0.0374074807882032,0.320883678093548,0.443599430473723,"low_separation",0.740702426970282,0.740303045825458,0.000399381144823963,0.018721732740999,1.77215100275479,"chebyshev","selected"
-0.583516593654034,0.74033491493332,1.60560825491769,"low_separation",0.56819453658976,0.568251164274644,5.66276848835701e-05,0.00149172505250315,5.12092590535948,"chebyshev","selected"
3.4353937077296,0.0232020108545667,1.91677951427182,"low_separation",2.68507018004625,2.68519257770405,0.000122397657799755,0.0194203378459887,7.40887657426377,"chebyshev","selected"
3.37982992436799,0.0533126108714411,1.79011674365846,"low_separation",2.38412430432163,2.38420248177623,7.81774545997038e-05,0.0136391971651145,3.91664749172755,"chebyshev","selected"
1.4308706226892,0.674389131494105,0.430079474599112,"low_separation",0.0573095487379902,0.0569160251934386,0.000393523544551598,0.00382066178008687,1.42675227153973,"chebyshev","selected"
5.2645107726641,0.350100798214855,1.82696982821753,"low_separation",2.98728568640703,2.98728483789396,8.48513070472734e-07,0.00959558375396055,2.05322446881188,"chebyshev","selected"
-0.479399455864065,0.789094226599923,1.07152834000599,"low_separation",1.27712010834523,1.27726621356207,0.00014610521683367,0.0127836269820008,4.41089510979838,"chebyshev","selected"
-0.917221951610444,0.931497513828514,1.22836321782559,"low_separation",1.72165614745867,1.72128334635562,0.000372801103045939,0.0666534331619796,7.35181358696488,"chebyshev","selected"
5.66973177859701,0.989256957580743,0.494983377383089,"low_separation",3.28928262389861,3.28884159567632,0.000441028222291084,0.00797169039644711,1.66873516924502,"chebyshev","selected"
-0.86192562646736,1.02203036511974,1.852239470312,"low_separation",-1.50976141858376,-1.50967532662179,8.60919619714018e-05,0.0162483676215842,7.35571680240618,"chebyshev","selected"
1.76085478961453,0.815752733468801,1.86302553326793,"low_separation",-2.78882229515551,-2.78880442956084,1.7865594671207e-05,0.0113667439435863,1.16464303295088,"chebyshev","selected"
7.61547371465556,0.965967903666358,0.436364467351793,"low_separation",4.55588964763476,4.55613244487277,0.000242797238015235,0.00471434608441042,0.727814334589307,"chebyshev","selected"
4.99783623081345,0.789790965583081,1.61279799949272,"low_separation",1.64738087048546,1.64697540191827,0.00040546856719148,0.00632451495636157,2.38081404770421,"chebyshev","selected"
8.25617972751561,0.121268182240643,1.38107979404394,"low_separation",5.87658974621022,5.87642641226734,0.000163333942872157,0.00402857792948862,0.661009832767081,"chebyshev","selected"
6.9130624342836,0.61807882373423,1.61070286244579,"low_separation",3.64530862370652,3.64530192752166,6.6961848599334e-06,0.00417659190686686,0.886170020242242,"chebyshev","selected"
5.91194842510095,0.225913994126467,0.801670500292616,"low_separation",4.0795278559454,4.07909724189811,0.000430614047291833,0.00745767738627635,62.4890119264937,"chebyshev","selected"
-0.559260185108303,0.0777466559844575,1.82737604700921,"low_separation",2.60318611515998,2.60330822188782,0.000122106727845406,0.0243456983925157,5.84971957412574,"chebyshev","selected"
5.84091237080197,0.679083572030443,1.85518513676681,"low_separation",1.64105532962117,1.64128948058431,0.000234150963138058,0.00261946452050086,1.48605953851758,"chebyshev","selected"
0.574679876877514,0.207526003757904,1.61007326581504,"low_separation",0.752111848601993,0.752156846139852,4.49975378588041e-05,0.00776980773992258,0.843476418057705,"chebyshev","selected"
2.56896234314765,0.154101312177296,0.911578306180941,"low_separation",0.836132319014004,0.836376391180124,0.000244072166119769,0.00276036434192148,0.594491349068059,"chebyshev","selected"
0.843405630642322,0.493443080700115,0.694058165799165,"low_separation",0.258632410133237,0.258988408349883,0.000355998216646003,0.00842471914338397,1.13641912473481,"chebyshev","selected"
7.42189572518,0.936902359767128,1.27328107958991,"low_separation",3.99522479635682,3.99520910245414,1.56939026845215e-05,0.00540810309324776,0.773622648810192,"chebyshev","selected"
2.52886729020477,0.825152216244191,1.30664095529646,"low_separation",-0.101417981654851,-0.101253478362665,0.000164503292186355,0.00948315410527574,0.536388266970069,"chebyshev","selected"
0.653105134008149,0.111663826156792,1.77603018364429,"low_separation",1.01047837415738,1.0105108494149,3.24752575220355e-05,0.00588966932956774,1.09391009517346,"chebyshev","selected"
3.0836427106419,0.204145033460358,1.33235617632214,"low_separation",1.45849792502654,1.45839576618147,0.000102158845067368,0.0124785183473544,1.88793945338444,"chebyshev","selected"
6.27072741327697,0.106392589433796,1.69280349663506,"low_separation",4.95249645634876,4.95253387291843,3.74165696683804e-05,0.00817334287176324,1.30750345420021,"chebyshev","selected"
7.45050262053059,0.340741234679551,0.881204028394971,"low_separation",4.98168335047106,4.98145904670744,0.000224303763626033,0.00200895395151402,0.750264700432018,"chebyshev","selected"
1.43002753083739,0.247766474098215,1.13943467462106,"low_separation",0.39593047844399,0.395784950404664,0.00014552803932627,0.0057889627775382,1.63419954405694,"chebyshev","selected"
5.71245039527047,0.436602221461179,1.24274474387783,"low_separation",3.79643613654652,3.7964551440291,1.90074825860975e-05,0.0123943505404574,1.57092170000844,"chebyshev","selected"
0.525288905219762,0.460619220404298,1.62765763256713,"low_separation",-0.0130031684526557,-0.0130274380916026,2.42696389468715e-05,0.00365616028768543,14.7524763641126,"chebyshev","selected"
2.29055736825652,0.528836937654661,1.59490451602834,"low_separation",-0.197840894950102,-0.197775388565026,6.55063850764082e-05,0.00372129219759783,0.514541892765656,"chebyshev","selected"
6.52217004524528,0.442749813657214,1.2322194282694,"low_separation",4.3543680430808,4.35442148356627,5.34404854644066e-05,0.00272454398537935,1.03825567533987,"chebyshev","selected"
5.80468237418153,0.79299402647553,1.8648246069213,"low_separation",0.942859657601404,0.943159897655374,0.000300240053969669,0.00756929376200666,1.5181500420384,"chebyshev","selected"
3.55020343354498,0.249244915451876,0.476194431383489,"low_separation",1.35048751887762,1.35055030202115,6.27831435273674e-05,0.0103713876688022,2.79953023951587,"chebyshev","selected"
5.31463480661121,0.967901835908127,0.486214220207393,"low_separation",2.98203816295308,2.98223066569433,0.000192502741247491,0.00607227879132503,2.04534210771072,"chebyshev","selected"
5.30975520075298,0.665857653844079,1.62091971887852,"low_separation",2.32192496632889,2.3218907988332,3.41674956838567e-05,0.00884043030971276,2.00401963716104,"chebyshev","selected"
-0.178641151702551,0.230430918544716,0.968301769127417,"low_separation",1.33003206984299,1.33002037611807,1.1693724926376e-05,0.00188839962607555,2.52850805339663,"chebyshev","selected"
2.36125371016194,0.499630084394188,1.42664235191416,"low_separation",0.209187852796489,0.209281551084157,9.36982876679482e-05,0.00210968145527872,0.463631301694826,"chebyshev","selected"
-0.106865215242553,0.966008618003709,1.30122548940106,"low_separation",0.228675284071185,0.228739539662581,6.42555913961951e-05,0.00631217867999394,2.44137169302895,"chebyshev","selected"
8.19008919382439,0.208217882054577,1.66652822491771,"low_separation",5.62076465406067,5.62069128333328,7.33707273905537e-05,0.00269509182819497,0.627661961777857,"chebyshev","selected"
8.51234715573362,0.835130613842132,1.47783860281566,"low_separation",4.21790005343169,4.21790754962434,7.4961926550543e-06,0.000379713071447066,0.420385872862813,"chebyshev","selected"
2.13388471516423,0.276030810783052,0.466474727154613,"low_separation",0.27448974664133,0.274732132827931,0.000242386186601273,0.00235711863666482,0.806682874926179,"chebyshev","selected"
6.08790014088471,0.825784999210732,0.793321298578301,"low_separation",3.73499190946373,3.73494413522408,4.77742396545189e-05,0.00444035553914319,1.30775284432286,"chebyshev","selected"
7.04818922795423,0.437794730984156,1.65038159939647,"low_separation",4.23995513679691,4.23991793862494,3.71981719693437e-05,0.00625497468648531,0.840619778835644,"chebyshev","selected"
1.58813912757478,0.262510734614225,1.90388727642161,"low_separation",-0.0707526138488028,-0.0707561272176402,3.51336883737396e-06,0.0104627334392307,1.53796397183094,"chebyshev","selected"
1.65806187724543,0.456776904964981,1.15910432462563,"low_separation",0.172552282566597,0.172387461270801,0.000164821295796563,0.00250169090147149,1.38931651707298,"chebyshev","selected"
-0.454463563399379,0.992301009978994,0.883362673246944,"low_separation",1.16012230144576,1.16033998430481,0.000217682859049884,0.0198060696242009,4.47389982793874,"chebyshev","selected"
8.88843512110111,0.0238492638607348,1.10025739600821,"low_separation",6.11358183019764,6.11333453616881,0.00024729402883672,0.00317606288064458,0.510309930362102,"chebyshev","selected"
1.95774044395043,0.502067270587383,0.616767042480422,"low_separation",0.201209073802278,0.201166154458465,4.29193438133135e-05,0.000958604818907347,1.02019152366168,"chebyshev","selected"
2.47173521723608,0.0575628197300763,0.661371229099248,"low_separation",0.640997702474783,0.641368610975653,0.000370908500869738,0.00201158118204612,0.477292284687945,"chebyshev","selected"
0.376573317683725,0.0739065748536829,1.62894187894638,"low_separation",1.3217128101214,1.32170837342348,4.43669791883039e-06,0.00315917663612707,0.60226996296091,"chebyshev","selected"
-1.26495337349869,0.603457014284801,0.615115022255527,"low_separation",2.45938902557628,2.45980268148826,0.000413655911974953,0.0108409732665528,10.6479683746883,"chebyshev","selected"
4.74027765964766,0.329836351517565,1.2000638351883,"low_separation",3.09690271682483,3.09674168293145,0.00016103389337907,0.0106877731940778,11.4336572999468,"chebyshev","selected"
5.58375316373239,0.755127386591965,1.17785995689983,"low_separation",3.23331536718052,3.23351588274904,0.000200515568522519,0.00662737847480023,1.72848393757741,"chebyshev","selected"
5.98329267206147,0.921642894488605,0.930066530505629,"low_separation",3.53319024654633,3.53327266724212,8.24206957834583e-05,0.001703568780492,1.38878470034963,"chebyshev","selected"
1.89619713360763,0.470070145850863,0.720204079127944,"low_separation",0.219773148368063,0.219662044034689,0.000111104333373635,0.00649155575683313,1.11561158699075,"chebyshev","selected"
1.15263953235113,0.472254213499972,1.15895049662215,"low_separation",0.162357603376674,0.162351801806758,5.80156991608627e-06,0.0026866904911546,1.47045598866788,"chebyshev","selected"
0.59412560018283,0.592231482886049,1.48592748969541,"low_separation",-0.135333764397237,-0.135320167077134,1.35973201033368e-05,0.00655588241557696,0.709325684271617,"chebyshev","selected"
8.80110375709658,0.31028879276134,1.75231209359511,"low_separation",5.3975219579517,5.3975348939498,1.29359981055899e-05,0.00271001677808468,0.305292475213827,"chebyshev","selected"
2.27453510719176,0.963215410877583,0.793213157677429,"low_separation",0.110569527059006,0.110959103259515,0.00038957620050975,0.00530455692835877,0.477754947762895,"chebyshev","selected"
4.76145035037614,0.00845043252147732,1.74018062556518,"low_separation",4.15144710070806,4.15155559677701,0.000108496068956576,0.0572398711439446,271.580741019671,"chebyshev","selected"
2.70879873865014,1.02261741233834,0.714363496839625,"low_separation",0.356899052729825,0.357142341981779,0.000243289251953271,0.0035241198998092,0.88801431726194,"chebyshev","selected"
-0.820576010333197,0.547963607473817,1.41017070557555,"low_separation",1.91357014740911,1.91356483356068,5.31384843083238e-06,0.0244671511396445,6.85178290737238,"chebyshev","selected"
6.58207472619914,0.915754379804506,0.526299346422199,"low_separation",4.0026408153018,4.00339308738685,0.000752272085047245,0.00564785841222392,1.04135243357853,"chebyshev","selected"
4.03483828234099,0.640573668020703,1.85078716294122,"low_separation",0.135487156946611,0.135739324745483,0.000252167798871744,0.0101024238034618,3.00265799991131,"chebyshev","selected"
7.79653233907229,0.0903347381359164,0.994322502103745,"low_separation",5.46129077352229,5.46160110099554,0.00031032747325721,0.00548259082115803,0.851281098891862,"chebyshev","selected"
0.945907469016186,0.562285890512248,0.380429949911481,"low_separation",0.147062277056178,0.147408211012839,0.000345933956660494,0.00048557909198317,1.2438735794632,"chebyshev","selected"
3.81650998073804,0.959905252940743,0.963991613451807,"low_separation",1.3449980195969,1.34531234320383,0.000314323606934952,0.00649927221575745,2.76729953116002,"chebyshev","selected"
0.0165848814428928,0.308703495449441,0.589795793623018,"low_separation",0.816440767377559,0.816099048616192,0.000341718761366905,0.00675672595319192,1.56513888704057,"chebyshev","selected"
7.02219779773661,0.489036052604372,1.09014014565158,"low_separation",4.62399222592879,4.62392780911311,6.4416815674484e-05,0.00395967051337697,0.845651654067179,"chebyshev","selected"
1.0673603805743,1.00933650337449,1.37262929273154,"low_separation",-0.946629786267259,-0.946585721961361,4.4064305898095e-05,0.00468484404643513,1.18587290817129,"chebyshev","selected"
4.31979408397583,0.393085410996265,1.54335262794522,"low_separation",2.35655655256374,2.35664811889644,9.15663327045735e-05,0.0110054133519418,3.06453240802166,"chebyshev","selected"
3.76123521407656,0.272903796743094,0.385988025262216,"low_separation",1.49728178355982,1.49717622583307,0.000105557726747252,0.00496174105463274,3.06199355505481,"chebyshev","selected"
1.96673476073956,0.68817408585383,1.70965696228768,"low_separation",-1.27044787259029,-1.27043876445004,9.10814024601692e-06,0.00732664557645727,0.951821880225921,"chebyshev","selected"
2.02583502945335,0.529998953432061,0.369831941929674,"low_separation",0.144492321731261,0.144587797410951,9.54756796907597e-05,0.00694605406217672,0.902979543379758,"chebyshev","selected"
7.47392376726503,0.00301959798257558,1.51929002672038,"low_separation",5.88384796092722,5.88374457848407,0.000103382443148448,0.0186446568992854,18.1254781402739,"chebyshev","selected"
-0.527173997209365,0.415258768114863,0.471429643228587,"low_separation",1.22300260062339,1.22331988638519,0.000317285761802122,0.0287781451460151,4.51095704745743,"chebyshev","selected"
-0.826662812318846,0.259874976227941,0.865179973536569,"low_separation",2.17576061779279,2.17577848283327,1.78650404860647e-05,0.0107966470405831,6.84775621402209,"chebyshev","selected"
1.33123494379154,0.264731259847189,0.746718680521745,"low_separation",0.258987004716659,0.258735434696332,0.000251570020326997,0.00361713635062622,1.63562317639909,"chebyshev","selected"
0.300287070923467,0.777818730704694,1.18322753026623,"low_separation",0.246918310089258,0.246856545570802,6.1764518455909e-05,0.00524685983398968,0.76323127744972,"chebyshev","selected"
4.15657091704579,0.724131605887711,0.622346409839668,"low_separation",1.90880208122437,1.90897918831922,0.000177107094852413,0.00753521684998923,2.9778676953005,"chebyshev","selected"
8.93980108620119,0.882388327708284,1.01449084879253,"low_separation",5.15872543873294,5.15864863337877,7.68053541682079e-05,0.00488698199568787,0.225149297384566,"chebyshev","selected"
5.05935466882804,0.7323676117575,0.906821187337855,"low_separation",2.93671109334245,2.93641023962969,0.0003008537127549,0.010911308345556,2.28505819730461,"chebyshev","selected"
8.59324170902812,1.89366944782452,2.16175327477964,"high_dependence",-11.0644760038509,-11.064582916676,0.000106912825163619,0.00339081454887107,0.421804058809262,"chebyshev","selected"
7.98653840351575,2.54860311669058,2.13586842879951,"high_dependence",-16.4588490369763,-16.4590466564515,0.000197619475219568,0.00302842423977834,0.49507339739163,"chebyshev","selected"
6.53972188673946,4.73766207105819,2.34937307512866,"high_dependence",-59.5922636456266,-59.5927565137759,0.000492868149279957,0.00663637122510744,1.23335987712305,"chebyshev","selected"
2.91121267014941,2.21146414991564,2.44087796013017,"high_dependence",-33.7332058480737,-33.7333028017894,9.69537157118339e-05,0.00916948938800572,1.23196637461254,"chebyshev","selected"
-0.43758066064687,2.80415457925799,2.22954766744536,"high_dependence",-26.802373450624,-26.8023268333767,4.66172472108894e-05,0.0123038964847529,5.03302878671474,"chebyshev","selected"
1.51585263699385,3.16294201232665,2.27507686872852,"high_dependence",-35.4298473189871,-35.4299567704941,0.000109451507007918,0.00457866524924825,0.523407544841782,"chebyshev","selected"
4.96802877442012,4.72829193138992,2.22654446215642,"high_dependence",-46.8096784934051,-46.810261898709,0.000583405303892448,0.0173358450813145,2.26718470928126,"chebyshev","selected"
4.04206455971972,3.92304658480855,2.2403536727551,"high_dependence",-40.0301124556575,-40.0294765451307,0.000635910526753491,0.0126305529422534,1.96787909650441,"chebyshev","selected"
6.43632535413222,4.14663939049218,2.20387597387992,"high_dependence",-37.2327866616301,-37.2332105976656,0.000423936035502948,0.0048315452632305,1.27394688840367,"chebyshev","selected"
6.35796707366032,4.85277343286059,2.20164740610122,"high_dependence",-44.430110724118,-44.4304193310838,0.000308606965809588,0.000372378347250421,1.36059107564255,"chebyshev","selected"
3.33370840115821,1.35901468365057,2.04305614823471,"high_dependence",-7.37608270732278,-7.37648340405378,0.000400696731003514,0.00133163864525945,2.04866777051564,"chebyshev","selected"
4.69295872416538,3.19921133468364,2.3591514486675,"high_dependence",-40.6715967012561,-40.6719693848919,0.000372683635802673,0.00984765663928025,2.35630961386985,"chebyshev","selected"
0.590828174985301,1.21379217877864,1.9328477424375,"high_dependence",-5.4406357826615,-5.44068214890736,4.63662458640712e-05,0.000731555189559799,0.514988867197252,"chebyshev","selected"
-1.58476639170488,5.07850972213991,2.34627437361077,"high_dependence",-62.8795286886642,-62.8795074085948,2.12800694185944e-05,0.0478662407876726,16.372473079796,"chebyshev","selected"
2.98128096297725,4.76951369786595,2.19447453829836,"high_dependence",-45.5759337718263,-45.5761324856781,0.000198713851780496,0.00795584303576439,1.08580318402612,"chebyshev","selected"
6.25270620791278,1.46657727027457,2.19377012131104,"high_dependence",-9.13848071841549,-9.13856620056466,8.54821491707014e-05,0.00705463239072385,1.21264101293105,"chebyshev","selected"
2.85173098877908,2.77676633017269,2.43343682373548,"high_dependence",-42.4357296589106,-42.4357844880581,5.48291475581664e-05,0.00566850327998492,162.06117762273,"chebyshev","selected"
-0.897043390223984,2.75260220170765,1.97656517815016,"high_dependence",-13.8450659070036,-13.8451116091429,4.57021393689416e-05,0.0695136386540606,8.78072488895019,"chebyshev","selected"
-1.53655286054227,3.24428442445436,2.21556802482696,"high_dependence",-28.1603499152736,-28.1602931503261,5.67649475158305e-05,0.0861967699702343,13.9590271015616,"chebyshev","selected"
0.83432885943657,2.29000970453193,1.94875957918119,"high_dependence",-12.3330025916304,-12.3330051300429,2.53841248287756e-06,0.0103882468474227,0.434467550109388,"chebyshev","selected"
-0.105712822007291,3.64277425887966,2.34617769284185,"high_dependence",-46.4918733616243,-46.4918110353454,6.23262789289925e-05,0.00617906448444622,3.63660308828968,"chebyshev","selected"
6.2176662197663,1.07002498803615,2.42719563363428,"high_dependence",-11.279279531279,-11.2792872456526,7.71437363056293e-06,0.0037050628294196,1.2309164565358,"chebyshev","selected"
4.2980726917012,2.10998872444284,2.21527429836711,"high_dependence",-18.3741742611869,-18.3735028275494,0.000671433637553065,0.0222917292497139,2.63225202411209,"chebyshev","selected"
4.83905059274977,3.96420303885395,2.03488304066064,"high_dependence",-25.2282941071485,-25.2288704836982,0.00057637654970577,0.00616143105097436,2.27284145782854,"chebyshev","selected"
0.250467516651413,3.32395310326813,2.38056025418304,"high_dependence",-45.8015702805618,-45.8015009980205,6.92825413111109e-05,0.00293146879846401,1.86632062925658,"chebyshev","selected"
-0.157139251872751,4.06269691534016,2.3442183697315,"high_dependence",-51.8870097145733,-51.8869606034399,4.91111334000038e-05,0.0156187797686904,3.98981174300585,"chebyshev","selected"
3.22074882669797,2.29712875338285,2.27220651018147,"high_dependence",-24.2218884261383,-24.2224069934546,0.000518567316234453,0.00503010824961547,1.65340428181481,"chebyshev","selected"
-1.3907229114945,3.02689331410887,2.20426720424708,"high_dependence",-25.5866041402818,-25.586483409385,0.00012073089683895,0.0911599907104341,12.3607197517706,"chebyshev","selected"
5.86611085296408,4.07512750248272,2.26170416256923,"high_dependence",-41.9967606970279,-41.996236128989,0.000524568038919426,0.00220441408139902,1.70151073038131,"chebyshev","selected"
6.98553618799531,4.54842440141983,2.26086301986128,"high_dependence",-46.6340776202742,-46.6339200765195,0.000157543754696121,0.00206423854235813,1.02320840495702,"chebyshev","selected"
6.41051656983458,4.69895360094339,2.30918138853609,"high_dependence",-54.2055258401246,-54.2058996347255,0.00037379460098208,0.000608177798864288,1.31942266510019,"chebyshev","selected"
2.77092205838203,3.8390577870221,2.31338929532563,"high_dependence",-46.5623336741556,-46.5622770484793,5.66256763150363e-05,0.0116209846648289,0.986859112959204,"chebyshev","selected"
3.16515370346367,2.93334853575813,2.27078970296699,"high_dependence",-31.6883440708463,-31.6888104956242,0.000466424777879837,0.00624321876633827,1.46327524290884,"chebyshev","selected"
0.452545010182499,4.84109430516997,2.37192005454214,"high_dependence",-66.8032932912097,-66.803385123461,9.18322513143721e-05,0.0148220191265537,1.87919915864773,"chebyshev","selected"
-0.81646398250932,2.55281374480383,2.27512116380184,"high_dependence",-26.0031606104618,-26.0031547746125,5.83584926872049e-06,0.0513712666999342,7.94406754777763,"chebyshev","selected"
6.80408812131157,3.47473864555868,2.41803108753787,"high_dependence",-48.8354932563796,-48.8357382589796,0.000245002599989164,0.00663000353152782,1.04724734609448,"chebyshev","selected"
8.89652999339943,2.36410750697427,2.19035139625377,"high_dependence",-16.677936795134,-16.6776990458711,0.000237749262961273,0.00396161511010178,0.71229151491113,"chebyshev","selected"
-0.670372224797118,4.84690703722226,2.23903806334229,"high_dependence",-49.2176916547851,-49.2179638765572,0.0002722217721427,0.0754341146050369,8.07568384593848,"chebyshev","selected"
6.09351369108217,2.00767850041829,2.12451402970396,"high_dependence",-12.2389950682209,-12.2387651594526,0.000229908768359266,0.00186248775774811,1.3687433223407,"chebyshev","selected"
8.80069214039135,4.4602190031586,2.23967535607339,"high_dependence",-42.4907561119995,-42.4908140631062,5.79511066476357e-05,0.00664217648957555,0.753913084435425,"chebyshev","selected"
2.68148266662498,5.17395787567129,2.4369374944105,"high_dependence",-82.0660941507929,-82.065946844415,0.000147306377940026,0.0171011967593366,0.81804682943644,"chebyshev","selected"
6.53217475755879,1.51527569429378,2.07116708235005,"high_dependence",-6.25849619444585,-6.25879606495404,0.000299870508190025,0.00244526948619626,1.06187017865662,"chebyshev","selected"
4.18760742863496,4.09504616466774,2.07970307364588,"high_dependence",-29.5758968438344,-29.5752844121088,0.00061243172557468,0.0158358362820403,2.07658581530124,"chebyshev","selected"
0.0733003336747844,2.51571173644294,2.32733398524781,"high_dependence",-30.2211052118156,-30.2211070954142,1.88359855712861e-06,0.0152291690224368,2.1694372994582,"chebyshev","selected"
8.94916169268001,1.75256143004775,2.22405792524403,"high_dependence",-11.6603699657946,-11.6603405304216,2.94353730243557e-05,0.00305690165036121,0.712567924381697,"chebyshev","selected"
7.52414082790813,2.75051399746228,2.28423211043883,"high_dependence",-26.883453553218,-26.8833582739211,9.52792969428629e-05,0.00255484607085441,0.743039326109622,"chebyshev","selected"
6.61003092497924,2.22782083724144,2.07469096163093,"high_dependence",-12.0467343900358,-12.0471511836761,0.000416793640303226,0.00555494580506978,1.0568419592674,"chebyshev","selected"
-0.700320249881986,1.47139547080484,2.4218863974001,"high_dependence",-19.3480626814005,-19.3480485767059,1.41046946247059e-05,0.0438494511936014,6.48126021858551,"chebyshev","selected"
0.0231877466654546,2.84865101164923,1.98057634366385,"high_dependence",-16.1276543022488,-16.1276130899516,4.12122972299755e-05,0.0239500139962487,2.6918884279909,"chebyshev","selected"
2.23153475196156,2.06708668001613,2.42532937289341,"high_dependence",-30.7770219578961,-30.776848649135,0.000173308761091562,0.00514593507213563,0.389913288874039,"chebyshev","selected"
-0.0280953402398583,2.46221106010779,2.29842234302753,"high_dependence",-27.609910337257,-27.6098449357266,6.54015304171196e-05,0.00358795812690595,2.65596205355363,"chebyshev","selected"
1.99288019489446,3.80302659446906,2.2905381049098,"high_dependence",-44.2944825670304,-44.2944509364051,3.16306252585719e-05,0.00730100236606433,0.272699225174386,"chebyshev","selected"
2.34864080839502,4.86351273245147,2.25209153013546,"high_dependence",-52.7250710271903,-52.7247402359645,0.000330791225735538,0.00245453422714903,0.579992786186848,"chebyshev","selected"
1.86235979336491,1.07584316766142,2.34591130188225,"high_dependence",-12.7029701278609,-12.7030258644662,5.57366053559605e-05,0.00267139527633341,0.976010823441312,"chebyshev","selected"
0.517681986362163,3.22657819285206,2.11615306198142,"high_dependence",-25.5388187662711,-25.5387963388082,2.24274628912724e-05,0.015974446187879,0.974931928484293,"chebyshev","selected"
5.40646158708499,3.37466733019509,2.02425454538658,"high_dependence",-19.7468531881115,-19.7468489520943,4.23601722232547e-06,0.00276706619151341,2.07005925680755,"chebyshev","selected"
1.36141472132174,3.66900351185252,2.32431408145219,"high_dependence",-45.8083934345781,-45.8084489161104,5.54815322857394e-05,0.00249220913176453,0.313434037111716,"chebyshev","selected"
3.4241008182403,2.0284918759346,2.11051780401308,"high_dependence",-14.4329386745295,-14.4333909503388,0.00045227580933016,0.00146540749455248,1.99904828248981,"chebyshev","selected"
3.92474590955555,1.16284898819199,1.92463582413224,"high_dependence",-3.57511171418626,-3.57465965890143,0.000452055284831498,0.007785339138595,2.75419348535226,"chebyshev","selected"
4.86300384223144,2.60979160672863,1.93989284698682,"high_dependence",-11.8247243637731,-11.8255107447766,0.000786381003511138,0.00892467627671764,2.42530559487025,"chebyshev","selected"
7.98412070973345,3.12573874412853,2.25027924681578,"high_dependence",-28.7969714848854,-28.7972270084458,0.000255523560444004,0.00403368386400641,0.476186732396108,"chebyshev","selected"
3.58198151008866,3.23029905688001,1.96214799023634,"high_dependence",-17.7295207254148,-17.7297919801861,0.000271254771273988,0.0137087701619915,1.8052866153566,"chebyshev","selected"
7.77095009376318,1.49190832877819,2.06478586228515,"high_dependence",-5.23978373313214,-5.2399105370013,0.000126803869158643,0.00363007219338117,0.65161356604635,"chebyshev","selected"
4.00819317432285,2.76521664139427,2.07181987443594,"high_dependence",-18.5444189490079,-18.5437130475791,0.000705901428823097,0.00704174653898138,2.3083322515984,"chebyshev","selected"
0.663273902670925,3.63245030080911,2.02119230743784,"high_dependence",-23.7853258530592,-23.7852253866614,0.000100466397757515,0.0121722029343198,8.87479734011481,"chebyshev","selected"
4.95719463463641,3.0154071576199,1.95784503970043,"high_dependence",-14.9140602890262,-14.9148404874637,0.00078019843749999,0.00846172452399852,2.31932471530497,"chebyshev","selected"
1.33124843816911,3.58329803210624,2.30635857865075,"high_dependence",-43.0595068730681,-43.0595398633007,3.29902326043907e-05,0.00369872911563143,0.332924697746085,"chebyshev","selected"
0.0455141955890592,1.64646332856787,2.39519197436425,"high_dependence",-21.9394605180029,-21.9393289361798,0.000131581823044513,0.00528769566101531,2.00757821563618,"chebyshev","selected"
3.33092224951894,2.77553962416175,2.2587095948756,"high_dependence",-28.9329388731586,-28.9334642370655,0.000525363906902498,0.00885074764971015,1.72295187898193,"chebyshev","selected"
8.89787597933568,4.63903290871175,2.09913247488398,"high_dependence",-32.0416170684578,-32.0411968072134,0.000420261244421738,0.00667196634108362,1.07293239681261,"chebyshev","selected"
-1.11785050575245,4.81328705200298,1.99975801872694,"high_dependence",-28.010991926971,-28.0111289655971,0.000137038626135677,0.0926524044487756,10.5972821873671,"chebyshev","selected"
-0.482981908826672,1.42248102385138,2.28011340895792,"high_dependence",-13.5400291797401,-13.5399751695796,5.40101605235321e-05,0.00223777902827744,4.74913933972605,"chebyshev","selected"
7.99073261719916,3.51641199440489,2.18943835459991,"high_dependence",-28.7729861868326,-28.7732662228962,0.000280036063632139,0.00599562279144552,0.4639432087002,"chebyshev","selected"
0.106224643887545,5.16292512430991,2.39187843178032,"high_dependence",-74.0284054221336,-74.0284886408298,8.32186961616799e-05,0.0233354341568824,88.4188109163773,"chebyshev","selected"
0.209862922220284,3.43278894014195,2.29636885142504,"high_dependence",-39.648250505471,-39.6483012657142,5.07602432122667e-05,0.0351567658560196,1.95665937465996,"chebyshev","selected"
7.25594817966792,4.58611244029761,2.26384792274134,"high_dependence",-47.2314988067636,-47.2310070498994,0.000491756864192894,0.00424200777730144,0.892843228878107,"chebyshev","selected"
-0.632374139489746,1.67312898157126,2.21813735825815,"high_dependence",-13.9749457590094,-13.9749842331158,3.84741064038963e-05,0.0126811646856018,5.92460073632163,"chebyshev","selected"
-1.32843903404693,4.00476317603992,2.02116756506702,"high_dependence",-23.2576914866703,-23.2571006487925,0.000590837877709305,0.0558416274883079,12.4157698263804,"chebyshev","selected"
3.8478083330214,2.06554916403165,2.19810479335971,"high_dependence",-17.6308943112736,-17.6305163313195,0.000377979954041763,0.0118652777586979,2.38389539452468,"chebyshev","selected"
8.7244960179395,3.96974850620595,2.42677145727513,"high_dependence",-56.7379726284053,-56.7383515285641,0.000378900158864326,0.00174148441461484,0.618610967023594,"chebyshev","selected"
-1.54133727646487,3.49700296277829,1.98317878820176,"high_dependence",-17.3699202815585,-17.3703362458739,0.000415964315447326,0.107063556041906,21.3058989830214,"chebyshev","selected"
-0.14239154795107,4.29245525587415,2.03605871411313,"high_dependence",-28.483328531749,-28.4835436244198,0.000215092670789119,0.0100328521054801,495.187966808328,"chebyshev","selected"
4.95774111627491,1.07408093259468,2.02942768421287,"high_dependence",-3.31996986531701,-3.32050025812439,0.00053039280737277,0.00925466402313171,2.38964013223521,"chebyshev","selected"
5.23251607649727,1.27144112349298,1.99117805869076,"high_dependence",-3.88982833373486,-3.8901983312007,0.000369997465839322,0.0117187612442504,2.1545610914122,"chebyshev","selected"
0.846897873062589,1.75704134895907,2.34261798609757,"high_dependence",-21.6933919578147,-21.6933943823878,2.42457308985422e-06,0.008589003417298,0.643167804369419,"chebyshev","selected"
8.6181521895866,1.70263445656085,2.27269083555142,"high_dependence",-13.1045911094408,-13.1047035101562,0.000112400715417849,0.00178873238528342,0.412317047782135,"chebyshev","selected"
8.68720551895579,1.19429348014949,2.13923765206789,"high_dependence",-3.85832342267269,-3.85838887327557,6.54506028761048e-05,0.000584041439767801,0.387901731540841,"chebyshev","selected"
2.82344419129953,4.66319069588039,2.33786050439171,"high_dependence",-60.0343693335424,-60.0344229185671,5.35850247374015e-05,0.012035389915729,1.00050439238607,"chebyshev","selected"
5.85185402458132,3.28067662647553,2.27616303537969,"high_dependence",-33.8131309168338,-33.8124831847498,0.000647732083976393,0.00314281246290598,1.66490360844624,"chebyshev","selected"
6.37057810538294,3.20914687373859,2.25254816688365,"high_dependence",-30.8276520075602,-30.8279655129554,0.000313505395265423,0.000806795392205869,1.24587076318221,"chebyshev","selected"
1.88026119763087,1.81226304071677,2.02869527759816,"high_dependence",-11.3935105771695,-11.3935298510006,1.92738311231011e-05,0.00175177621634898,0.746536839616704,"chebyshev","selected"
0.789812915847473,5.08862965800918,2.21807373307065,"high_dependence",-51.3864555469338,-51.3863927524346,6.2794499235963e-05,0.0133368592839215,1.02506197852335,"chebyshev","selected"
4.32864056378534,1.2528029843234,1.94900985805931,"high_dependence",-4.02789825803054,-4.02738083576484,0.000517422265694734,0.0175394949701047,2.84787492281948,"chebyshev","selected"
5.44072318099891,1.40533669223372,2.1076308575229,"high_dependence",-6.98413714798475,-6.9840796473872,5.75005975509413e-05,0.0110580466865429,1.95325907328269,"chebyshev","selected"
6.58727062331652,4.81502944860156,2.04358657666002,"high_dependence",-30.6998555145763,-30.7004005477054,0.0005450331291037,0.00720586244759094,1.20893375809482,"chebyshev","selected"
3.36502745204773,1.86323513485447,2.11620867691222,"high_dependence",-13.2434305012347,-13.2438738555067,0.000443354272078977,0.00179062494894172,1.95907560004276,"chebyshev","selected"
5.0802017254674,4.00644393251008,2.36742665413776,"high_dependence",-52.6727032008388,-52.6733681301156,0.0006649292768941,0.0198184442208657,2.29247259356058,"chebyshev","selected"
5.52930940385389,4.51494959876913,2.39215230307085,"high_dependence",-62.8099284880227,-62.809670244982,0.000258243040747175,0.00518352748318958,2.00657804963008,"chebyshev","selected"
0.294727855491126,5.09451011091842,2.35586870899338,"high_dependence",-67.9689811073961,-67.9690238307894,4.27233933208981e-05,0.0158970309468483,2.41413079474359,"chebyshev","selected"
0.562605853380618,2.9842897513865,2.22468808492092,"high_dependence",-29.6349069203534,-29.6349794649155,7.25445621263532e-05,0.0137196987003321,0.709570001068072,"chebyshev","selected"
2.79783403576417,4.82396134600015,1.99223388757836,"high_dependence",-30.2567247719401,-30.2566174973943,0.000107274545818825,0.000698452480055761,0.946716374658679,"chebyshev","selected"
5.27750513882792,4.56789427929519,2.08410918826137,"high_dependence",-32.7418874527029,-32.7421984304696,0.000310977766751819,0.0143335728973857,2.19202330153715,"chebyshev","selected"
5.94830216001432,2.27144412133604,2.09063820111809,"high_dependence",-13.4323573256364,-13.4318670443684,0.000490281268067605,0.00118942467087585,1.51586793392446,"chebyshev","selected"
6.77782559873138,1.36731353994997,2.41722874338451,"high_dependence",-15.3103719859756,-15.3105384381479,0.000166452172328135,0.00290018342173503,0.964250444738836,"chebyshev","selected"
-1.22575836868411,1.79400098742316,2.37023364807662,"high_dependence",-20.55691090854,-20.5569331810105,2.22724704386223e-05,0.0276567250056278,10.89317129954,"chebyshev","selected"
1.48649549416429,4.38130038841933,1.99389167805202,"high_dependence",-27.7263927303711,-27.7265488036972,0.000156073326085249,0.000544365221954857,0.10462266041807,"chebyshev","selected"
5.66288327973079,1.31922295987411,2.11992605703129,"high_dependence",-6.32072310935357,-6.32035240669149,0.00037070266207806,0.0123790676164582,1.72573991390422,"chebyshev","selected"
8.05045959959658,1.94153660313418,2.06928259615644,"high_dependence",-8.7996827500149,-8.79975615261767,7.34026027728873e-05,0.000838854609219527,0.502825065528807,"chebyshev","selected"
4.07395501138865,4.81350485994885,2.25096212582721,"high_dependence",-51.0933140958324,-51.0928012094533,0.000512886379063104,0.00558372952670717,1.80783277116727,"chebyshev","selected"
8.0632817344349,4.09654242326222,1.96159015373821,"high_dependence",-19.8799076612856,-19.8800624830561,0.000154821770461666,0.00223220809232214,0.455071343447743,"chebyshev","selected"
4.73628540828376,2.60766376207513,2.41988790118284,"high_dependence",-36.889102949874,-36.8896552487264,0.000552298852440458,0.0130055689171347,2.41390894736081,"chebyshev","selected"
5.49264002074008,2.80338273950285,2.36746955961711,"high_dependence",-34.9419974784876,-34.9417698762798,0.000227602207822031,0.0184485620001169,1.9379630680576,"chebyshev","selected"
1.96677530300411,1.54033273768481,1.9458185442192,"high_dependence",-7.79620004350197,-7.79619526101281,4.78248916468971e-06,0.00610517705450014,0.728714320012186,"chebyshev","selected"
2.79283495156897,4.19437916951561,2.39020543662566,"high_dependence",-59.9125823599933,-59.9125351938703,4.71661229681786e-05,0.0125985925662569,76.9388190975263,"chebyshev","selected"
6.2241046664571,3.89948906319832,2.21473360847467,"high_dependence",-35.6796929375317,-35.6797358875306,4.29499989209603e-05,0.000559619797360518,1.3951946882062,"chebyshev","selected"
6.66454909488094,3.94922885885688,2.07229737214089,"high_dependence",-25.7735919547319,-25.7740218311436,0.000429876411676133,0.00483305181061461,1.12821814615772,"chebyshev","selected"
0.171753228037688,2.69260343774335,2.16896789761638,"high_dependence",-23.1956793607687,-23.1957582993199,7.89385511623664e-05,0.0265370176947095,2.00111867601765,"chebyshev","selected"
4.97829863634675,2.02579055063785,2.01735808988783,"high_dependence",-10.0394704693061,-10.0402797679623,0.000809298656216484,0.00895859012226353,2.35015218079302,"chebyshev","selected"
1.3704767021772,3.60959324162374,2.20766852845119,"high_dependence",-35.347835888436,-35.3478928012652,5.69128291161292e-05,0.00214499130676978,3.67834452124819,"chebyshev","selected"
4.96159622366606,4.54714894851925,2.28168523163824,"high_dependence",-50.4739801307034,-50.4745316764988,0.000551545795367758,0.00206919030263944,2.24552391983641,"chebyshev","selected"
3.9366051859374,3.42911078976177,2.03543405144203,"high_dependence",-22.0750163549514,-22.0743533933853,0.000662961566035847,0.00392233744674439,2.04751332601767,"chebyshev","selected"
2.07783054163751,2.23449523799312,2.1579894657593,"high_dependence",-18.9911094133648,-18.991014916619,9.44967458913482e-05,0.012108021501698,55.9431004126032,"chebyshev","selected"
3.28784356678146,3.36712619549957,2.32079602599712,"high_dependence",-40.8152189145983,-40.8158049439415,0.000586029343210726,0.00572443601364242,1.54329309006094,"chebyshev","selected"
1.69944606086495,3.25599602815449,2.20120228257497,"high_dependence",-31.2961537836732,-31.2962792700418,0.000125486368542482,0.00275920936842447,0.444971667947565,"chebyshev","selected"
4.0378974037786,3.34040456302194,2.30657922552124,"high_dependence",-38.6707376990442,-38.6699436872968,0.000794011747352386,0.00102210267504915,2.14818525191683,"chebyshev","selected"
5.69821775673598,4.43444205459677,2.20596380252955,"high_dependence",-41.0105360418167,-41.0100043867188,0.000531655097937289,0.00193753379577452,1.88244729114624,"chebyshev","selected"
0.451467734088627,3.94992774326329,2.0549111893486,"high_dependence",-27.7769516778499,-27.7770607298083,0.00010905195839328,0.0241257793068769,1.36522350236038,"chebyshev","selected"
6.50913603118592,3.87800020446136,2.31914541192638,"high_dependence",-44.584453801472,-44.5849297181291,0.000475916657116215,0.00122920070861914,1.20726131663085,"chebyshev","selected"
6.04831449884727,4.76309898708244,2.17628505281051,"high_dependence",-41.3588175021521,-41.358545508847,0.000271993305176466,0.0141628710324381,1.61605246839406,"chebyshev","selected"
6.59752459602625,2.6552244798374,2.22271449667628,"high_dependence",-22.6108567502687,-22.6113025443236,0.000445794054968474,0.00407865962587469,1.087706066384,"chebyshev","selected"
0.505814769067604,4.46560265177983,2.2561704224037,"high_dependence",-48.3586159607809,-48.3585613202022,5.46405786323589e-05,0.000364921532516287,1.47388432574581,"chebyshev","selected"
8.31283255420631,2.63569686548114,2.11052317048568,"high_dependence",-15.9428413703576,-15.9425660589803,0.000275311377246013,0.00134323212619524,0.432709782265822,"chebyshev","selected"
5.88125387045125,1.43028721450839,2.23370190074173,"high_dependence",-10.190714233534,-10.1902739377533,0.000440295780778754,0.00912399343256,1.52532105749217,"chebyshev","selected"
5.93640875470822,2.70244721185918,2.34680684770544,"high_dependence",-31.5816905901443,-31.5811773911113,0.000513199033022715,0.0143805950714287,1.57939034745076,"chebyshev","selected"
-0.241665687416482,2.16201678080261,2.24459583866152,"high_dependence",-20.9437981566956,-20.9438756933278,7.75366321867921e-05,0.0321162179369026,3.78027164741122,"chebyshev","selected"
5.65520719140889,1.52138645875348,2.02573009789304,"high_dependence",-5.94466954551231,-5.94417005679172,0.000499488720594243,0.000328230602459195,1.73052194793547,"chebyshev","selected"
0.542247605129766,2.06916423141931,2.30266792325351,"high_dependence",-23.5815546294341,-23.5815315860543,2.30433798051877e-05,0.006817028137544,0.527001616323426,"chebyshev","selected"
1.20664240526594,1.75789111676926,2.2922018044455,"high_dependence",-19.5990775761601,-19.5990800130458,2.43688568701828e-06,0.00185018784355676,0.976610288794536,"chebyshev","selected"
3.17610192580438,1.55452323548266,1.94567063794143,"high_dependence",-7.04423001030556,-7.04466080625964,0.000430795954088126,0.00943881448866655,1.71820469977617,"chebyshev","selected"
6.39915843575654,1.13931435637265,2.26166093806287,"high_dependence",-7.29528543316746,-7.2954941694258,0.000208736258338504,0.0051429325078332,1.10993829738237,"chebyshev","selected"
-1.57999386128116,1.95591995646103,2.09718049426541,"high_dependence",-10.4560323251049,-10.4562038125639,0.000171487459020625,0.113023552314372,13.6640259491934,"chebyshev","selected"
8.12972125436251,2.52161769699777,2.26545749435304,"high_dependence",-22.6951716634481,-22.6951544260353,1.72374127629382e-05,0.00103289697863098,0.456011476400749,"chebyshev","selected"
7.93373876735921,2.38218146923443,2.09302807089936,"high_dependence",-13.2600776251065,-13.260326603181,0.000248978074516515,0.00596598489435874,0.521925139238057,"chebyshev","selected"
5.91391426789177,4.23435209267084,2.13580965087424,"high_dependence",-33.0875235400668,-33.087006896582,0.000516643484729684,0.00226098589931334,1.67507831168182,"chebyshev","selected"
0.557004449847647,3.3808991077277,2.31924504966164,"high_dependence",-41.2685444304817,-41.2685640958927,1.96654110169447e-05,0.017382574266692,0.943863725914319,"chebyshev","selected"
6.98005047836185,2.56281149991523,2.02939785786664,"high_dependence",-12.8093936841944,-12.8093078347313,8.58494630726625e-05,0.00639973696340646,0.949684862509505,"chebyshev","selected"
3.41741116473036,3.15385588919351,2.43271848450702,"high_dependence",-48.0824153915599,-48.0829421886489,0.000526797088959086,0.0116972203125174,1.67648322549102,"chebyshev","selected"
-0.535932811609278,5.04997147627428,2.2937127572601,"high_dependence",-58.0450868370095,-58.0451181942587,3.1357249142161e-05,0.0561389220032731,7.10737433529134,"chebyshev","selected"
5.30498616896285,4.77307113105168,2.01322970654611,"high_dependence",-29.3872486009883,-29.3874872983851,0.000238697396795828,0.0126522847870186,2.18355655297426,"chebyshev","selected"
3.5723039619005,2.02316898711205,2.3554357839883,"high_dependence",-24.889407029644,-24.8896460558775,0.000239026233526118,0.0117659008628069,2.1441880631835,"chebyshev","selected"
6.56050591623392,5.08609504744029,2.38683004858656,"high_dependence",-69.8092953852132,-69.8097791806744,0.000483795461221348,0.0020258714046539,1.25318750599004,"chebyshev","selected"
6.59779601115009,3.10083743873974,2.21777383453412,"high_dependence",-27.1082863783932,-27.1087335070656,0.000447128672409036,0.00373649301441756,1.11283755085178,"chebyshev","selected"
6.29433644895412,4.66345531593864,2.20238807527186,"high_dependence",-42.5829061482837,-42.583070044998,0.000163896714262535,0.00331446928265588,1.3976454544257,"chebyshev","selected"
4.91390901018613,5.0535927376279,2.41557913315294,"high_dependence",-75.1556059342103,-75.1561023695447,0.000496435334383705,0.0157793415226225,2.23005515071406,"chebyshev","selected"
8.40365476610532,4.84454859366309,2.20260275219729,"high_dependence",-43.2360793284944,-43.2356676474467,0.000411681047737034,0.00107248164972861,0.561290457439783,"chebyshev","selected"
1.80426310276765,3.39370479448469,1.95368404546685,"high_dependence",-19.3949776311975,-19.3950593357571,8.17045595908894e-05,0.00408593429664294,0.374774640553893,"chebyshev","selected"
0.694946111055045,1.10971835475008,2.2315985673796,"high_dependence",-10.0216739225944,-10.0217039483016,3.00257072449739e-05,0.00656296307567422,0.673810832050868,"chebyshev","selected"
5.79529884918889,1.40299148649606,2.29411369968605,"high_dependence",-11.8565223742432,-11.8560928629089,0.000429511334205657,0.015251347519853,1.61318999143037,"chebyshev","selected"
5.75849659437743,2.7018986288405,2.28416784622318,"high_dependence",-27.4343308358745,-27.433681115702,0.000649720172511081,0.0109235164096807,1.74069090326198,"chebyshev","selected"
8.50517477948655,2.45742183374977,2.08171658702444,"high_dependence",-13.1531032649485,-13.1530536178034,4.96471450528446e-05,0.00186942186515879,0.439938760912953,"chebyshev","selected"
0.171400191270583,3.88747016475558,2.04995190771882,"high_dependence",-26.7410973437162,-26.7410926032552,4.74046099085967e-06,0.0093191969282921,2.40815109440825,"chebyshev","selected"
-1.55785613160978,2.01973562562761,1.96633648362372,"high_dependence",-7.32672659126233,-7.32656527183756,0.000161319424772266,0.0411331890621303,14.396513428598,"chebyshev","selected"
4.80585918403715,1.35499609039931,2.06642421938703,"high_dependence",-6.27541188251468,-6.27588472213051,0.000472839615823339,0.00119159714752171,2.52920585055872,"chebyshev","selected"
3.84493460220645,4.00002095174095,2.16472412342419,"high_dependence",-34.9247023064136,-34.924381532168,0.000320774245629707,0.00791112534779582,1.8493931167031,"chebyshev","selected"
0.886442494853139,5.12272296718627,2.385806528124,"high_dependence",-73.1885091199074,-73.1883922096807,0.000116910226665823,0.000166980148446591,0.819827492602014,"chebyshev","selected"
6.4943317011405,2.36886409416347,2.11962062203677,"high_dependence",-14.9830213593151,-14.9834241982156,0.000402838900480873,0.00480749565831734,1.13351181277919,"chebyshev","selected"
4.97218397833904,3.98645211163598,2.13410019361163,"high_dependence",-31.5686068785134,-31.5693044506235,0.000697572110151867,0.00797283225779687,2.25243631326974,"chebyshev","selected"
1.91974236357071,3.33363558709455,2.21255739570654,"high_dependence",-32.8143799798111,-32.8143950257177,1.50459066290409e-05,0.000962243659174832,0.350862155303605,"chebyshev","selected"
3.21345139401081,3.9665299646602,2.41647675435639,"high_dependence",-59.4226162744285,-59.4231244544881,0.000508180059590302,0.0134469870157327,1.38219546129182,"chebyshev","selected"
8.86616892751763,1.9672739843443,2.14723789132745,"high_dependence",-11.1042958014341,-11.104137324286,0.000158477148151093,0.00248400433038669,0.564090521847427,"chebyshev","selected"
1.71170068530586,1.7731430499319,2.09304502706297,"high_dependence",-12.8514185176724,-12.8514309336102,1.24159377623556e-05,0.00727401401751603,0.906705050723116,"chebyshev","selected"
4.16077765928679,4.78655428085802,2.2460149789132,"high_dependence",-50.1923407593733,-50.1918272249159,0.000513534457304843,0.00440292878647969,1.87689732379483,"chebyshev","selected"
2.13826398931755,2.78026231074145,2.17390456875505,"high_dependence",-24.8743116860563,-24.874181627936,0.000130058120230814,0.00554709148846115,0.352671945901172,"chebyshev","selected"
0.443970056369016,5.05298152456645,2.02161509663834,"high_dependence",-33.6134310025753,-33.6134400335986,9.03102327498573e-06,0.00349876665131124,1.88311744388965,"chebyshev","selected"
-1.09093979477711,4.20243249783194,1.9383648430311,"high_dependence",-20.7286550231395,-20.7281181416274,0.000536881512108067,0.0217638192354661,10.8356941607375,"chebyshev","selected"
-1.59284926763212,3.09765881521647,2.41977631527736,"high_dependence",-42.6804879765178,-42.6807449970403,0.00025702052246146,0.115762458566411,15.8920716475604,"chebyshev","selected"
3.12146815562859,4.91640817660994,2.23134072390844,"high_dependence",-50.7403040573861,-50.7406056844833,0.000301627097201163,0.0159233769836902,1.1719083321524,"chebyshev","selected"
-0.528230133672132,3.97973310751071,1.94461139522133,"high_dependence",-20.8310599388173,-20.8309918345243,6.81042930033016e-05,0.0417963028535187,6.45225402405624,"chebyshev","selected"
8.31361870702842,5.12093909402847,2.1033124047098,"high_dependence",-36.81493130828,-36.8144754097079,0.000455898572084834,0.00383613904803447,0.545245418972874,"chebyshev","selected"
0.495455790537587,5.13048801977876,2.09418895611069,"high_dependence",-39.8432564672784,-39.8432374394923,1.90277860241395e-05,0.00441231164073699,1.76620694331435,"chebyshev","selected"
-1.15938114168112,2.39190786483375,2.08101730758958,"high_dependence",-14.4687916227217,-14.4685948279332,0.000196794788550392,0.0410786700536176,176.023585895705,"chebyshev","selected"
-1.57769640223056,2.61518646707359,2.14980334383164,"high_dependence",-18.199180056101,-18.1993305748583,0.000150518757319418,0.105265748702538,15.5270298451387,"chebyshev","selected"
3.9510958240606,2.4255837625589,2.41215232624053,"high_dependence",-34.1654741766477,-34.1648286735601,0.000645503087575605,0.0022706557870724,2.36630505258767,"chebyshev","selected"
8.95450730421278,1.50997734511938,1.95995604188731,"high_dependence",-2.68016635289852,-2.68015744973946,8.90315905399675e-06,0.00486765109674995,0.626207452296228,"chebyshev","selected"
2.16981292507195,1.38901148978546,2.36130990794804,"high_dependence",-17.4014787295517,-17.4014102308486,6.84987031540629e-05,0.00576130566392977,0.517971987621946,"chebyshev","selected"
1.58403704621836,1.60393724338601,2.23247903126195,"high_dependence",-15.5953039426867,-15.5953389206896,3.49780028692237e-05,0.00289863120162087,1.02913093514935,"chebyshev","selected"
2.23533308293556,1.73024932419508,1.96251892805058,"high_dependence",-9.17274801361968,-9.172623855004,0.000124158615683712,0.00324437575429363,0.422349174808664,"chebyshev","selected"
0.672525154675739,2.21334317539478,2.03415425634188,"high_dependence",-14.228802099287,-14.2287903973765,1.17019105623228e-05,0.0111787449705684,0.39466139675002,"chebyshev","selected"
7.12302096214993,1.88912305366804,2.07841213841491,"high_dependence",-9.10914156211794,-9.10894252644704,0.000199035670895853,0.00663586377702465,3.38947878024218,"chebyshev","selected"
4.14758671180048,1.10490238974596,2.31087194527507,"high_dependence",-10.151500370852,-10.1510104898718,0.000489880980103052,0.0052282952827565,2.86179449462105,"chebyshev","selected"
0.546509300556335,2.07335270030576,2.0062598115176,"high_dependence",-12.3350719364601,-12.3350461968748,2.57395853218156e-05,0.0113438393591507,0.512834025581782,"chebyshev","selected"
5.17515566348291,1.52923332843724,2.38383629526416,"high_dependence",-17.5624176803026,-17.5629295116402,0.000511831337597357,0.00718214545784634,2.21288342566922,"chebyshev","selected"
-0.705063123226491,3.66309520496931,2.43017904074039,"high_dependence",-54.8343968431902,-54.8346984799461,0.000301636755892787,0.0751296535185839,5.58883872459363,"chebyshev","selected"
5.85489884104245,2.73921106888505,2.21579223944222,"high_dependence",-23.662408596204,-23.6618223642363,0.000586231967677264,0.0146602787156024,52.9361310292112,"chebyshev","selected"
0.122383733555266,2.53865321596301,2.19174964876016,"high_dependence",-22.7929217849887,-22.79298317377,6.13887813152303e-05,0.0264937475870647,1.95456412947304,"chebyshev","selected"
-0.678367844309962,4.79634411986148,2.22729263114056,"high_dependence",-47.4376883643043,-47.4379389321935,0.000250567889217734,0.0764872049784183,7.20552056252985,"chebyshev","selected"
0.596756964388007,3.34302278421698,2.43381692176485,"high_dependence",-51.82602089309,-51.826020484871,4.08219079872651e-07,0.00735870245047225,0.818161241148699,"chebyshev","selected"
5.51807515343455,2.20170758810697,2.36375594401671,"high_dependence",-26.0175805078122,-26.0173005436813,0.000279964130907473,0.00595074105090036,1.90693971746867,"chebyshev","selected"
4.63130239810245,1.78652970683177,2.35630705745756,"high_dependence",-20.5493095868259,-20.5495236416902,0.00021405486432613,0.00521555330883361,2.60387087372167,"chebyshev","selected"
7.9123599405892,2.68809998370952,1.96649178694445,"high_dependence",-11.0148957827136,-11.0151689498329,0.00027316711931924,0.00213403895888736,0.527784870782807,"chebyshev","selected"
2.35976027653065,0.544237502866052,2.36087545112627,"high_t_low_q",-5.44271645382492,-5.44269011374529,2.63400796267632e-05,0.00609948145728497,0.453991080740508,"chebyshev","selected"
8.03331325466269,0.813990866119322,2.34609005393147,"high_t_low_q",-4.24364510263337,-4.24365844981559,1.33471822181264e-05,0.00528769661610334,0.59025851301776,"chebyshev","selected"
3.90983354811094,0.0159561190292034,1.93246524366903,"high_t_low_q",3.31876477104659,3.31860956975594,0.000155201290646723,0.0269100004464493,13.3311240040863,"chebyshev","selected"
6.18262414475881,0.998220569984566,2.00762266420291,"high_t_low_q",-1.46531331503525,-1.46530130692371,1.20081115460025e-05,0.00389849553221211,1.25217382299509,"chebyshev","selected"
5.97041475865571,0.0840723280505482,1.94856717034078,"high_t_low_q",4.88080450200172,4.88064022290022,0.000164279101498188,0.00540322700835508,1.63836362319961,"chebyshev","selected"
5.40419965641207,0.113532984150149,2.36360722531597,"high_t_low_q",3.77372362973797,3.77370095517005,2.26745679201557e-05,0.00695457862045529,2.1077337119898,"chebyshev","selected"
4.5784399294433,0.0495162235619426,2.19588185214586,"high_t_low_q",3.94556659397162,3.94567596117545,0.00010936720382615,0.00595154714483854,4.67185521820607,"chebyshev","selected"
6.64898428015756,0.279849524131478,2.27218309311215,"high_t_low_q",2.83762188200533,2.83769360665835,7.17246530155258e-05,0.0042061407989592,0.989402001565895,"chebyshev","selected"
2.21775128377535,0.390369545038696,2.09222123650177,"high_t_low_q",-1.36577322324215,-1.36578568563694,1.24623947876934e-05,0.005299371534419,0.636540351985458,"chebyshev","selected"
-1.27058365800553,0.594200858445179,1.96412717338665,"high_t_low_q",0.884064373306987,0.884181436643606,0.000117063336619094,0.0455516470135426,10.9030083859029,"chebyshev","selected"
8.76436658179748,0.578007392533224,2.00799965671138,"high_t_low_q",2.88270773764865,2.88273740366607,2.96660174257113e-05,0.000241246607664634,0.339850487169025,"chebyshev","selected"
-1.17994607047916,0.384801681026576,2.44162922732924,"high_t_low_q",-1.43263730876513,-1.43281627905539,0.00017897029026237,0.033519401750054,9.66756409510751,"chebyshev","selected"
-1.38503481083574,1.01177229540786,2.177452630283,"high_t_low_q",-4.62805642962535,-4.62783249829496,0.000223931330385341,0.0460061179425823,11.6484786151664,"chebyshev","selected"
4.14253825498667,0.0359241843939503,2.27359445397552,"high_t_low_q",3.61096204118054,3.61073612644405,0.0002259147364847,0.0243944556130438,6.64091540896046,"chebyshev","selected"
4.64692353343508,0.573549069096734,2.01740557036056,"high_t_low_q",0.17868408535568,0.178576189419377,0.000107895936303087,0.0125183977681523,2.78802261317754,"chebyshev","selected"
0.470807236907207,0.522188714232322,2.02272129818549,"high_t_low_q",-1.81870160441733,-1.81873795547683,3.63510594967309e-05,0.00229079847319593,0.572669342104205,"chebyshev","selected"
8.20831550042301,0.72315535916753,2.16679977303521,"high_t_low_q",-0.116939299640791,-0.116934123832625,5.17580816591923e-06,0.00108208889214816,0.538692221315533,"chebyshev","selected"
0.66608192816159,0.171693871658291,2.41398440238532,"high_t_low_q",-0.563677646261007,-0.563685276910363,7.6306493559386e-06,0.0051215508144763,1.04649848969317,"chebyshev","selected"
-1.58260148651831,0.0424166320682393,2.40088217998553,"high_t_low_q",5.21810235587709,5.21798214347794,0.000120212399153274,0.122500615380256,24.4822074976061,"chebyshev","selected"
3.08956495119386,0.46700062964087,2.27616082751798,"high_t_low_q",-2.77351270935157,-2.77348834627137,2.43630802034822e-05,0.00146325030826083,1.77234688223313,"chebyshev","selected"
8.79502513501481,0.305021158936969,2.30660343309564,"high_t_low_q",3.387750357903,3.38777233278702,2.19748840279976e-05,0.00219114185651572,0.307146395343224,"chebyshev","selected"
5.17784449151282,0.0312041582851864,2.33676470702147,"high_t_low_q",4.75578760206068,4.75597628984072,0.000188687780038777,0.0166568016244526,4.78483305661433,"chebyshev","selected"
8.46426018640908,0.227940454746846,2.00712671309921,"high_t_low_q",5.22397832347828,5.22391871638125,5.96070970226847e-05,0.00338017104867607,0.483084780444496,"chebyshev","selected"
8.64616918821248,0.85637169689379,1.95260483068203,"high_t_low_q",1.43142647069936,1.4314320582891,5.58758974378293e-06,0.000584525599456425,0.382985565392263,"chebyshev","selected"
4.57680571523139,0.0357629708137746,2.1511192186944,"high_t_low_q",4.07148144727443,4.07151607255801,3.46252835781158e-05,0.0233386101361574,5.55348037167863,"chebyshev","selected"
0.217948247191041,0.188912683068444,2.00160425723548,"high_t_low_q",0.795404717774127,0.795380650777073,2.40669970538177e-05,0.00165446380293589,0.81639617077036,"chebyshev","selected"
3.94867576746871,0.917297015825725,2.02475332146224,"high_t_low_q",-3.16303323318616,-3.16267418207612,0.000359051110040198,0.00394510185872524,2.87302183041116,"chebyshev","selected"
1.80297076172512,0.547467492351264,2.42130880899024,"high_t_low_q",-6.69541069068423,-6.69542463641756,1.39457333325765e-05,0.00206594984577691,1.20799944401565,"chebyshev","selected"
3.35544881170935,0.193904593477836,2.04456322207056,"high_t_low_q",1.39362176912598,1.39355391556147,6.78535645146638e-05,0.0245060248571309,2.4596208275399,"chebyshev","selected"
5.78901674214287,1.01568533310497,2.32322252592348,"high_t_low_q",-7.75278475931755,-7.75238055577643,0.000404203541118697,0.00519539710734945,1.57159381573484,"chebyshev","selected"
1.6709182715908,0.184044347576743,1.92199547869893,"high_t_low_q",0.358916252659639,0.358880089347596,3.61633120433691e-05,0.00447955804927912,1.54196621300682,"chebyshev","selected"
6.74912797050724,0.680819073321516,2.2634897099646,"high_t_low_q",-1.75040550296955,-1.75048980490082,8.4301931275288e-05,0.00414995790295776,20.9958398265981,"chebyshev","selected"
3.45433809901646,0.521552677820318,2.06196181136041,"high_t_low_q",-1.08401539161174,-1.08413723621222,0.000121844600480925,0.0109908215590496,2.52372470658478,"chebyshev","selected"
7.58415780760862,0.421244916603031,2.3453552962582,"high_t_low_q",0.964131146940065,0.964132599642997,1.45270293250288e-06,0.0031356686593514,0.735393216637964,"chebyshev","selected"
1.16156579578936,0.373946552932691,2.06678558639109,"high_t_low_q",-1.3289887717884,-1.32898906482243,2.9303403792369e-07,0.00609628007615087,1.52095626792251,"chebyshev","selected"
-0.179030791075682,1.04068723838809,2.14465415735815,"high_t_low_q",-6.6769391413802,-6.67690035361999,3.87877602125997e-05,0.0165435243523824,2.87763431378965,"chebyshev","selected"
8.74009372474624,0.745847571433932,2.27438461178431,"high_t_low_q",-1.68853981849061,-1.68853611861156,3.69987905513014e-06,0.00284321276053781,0.354244424100137,"chebyshev","selected"
8.27183677558285,0.136344245489635,2.44136833288837,"high_t_low_q",4.91308976896886,4.9129653425357,0.000124426433153246,0.00345183043728967,0.626149992865323,"chebyshev","selected"
8.23459885219217,0.392225864585584,2.43219986689983,"high_t_low_q",0.744443390514684,0.744402055281484,4.13352332002681e-05,0.00276134930226779,0.571690146864514,"chebyshev","selected"
2.29783667210852,0.0156118370437694,2.10557271640621,"high_t_low_q",1.75366450362538,1.75359207221739,7.24314079920685e-05,0.00742367274695738,1.47955942967233,"chebyshev","selected"
7.83410720797941,0.977852165233306,2.27808028881274,"high_t_low_q",-4.96817732971892,-4.96824720347296,6.98737540325567e-05,0.00634254025632312,0.644697001499365,"chebyshev","selected"
-0.816719220148561,0.0653239601517982,2.34125179507471,"high_t_low_q",3.10507286056067,3.10523704603726,0.000164185476597023,0.0288990308773166,9.01873583655044,"chebyshev","selected"
6.10997623054548,0.813312226861767,2.06872673470337,"high_t_low_q",-0.875555390499161,-0.875457834428468,9.75560706929501e-05,0.00678037031413893,1.29699218931392,"chebyshev","selected"
5.66383919019662,0.520602368560938,2.31668534646246,"high_t_low_q",-1.23057480016324,-1.23041216274628,0.000162637416960987,0.00260543381079918,1.63818063041932,"chebyshev","selected"
5.05954686207559,0.881418960466721,2.4187887674233,"high_t_low_q",-8.92013625788151,-8.92058302237283,0.000446764491318419,0.00843564732818417,2.28672325106753,"chebyshev","selected"
8.27010666431712,0.867898517798237,2.37077765731111,"high_t_low_q",-5.45174861411797,-5.45171711054057,3.15035774063332e-05,0.00239500049028141,0.500280871614485,"chebyshev","selected"
7.38442146909057,0.22234793297871,2.40601536981174,"high_t_low_q",3.26855276494691,3.26848098734739,7.17775995187075e-05,0.00219649083295925,0.771692536724883,"chebyshev","selected"
5.41291961873239,0.707184536318186,1.97999154426953,"high_t_low_q",0.252941276161054,0.253033493725238,9.22175641840384e-05,0.00168449501057297,1.90626234312308,"chebyshev","selected"
0.575801179086562,0.579855108470216,2.25080596576067,"high_t_low_q",-4.4752266128928,-4.4752398576148,1.32447220062559e-05,0.00799426488247751,0.687586033812785,"chebyshev","selected"
3.32496909780011,0.687432518239825,2.13786410978609,"high_t_low_q",-3.31575829219041,-3.31586481885738,0.000106526666968865,0.00377899081666083,2.22037328454181,"chebyshev","selected"
0.414145215216124,0.643398952998898,2.36863507924365,"high_t_low_q",-6.86643282385627,-6.86647483385969,4.20100034226323e-05,0.00599690642283967,0.552186557214857,"chebyshev","selected"
5.03075318896802,0.0550117045005383,2.36145623321563,"high_t_low_q",4.28709485169977,4.28737141543438,0.000276563734605162,0.0127816134574038,3.59024769942264,"chebyshev","selected"
2.45200450312309,0.787871510686582,1.98818251248529,"high_t_low_q",-3.34427922924654,-3.34422922743022,5.00018163176463e-05,0.00841895889203741,0.455980267700405,"chebyshev","selected"
6.11936600133821,0.843132609071898,2.17179123499217,"high_t_low_q",-2.51630079786987,-2.51620861180431,9.21860655620499e-05,0.00574269047076073,1.29087424803497,"chebyshev","selected"
5.56821294538866,0.484679398121002,2.07723995964757,"high_t_low_q",1.29514751295915,1.29525920566795,0.000111692708798961,0.0052025612119556,1.74126282229713,"chebyshev","selected"
4.56058076009067,0.636101854718086,2.35378259091298,"high_t_low_q",-4.34185046404884,-4.34189726187707,4.67978282250314e-05,0.0181838226733213,2.8691870261193,"chebyshev","selected"
-0.13867141636537,0.711114822633729,2.30548350072356,"high_t_low_q",-6.06350049455889,-6.06346557665276,3.49179061256422e-05,0.0215493831284608,2.54755329216812,"chebyshev","selected"
6.69429656202739,0.916871050685761,2.33026977647736,"high_t_low_q",-5.99649135840312,-5.99667596802168,0.000184609618561815,0.00183539058452344,60.9556689715678,"chebyshev","selected"
-1.19821609275082,0.566833373209236,1.92549312616689,"high_t_low_q",1.10887296089751,1.10861322825965,0.000259732637857057,0.0577010123608609,9.64932145698735,"chebyshev","selected"
-1.47314101377122,0.564349634253916,2.37079733616322,"high_t_low_q",-2.48714740422597,-2.4868920374134,0.000255366812569324,0.0230008978096494,12.5484211485493,"chebyshev","selected"
-0.924888433472933,0.411986310938457,2.41078013166518,"high_t_low_q",-2.07311855799683,-2.07337212647025,0.00025356847342195,0.0371761323206638,7.39149406545755,"chebyshev","selected"
1.68033437329701,0.772738541364546,2.04406346504774,"high_t_low_q",-4.16168484667868,-4.16165101926486,3.38274138238503e-05,0.0112710755276989,1.25683488681591,"chebyshev","selected"
-1.04434342814725,0.540320825742104,2.42211945563879,"high_t_low_q",-3.97184952137429,-3.97177646752411,7.30538501865219e-05,0.0107399152042716,8.61650999877099,"chebyshev","selected"
8.58631041080957,0.884039310038508,2.42901914962696,"high_t_low_q",-7.04319465280123,-7.04319760158154,2.94878031148471e-06,0.00125928715580713,0.396943997148703,"chebyshev","selected"
7.916676650797,0.926672028356551,2.43774211217922,"high_t_low_q",-8.30284826711436,-8.30288094611587,3.26790015119371e-05,0.00255807202540539,0.623762173316389,"chebyshev","selected"
6.63051525708582,0.199624836114936,2.32257906306396,"high_t_low_q",3.58360349029327,3.58371447554658,0.000110985253305884,0.00379853931979988,0.751426088222831,"chebyshev","selected"
6.01894612343283,0.963796704903889,2.3678214098751,"high_t_low_q",-8.02508468538211,-8.02486264282626,0.000222042555851232,0.00483997279000445,1.37225805896721,"chebyshev","selected"
-1.0913327627798,0.643118927778971,2.2730890343451,"high_t_low_q",-3.00818345288156,-3.00821287249272,2.94196111578771e-05,0.0195878341844116,8.92579323400413,"chebyshev","selected"
7.69801218963826,0.186900586555899,2.30064535827513,"high_t_low_q",4.42054929928343,4.42062054708171,7.12477982833803e-05,0.00288919298689646,0.752350531620398,"chebyshev","selected"
7.87441194733777,0.861952404222806,1.93076169303314,"high_t_low_q",1.24123731522177,1.24122763430729,9.68091447806074e-06,0.00200101965899595,0.643689060224931,"chebyshev","selected"
7.1447352093278,0.839214644937525,2.35994029091607,"high_t_low_q",-5.34458946759687,-5.34453263617948,5.68314173881035e-05,0.00483471150827045,0.82419661524306,"chebyshev","selected"
-1.18218140660917,0.385974308247543,2.06497185551681,"high_t_low_q",1.5326527278992,1.53260496022629,4.7767672913146e-05,0.0613588595563497,9.51604501983327,"chebyshev","selected"
6.0653535318193,0.252863099913029,2.02133761522846,"high_t_low_q",3.70744194083878,3.70741740305509,2.45377836924909e-05,0.00521582591873884,1.32696978475698,"chebyshev","selected"
1.40027612156858,0.905041649612374,2.09709280226504,"high_t_low_q",-5.86459392420689,-5.86457786333965,1.60608672405971e-05,0.00501794947918147,1.34459942359728,"chebyshev","selected"
5.21423754909664,0.0632820614943579,2.15956382458254,"high_t_low_q",4.42757528009304,4.42772368993932,0.00014840984627984,0.0120950386057712,2.985027174235,"chebyshev","selected"
6.12677718889345,0.0015776860515732,2.38425893542304,"high_t_low_q",5.92993994185959,5.92984792734528,9.2014514309291e-05,0.0676944189326068,26.935254197195,"chebyshev","selected"
-0.250637787882346,1.01389419083436,2.17119212273128,"high_t_low_q",-6.80937557913251,-6.80932432803073,5.12511017793926e-05,0.0159397796600301,3.24740268908397,"chebyshev","selected"
-1.12928299564949,0.0400904161267781,2.17050253197612,"high_t_low_q",4.09607595141642,4.09607652487553,5.73459108643704e-07,0.0439075160006809,16.07054918821,"chebyshev","selected"
4.04708065170904,0.633834001107443,2.09794218366278,"high_t_low_q",-1.61758678950729,-1.61728178229616,0.000305007211139019,0.00336685709861207,3.01331781028287,"chebyshev","selected"
2.67162890064011,0.546725530232645,1.98327127096493,"high_t_low_q",-1.5381601462506,-1.53812035362406,3.97926265396364e-05,0.00617931522649244,0.808880400189655,"chebyshev","selected"
0.338010084788522,0.349605336947172,2.19852417067596,"high_t_low_q",-1.36721646121929,-1.36722401515472,7.55393542384297e-06,0.00156287161603906,0.603689585648048,"chebyshev","selected"
3.33501980482614,0.0210972106280272,2.04750165416183,"high_t_low_q",2.67304781694913,2.6732426678985,0.000194850949369663,0.0155796113054839,7.8434708116122,"chebyshev","selected"
3.88278730943301,0.318311819713968,2.38595612694962,"high_t_low_q",-0.907499674718726,-0.907500250854311,5.76135585350634e-07,0.00889281828129832,3.12120887256395,"chebyshev","selected"
3.41130878396995,0.727851494612583,2.33391572328383,"high_t_low_q",-6.53346738090876,-6.53364152457621,0.000174143667452498,0.0121661927818837,2.38585834030303,"chebyshev","selected"
8.92484536633838,0.0433357060594801,2.23371291228761,"high_t_low_q",6.77089101520135,6.77079494340303,9.60717983140569e-05,0.00176925098495932,0.258397467212566,"chebyshev","selected"
1.63314396825014,0.451027276604523,1.94246136896917,"high_t_low_q",-1.27709303185951,-1.27709228479946,7.47060054706594e-07,0.00615806516976374,1.40775572696962,"chebyshev","selected"
2.42529594418189,0.957124092816644,2.33303701965125,"high_t_low_q",-10.4815359379597,-10.4815002340569,3.57039028031636e-05,0.00656370566274483,0.453005696159279,"chebyshev","selected"
-0.775001082097935,0.168301265909829,1.96317850688809,"high_t_low_q",2.46054895792534,2.46059432920902,4.53712836856468e-05,0.0463608985112917,196.216655088288,"chebyshev","selected"
1.50817935497031,0.0255183812271595,1.97429926375505,"high_t_low_q",1.28166372437675,1.28165639944126,7.32493548660784e-06,0.00660790035775472,4.19159392101293,"chebyshev","selected"
4.53267731922675,0.413300430161692,1.99129322987531,"high_t_low_q",1.34515206166676,1.34507498319927,7.70784674928304e-05,0.0111529912234566,2.93525810676888,"chebyshev","selected"
8.6193828782994,0.159266815575555,2.28876053903435,"high_t_low_q",5.21939710631015,5.21947037409934,7.32677891921441e-05,0.00315401136049834,0.413737639289955,"chebyshev","selected"
8.75757890002382,0.0318897756475136,1.92794174757196,"high_t_low_q",6.68449414569722,6.68458376493804,8.96192408212926e-05,0.00136995812790382,0.594445374627201,"chebyshev","selected"
8.4956349665895,0.359628222246046,2.09111849554528,"high_t_low_q",3.93519564239125,3.9351651526536,3.04897376528501e-05,0.00276917178282097,0.454385670472753,"chebyshev","selected"
-0.313841914371436,0.601879723955449,2.07414363208025,"high_t_low_q",-1.87677985033821,-1.87670432987592,7.55204622882033e-05,0.0137065463067024,3.32055637857088,"chebyshev","selected"
1.96149584521203,0.953185519468981,1.94094308242994,"high_t_low_q",-4.18658621599284,-4.18662458577824,3.83697853987286e-05,0.000178387971164776,0.887435359995885,"chebyshev","selected"
6.59327889083347,0.448347681936963,2.18673512918721,"high_t_low_q",1.53916434553881,1.53913170996235,3.26355764568298e-05,0.00498985426278472,1.00834691720199,"chebyshev","selected"
6.32728333520882,0.90844972749089,2.33855046434148,"high_t_low_q",-6.30942056363401,-6.30953089276617,0.000110329132158249,0.00207290143632113,1.15074805219829,"chebyshev","selected"
0.890308472646678,0.606391413881914,2.08437231053358,"high_t_low_q",-3.18358347032232,-3.18361787508568,3.44047633538125e-05,0.00304266368906803,1.16362614515919,"chebyshev","selected"
3.68810128545394,0.379378541762872,1.92838978228053,"high_t_low_q",0.850860073226226,0.850855187165224,4.88606100268463e-06,0.0226086964387148,2.85268889257683,"chebyshev","selected"
-0.0669101790940858,0.909121591984015,2.20647447222424,"high_t_low_q",-6.67334232453335,-6.67327304498333,6.92795500212284e-05,0.017692182616923,2.13650304006185,"chebyshev","selected"
6.57946989001355,0.501821424808922,2.26810810222761,"high_t_low_q",0.193669578043598,0.19364026178344,2.93162601581742e-05,0.0011609271563804,1.00791403115828,"chebyshev","selected"
-1.22285792752641,0.994495099749962,2.07501951561152,"high_t_low_q",-3.17689209762728,-3.17675598082205,0.000136116805233844,0.0223990693881182,10.51309078584,"chebyshev","selected"
1.71225096616478,0.193846394306334,1.95055768796051,"high_t_low_q",0.272844539604289,0.272801503706803,4.30358974863321e-05,0.00447282018284801,1.48384940820934,"chebyshev","selected"
2.96065995748877,0.93169233213973,2.2812582999573,"high_t_low_q",-8.53290638435239,-8.53301108167592,0.0001046973235308,0.0138222161303587,1.38477891975833,"chebyshev","selected"
0.886594493235671,0.0267380433825582,2.12387254335069,"high_t_low_q",1.46594758367805,1.46594922174554,1.63806748787465e-06,0.0102599027786258,3.3379639966413,"chebyshev","selected"
-0.768037298327393,0.458521822009709,2.27131011978908,"high_t_low_q",-1.51998693935628,-1.52006918394782,8.2244591533609e-05,0.0419844598566863,6.5114050257104,"chebyshev","selected"
1.39061889255732,0.810593767401638,2.22865920012519,"high_t_low_q",-6.98320361224022,-6.98316500023997,3.86120002531243e-05,0.007822667377234,1.37938023437444,"chebyshev","selected"
0.00892341593109514,0.338533159476476,1.99233442540814,"high_t_low_q",0.0568920861513749,0.0569098065677667,1.7720416391788e-05,0.00752644844121465,1.60828110261021,"chebyshev","selected"
6.88794994705674,0.614238427243285,1.94406999811177,"high_t_low_q",2.14697043982722,2.14696166926715,8.77056006576282e-06,0.00181055653952242,0.89118693895626,"chebyshev","selected"
6.03846312277407,0.823252548676368,2.40108706205127,"high_t_low_q",-6.75935650889858,-6.75917403139807,0.000182477500510814,0.00143509762914942,1.33828095282147,"chebyshev","selected"
7.05082513299159,0.0193994685425169,2.24414691847036,"high_t_low_q",6.15819612263543,6.15809703128567,9.90913497593837e-05,0.011076302156158,2.94634112882843,"chebyshev","selected"
2.64390299572007,1.02593440226714,2.27434152414297,"high_t_low_q",-9.77849828836072,-9.77839580923708,0.000102479123643917,0.00334613393232944,0.762300322447353,"chebyshev","selected"
6.44400771782012,0.418056244170552,2.17734868543962,"high_t_low_q",1.81877482657347,1.81875450399151,2.03225819679353e-05,0.00273445812697833,1.07427194094305,"chebyshev","selected"
-1.40504011348106,0.0876556877386117,2.17677741863513,"high_t_low_q",4.31034108918285,4.31018192137063,0.000159167812219252,0.0852373539392201,14.0299716034337,"chebyshev","selected"
0.901331105010587,1.00603757542549,2.30672496728601,"high_t_low_q",-10.7131578163473,-10.7131960155477,3.81992004712117e-05,0.0031820661773865,1.00777018670923,"chebyshev","selected"
1.48846258611513,0.609597395813159,2.1327946303836,"high_t_low_q",-3.77863452278995,-3.77861463951013,1.9883279818167e-05,0.00535135741805653,1.43950547864707,"chebyshev","selected"
-0.318167341597281,0.55647344581517,2.25173817387517,"high_t_low_q",-3.21538810246645,-3.21539561115008,7.50868362375812e-06,0.027324142315132,3.47549968175136,"chebyshev","selected"
6.76294494673343,0.362889093893416,1.94974115806432,"high_t_low_q",3.62539048482786,3.62541083895749,2.03541296341925e-05,0.00353485471761352,0.925628346088535,"chebyshev","selected"
8.12262861000381,0.193478747663342,2.13487902230872,"high_t_low_q",5.05391545608459,5.05390603351423,9.42257035863037e-06,0.00299895909656172,0.666479254006077,"chebyshev","selected"
-1.56050781252803,0.133400648090491,2.3975196640773,"high_t_low_q",3.79403264407476,3.79383434166591,0.000198302408847439,0.0600465791315713,14.4596986418134,"chebyshev","selected"
3.92148855849554,0.440229755925218,2.11909332884327,"high_t_low_q",-0.260569467631798,-0.260462472120671,0.000106995511127139,0.0167913257954145,3.10687528293786,"chebyshev","selected"
6.88522908435507,0.175244309692748,2.08746105743475,"high_t_low_q",4.67679306973492,4.67681622282595,2.31530910310696e-05,0.00875530900787612,0.925969051660145,"chebyshev","selected"
1.23505703099036,0.936458073297117,2.2471472544645,"high_t_low_q",-8.67651989731507,-8.67650895233935,1.09449757204061e-05,0.00493629451547384,1.30891407503115,"chebyshev","selected"
8.32314688327305,0.425831947170022,2.24552243579722,"high_t_low_q",2.1984436330675,2.19838391412521,5.97189422930633e-05,0.00407086559959989,0.529487154691708,"chebyshev","selected"
4.28932239228557,0.694454124450956,2.01289947414253,"high_t_low_q",-1.0444696748527,-1.04416926163524,0.000300413217454221,0.00208598525569332,2.97782612950298,"chebyshev","selected"
1.8911811894479,0.17055105388786,2.38232192813,"high_t_low_q",-0.552453331928448,-0.552435135870813,1.81960576347562e-05,0.00669740536957168,1.27133986889181,"chebyshev","selected"
4.09153701997411,0.0477839964156498,1.98467362503838,"high_t_low_q",3.36436541214716,3.3642400022938,0.000125409853355407,0.00442517302148685,5.34424456486588,"chebyshev","selected"
1.45623559053348,0.364324000932296,2.0495047916132,"high_t_low_q",-1.20056816945769,-1.20053264956483,3.55198928554401e-05,0.0105367243376525,20.7572319441194,"chebyshev","selected"
4.46959464706345,0.414637369772231,2.05720126602115,"high_t_low_q",0.942477737345193,0.942439871066972,3.78662782204442e-05,0.0226741159804471,2.91635141182852,"chebyshev","selected"
6.26494359788754,0.24459778624672,2.11662644935216,"high_t_low_q",3.630787400135,3.63079917287623,1.17727412298763e-05,0.00835623267690459,14.8222345910277,"chebyshev","selected"
8.25161441228943,0.606243091105301,1.92888629009853,"high_t_low_q",2.98598415550175,2.98596091163777,2.32438639824473e-05,0.00213780500840599,0.536811009846458,"chebyshev","selected"
7.89859200190122,0.745492495363905,2.09707129156474,"high_t_low_q",0.378835986806812,0.378821855626792,1.41311800196942e-05,0.0014539103289022,0.648112212917856,"chebyshev","selected"
-0.178789444490074,0.19117421851722,2.00120634337431,"high_t_low_q",1.26343376723547,1.2634332002794,5.6695606787116e-07,0.00241992112934766,2.54950688179413,"chebyshev","selected"
5.86911152504636,0.535474201397878,2.18880821489264,"high_t_low_q",0.156500700632419,0.156630880191023,0.000130179558604226,0.00762888839752698,1.46872606155543,"chebyshev","selected"
3.0934148820856,0.671373685550836,2.3483813190405,"high_t_low_q",-6.36481118000995,-6.36487006430016,5.88842902100595e-05,0.00782899669876528,1.76326237469409,"chebyshev","selected"
6.11768252045223,0.854898878448494,2.17966100438281,"high_t_low_q",-2.75533743298853,-2.75522928630643,0.000108146682100241,0.00246742674577114,1.28747701875178,"chebyshev","selected"
3.1202036508975,0.490002808079273,2.34166431452799,"high_t_low_q",-3.76256486622002,-3.76257180833761,6.94211759277863e-06,0.00828570593151566,1.81974104575552,"chebyshev","selected"
8.6329459153229,0.0101109755005696,2.10206454835302,"high_t_low_q",6.91130313393024,6.91141398197536,0.000110848045117962,0.00395111879881914,2.39741491824228,"chebyshev","selected"
7.64887237305929,0.951079110783812,2.29097337512867,"high_t_low_q",-5.01734913176788,-5.01738096878147,3.18370135889978e-05,0.00313440255598591,0.713724303976272,"chebyshev","selected"
-0.931315213945401,0.591203651034694,1.98563724440578,"high_t_low_q",-0.00518618653855984,-0.00518511871042591,1.06782813393685e-06,0.0394624693680435,7.47447103649054,"chebyshev","selected"
4.4200304659411,1.00045971364365,2.26532204181806,"high_t_low_q",-7.45064299996093,-7.4504285583785,0.000214441582426339,0.00497357412919482,2.84161743544683,"chebyshev","selected"
3.67039309445968,0.980798619138086,2.00347968793275,"high_t_low_q",-3.66134852960575,-3.66136398148059,1.54518748418653e-05,0.0183481773812939,2.67260647287467,"chebyshev","selected"
3.9438721755847,0.031918164150873,2.19351852151498,"high_t_low_q",3.39562315439824,3.39545945169487,0.000163702703372959,0.0202721591203396,7.08873347324477,"chebyshev","selected"
3.30699090099076,0.653989240647696,2.04750735622162,"high_t_low_q",-2.15067382126558,-2.1507973474065,0.000123526140924923,0.0109645895055974,2.16221517901135,"chebyshev","selected"
8.25823324064368,0.842600226312156,2.24486802422309,"high_t_low_q",-2.52881944813959,-2.52880542311419,1.40250254019314e-05,0.00431568375234727,0.513438740878262,"chebyshev","selected"
1.27340169044801,1.00626094296417,2.16251255369662,"high_t_low_q",-7.78664493935455,-7.7866401607296,4.77862494907555e-06,0.0034031643024408,1.28960774463199,"chebyshev","selected"
3.83230396581661,0.83865965000125,2.32093416274254,"high_t_low_q",-7.27950113867294,-7.27929622962748,0.000204909045461221,0.0101852712371203,2.85798041537333,"chebyshev","selected"
1.10553878102181,0.0163076652570154,2.12178137782469,"high_t_low_q",1.47932967543542,1.47934344641586,1.37709804437502e-05,0.012217962399097,6.53312083999338,"chebyshev","selected"
1.18424995043123,0.51000680989215,2.31820263403316,"high_t_low_q",-4.73608616792568,-4.73607990871379,6.25921189012502e-06,0.004236922661537,1.47238701181122,"chebyshev","selected"
-0.0265359302633799,0.81129961530153,2.00575844085131,"high_t_low_q",-3.16025524396661,-3.16019100054643,6.4243420180965e-05,0.0156704073830346,1.91307675192235,"chebyshev","selected"
5.94659348403886,0.0210667181000567,2.20922183782386,"high_t_low_q",5.43320819977814,5.43300921698357,0.000198982794563207,0.0119442283069259,4.40289563923859,"chebyshev","selected"
2.11235271230263,0.784760278048813,2.26180767100315,"high_t_low_q",-7.0750203860903,-7.07504037406974,1.99879794378077e-05,0.00198133567634567,0.715142788789186,"chebyshev","selected"
8.62876238971872,0.594940050508249,2.0941250386847,"high_t_low_q",2.01034503091402,2.01036888931048,2.38583964606853e-05,0.00310856393270803,0.383204788358958,"chebyshev","selected"
5.36814610179656,0.0783916052784937,2.17064455110972,"high_t_low_q",4.40853132013675,4.40850740087375,2.39192629925e-05,0.0138832188122412,2.34941393732409,"chebyshev","selected"
7.56612414760162,0.933774716224436,2.09897585015826,"high_t_low_q",-1.39836742058906,-1.39835108533371,1.63352553550489e-05,0.00168208743973882,0.731565927813028,"chebyshev","selected"
4.67659174421167,0.17738431458571,2.27352922926941,"high_t_low_q",2.50836207099829,2.50851392593896,0.00015185494067449,0.00460452054058249,2.94071879965925,"chebyshev","selected"
8.26376197361494,0.933727488908125,2.30471220155088,"high_t_low_q",-4.81738107518595,-4.81735647325798,2.46019279730447e-05,0.0044329646793871,0.495211363643192,"chebyshev","selected"
3.78754326324225,0.870404793438467,2.16788485694281,"high_t_low_q",-4.92315942393976,-4.92299908870235,0.000160335237412212,0.011243317147665,2.81197262416621,"chebyshev","selected"
8.47201926379793,0.984546951158625,2.19440280105775,"high_t_low_q",-3.02660275595722,-3.02659962562774,3.13032947474312e-06,0.00349334703167882,20.7677727510041,"chebyshev","selected"
5.13517253232121,0.159460652495663,2.20268393068903,"high_t_low_q",3.34388354537963,3.34396069592074,7.71505411094608e-05,0.0194925801280128,2.37939335553461,"chebyshev","selected"
5.44832803516992,0.64197481325726,1.98620168939005,"high_t_low_q",0.676040786486054,0.676105979782574,6.5193296519217e-05,0.00862584386493786,1.88325476409649,"chebyshev","selected"
3.33997492450182,0.0803552410390036,2.23684946599449,"high_t_low_q",2.14235323703141,2.14241316472515,5.99276937438553e-05,0.0166238791937001,3.06672292351266,"chebyshev","selected"
8.6853995021242,0.672631987241539,2.44262978174388,"high_t_low_q",-3.85225492898594,-3.85223507598142,1.98530045216749e-05,0.00108538638585118,0.368660528643948,"chebyshev","selected"
8.35376657455549,0.50367940638914,2.05894459372347,"high_t_low_q",2.8971797716652,2.89712770429363,5.20673715689313e-05,0.00424961327234759,0.498487367423585,"chebyshev","selected"
-0.139524664109885,0.869404926363293,2.43222611332469,"high_t_low_q",-11.0620131591816,-11.0620087663725,4.39280903918871e-06,0.0264483606216704,2.63802033703411,"chebyshev","selected"
3.26830760829554,0.988621616422242,2.24296475294007,"high_t_low_q",-8.077189487161,-8.07739127704053,0.000201789879536562,0.00572201532455176,2.04294090827678,"chebyshev","selected"
8.16228997774777,0.438688982842457,2.40946825413775,"high_t_low_q",0.245357482173588,0.245355716237427,1.76593616094123e-06,0.000343596072435429,0.592115274821483,"chebyshev","selected"
5.14065244210717,0.159184586933163,1.93669210602044,"high_t_low_q",3.75771820487375,3.75780479978554,8.65949117860865e-05,0.0168941789489892,2.30010545597111,"chebyshev","selected"
-0.718624999787724,0.539673516726021,2.16082687295666,"high_t_low_q",-1.41602565200139,-1.41602145661718,4.19538421514432e-06,0.0277939530812901,6.12865629873647,"chebyshev","selected"
3.69466630383811,0.578169300149296,2.23721054904016,"high_t_low_q",-2.95192183849626,-2.95189675706731,2.50814289510792e-05,0.00552223566291466,2.81361602552653,"chebyshev","selected"
6.18179122358266,0.883569933562053,2.43785433126807,"high_t_low_q",-8.577502027488,-8.57750250951611,4.82028111647992e-07,0.00335502118993847,1.23603150566659,"chebyshev","selected"
1.76050600541191,0.0309619787209064,1.96125142596205,"high_t_low_q",1.28685034180143,1.28684041178498,9.93001645199776e-06,0.00166481050235318,3.16316738083381,"chebyshev","selected"
8.54557631273158,0.380596148597933,1.97164740899631,"high_t_low_q",4.32717847628107,4.32718615544842,7.67916734911722e-06,0.00276505391874149,0.429211872240728,"chebyshev","selected"
1.57208298396842,0.318579130683323,2.20004305581701,"high_t_low_q",-1.54667705604125,-1.54665286989064,2.41861506085073e-05,0.00524398795264852,1.51974043998386,"chebyshev","selected"
6.64684646474302,0.906543758807695,2.04758110990774,"high_t_low_q",-0.99612272948851,-0.996323052811136,0.000200323322625762,0.00405278566920304,0.994157571489443,"chebyshev","selected"
6.73041736678637,0.823263704390191,2.35411501948873,"high_t_low_q",-5.23103708606302,-5.23118391067243,0.00014682460940918,0.00211741371370659,0.95204861994066,"chebyshev","selected"
1.41094525150218,0.898839910440383,1.98882499585884,"high_t_low_q",-4.46864094001919,-4.46860541946473,3.55205544613213e-05,0.0101417062216679,1.34524707050896,"chebyshev","selected"
5.78216294112208,0.0422534410945634,2.17969956768542,"high_t_low_q",5.08730049404405,5.08704471292457,0.000255781119478549,0.0114477058294808,2.58720070521129,"chebyshev","selected"
5.03052205001548,0.658550998567219,1.97762772511333,"high_t_low_q",0.257528845183611,0.257259960633136,0.000268884550474968,0.00779973531682458,2.35499007172372,"chebyshev","selected"
3.49751135080531,0.108676967186798,2.39678856376859,"high_t_low_q",1.72826726269801,1.72818597393109,8.12887669270346e-05,0.0290164007558154,35.4810397412677,"chebyshev","selected"
1.23866133562992,0.146782462567982,2.0261512296143,"high_t_low_q",0.458910616412591,0.458860078830531,5.05375820605281e-05,0.00751926331736129,1.7628395939122,"chebyshev","selected"
2.79709557523103,0.380928421327153,2.0873740263804,"high_t_low_q",-0.811014060252757,-0.810983674107956,3.03861448006648e-05,0.00390571872892628,1.09419189974165,"chebyshev","selected"
-1.47881117038181,0.420517896955491,2.00738537045453,"high_t_low_q",2.29677598118335,2.29691762130676,0.00014164012340645,0.0330818493587037,12.7785429467388,"chebyshev","selected"
0.197510057626573,0.298342285915378,2.0767568105375,"high_t_low_q",-0.177925351403347,-0.177939570614854,1.42192115069328e-05,0.0094520775118741,0.925245092235389,"chebyshev","selected"
7.28056500660485,1.02300887658864,2.20160918958827,"high_t_low_q",-4.13894710972377,-4.13882743952509,0.00011967019868564,0.0016815652781698,0.804558442885775,"chebyshev","selected"
3.01283117252992,0.964487792973726,2.1714014862741,"high_t_low_q",-6.70756934205267,-6.70766683175308,9.74897004049069e-05,0.00847255869610594,1.54811130435144,"chebyshev","selected"
-0.321735854229726,0.752049366615837,2.05914120836265,"high_t_low_q",-2.87591010738076,-2.87585373521817,5.63721625890246e-05,0.0180417535609579,3.5499651095877,"chebyshev","selected"
1.06900944673216,0.270469642390918,1.9561706739473,"high_t_low_q",-0.196916440826571,-0.196900776041161,1.56647854101244e-05,0.00775076626240134,1.51981521723768,"chebyshev","selected"
6.02524238023427,0.693573519530063,2.03608743190139,"high_t_low_q",0.333413331987531,0.333557591441455,0.000144259453923989,0.00324131054331195,1.33917799712591,"chebyshev","selected"
7.50384241861073,0.783098077906818,2.01815147790594,"high_t_low_q",0.73861526308814,0.738639489711521,2.4226623380974e-05,0.000865164816778527,0.747757700565951,"chebyshev","selected"
-0.194310777603921,0.616495226201473,1.9841378919976,"high_t_low_q",-1.45333084426982,-1.45330100721553,2.98370542946014e-05,0.0202077637362045,2.64033144002132,"chebyshev","selected"
0.958985418029143,0.275271122744127,2.10548694149026,"high_t_low_q",-0.643949609615224,-0.643929027932637,2.05816825876726e-05,0.0119851389225507,1.4180821065248,"chebyshev","selected"
6.58873806604239,0.657115188064067,2.35511812514528,"high_t_low_q",-3.00725759233602,-3.00735357454144,9.59822054205084e-05,0.000753655437368396,1.00523994651307,"chebyshev","selected"
-0.217904618863233,0.217312238645135,2.28017347321956,"high_t_low_q",0.312118843405075,0.3120402906291,7.85527759755711e-05,0.0232878373044934,2.82452858330276,"chebyshev","selected"
8.02173031120231,0.797434448656331,1.92710076072454,"high_t_low_q",1.73432745640204,1.73433460887797,7.15247592775192e-06,0.0016881487876167,0.603103917002578,"chebyshev","selected"
0.893594192204652,0.721861444912115,2.29341244715438,"high_t_low_q",-6.92933019153861,-6.92937318085286,4.29893142488424e-05,0.00142787212554997,1.11546144587661,"chebyshev","selected"
7.55170229951344,0.522223277219942,2.12483408246719,"high_t_low_q",1.87471008174878,1.87470557658338,4.50516540118073e-06,0.00459729537418143,0.731717477907947,"chebyshev","selected"
3.15912820640822,0.4847712117644,2.15722019813111,"high_t_low_q",-1.81323575932738,-1.81329773581858,6.19764912075382e-05,0.012241980704606,1.95921842187281,"chebyshev","selected"
0.6928387238974,0.489480861427715,1.9755167385125,"high_t_low_q",-1.47796951431661,-1.47797864580143,9.13148481851422e-06,0.00750731761345458,0.906799997205292,"chebyshev","selected"
2.94226264655024,0.878695630579253,1.92547810510907,"high_t_low_q",-2.9101987435855,-2.91022967205818,3.09284726869308e-05,0.00221701381410367,1.38894443179364,"chebyshev","selected"
