"x","q","t","region","truncation_level","abs_diff_vs_max"
-1.99980458430946,15.5138326401357,0.118008040008135,"interior_stable",300,0
-1.70838894508779,18.5305830731522,0.359115648316219,"interior_stable",300,0
1.68907203897834,8.91566419159062,1.10328320239205,"interior_stable",300,0
1.40109744668007,9.06555813271552,0.594019026611932,"interior_stable",300,0
-3.69253716804087,17.3028711171355,1.03652477439027,"interior_stable",300,0
-1.32916586659849,15.6305657175835,0.446838363423012,"interior_stable",300,0
-0.0710229333490133,17.5785448867828,0.0738414021907374,"interior_stable",300,0
-0.179251555353403,14.806154865073,0.533831712091342,"interior_stable",300,0
0.350364878773689,14.2515009269118,0.725499110412784,"interior_stable",300,0
-2.39537897333503,13.2509325805586,0.852723225834779,"interior_stable",300,0
0.650637628510594,14.7751397744287,0.375163764110766,"interior_stable",300,0
-2.46482007391751,17.2496210841928,1.16143657884095,"interior_stable",300,0
3.02060644887388,23.9956993958913,0.734190851217136,"interior_stable",300,0
0.733019167557359,22.7586027409416,1.05493355018552,"interior_stable",300,0
-1.67458674497902,16.4918969909195,0.637939200969413,"interior_stable",300,0
-1.02493355423212,20.3838627436198,0.0413568445947021,"interior_stable",300,0
1.12004789710045,14.3492899776902,0.975701991119422,"interior_stable",300,0
1.22214458324015,15.479756926652,1.22975688369479,"interior_stable",300,0
-2.78329600021243,14.9023965059314,0.292070120340213,"interior_stable",300,0
1.77215578779578,13.1605304370169,1.18249941791873,"interior_stable",300,0
-3.93525613844395,13.2589458720759,0.268928255536593,"interior_stable",300,0
1.24400766566396,20.6903515441809,0.0176968885352835,"interior_stable",300,0
3.57382314279675,23.2090368459467,0.844727761577815,"interior_stable",300,0
-0.368251016363502,21.7100776557345,0.0852037552976981,"interior_stable",300,0
-3.68555254675448,11.8734248972032,1.16320367495064,"interior_stable",300,0
3.92931784689426,11.2207204278093,0.876067447243258,"interior_stable",300,0
-2.78053914569318,21.9399382651318,1.04478707944509,"interior_stable",300,0
-1.11661457084119,15.2468228596263,0.0470254378160462,"interior_stable",300,0
1.64317670091987,9.50490706600249,0.0629223691066727,"interior_stable",300,0
-0.634726949036121,11.2834888219368,0.163633649353869,"interior_stable",300,0
1.62746796943247,19.3563719105441,0.0430129369487986,"interior_stable",300,0
-3.24808088317513,9.20006539672613,0.834411004907452,"interior_stable",300,0
-3.33686964772642,19.560610660119,1.14413940173108,"interior_stable",300,0
-1.47450962476432,14.6026982751209,0.192428342998028,"interior_stable",300,0
0.308516627177596,20.3229699865915,0.504644127795473,"interior_stable",300,0
-1.77435787767172,17.1201944060158,0.592393843689933,"interior_stable",300,0
2.08173253014684,13.1802623625845,0.228993635973893,"interior_stable",300,0
-2.35435056500137,23.5525028372649,1.0538068797905,"interior_stable",300,0
-1.3720417805016,21.7505305190571,0.843566862749867,"interior_stable",300,0
-3.14452175609767,9.73496161750518,0.202941598254256,"interior_stable",300,0
-1.45252134464681,13.7970460171346,0.255102845840156,"interior_stable",300,0
-3.76820160262287,23.3128924272023,0.11879492085427,"interior_stable",300,0
-0.49506681971252,9.01873160037212,0.953548297984526,"interior_stable",300,0
0.42968681640923,9.80959021253511,0.195667647640221,"interior_stable",300,0
3.95950883068144,21.1067576194182,0.728740621125326,"interior_stable",300,0
-0.138514749705791,10.2570991613902,0.770669371122494,"interior_stable",300,0
0.459613429382443,9.48920311057009,1.04708350729197,"interior_stable",300,0
3.27020863257349,23.5648384608794,1.16419265919831,"interior_stable",300,0
-3.77662378922105,17.1201382880099,1.00294756528456,"interior_stable",300,0
-0.663170874118805,13.0313799716532,0.35066043259576,"interior_stable",300,0
3.84552172757685,19.4394437305164,0.586364010814577,"interior_stable",300,0
0.151833077892661,15.8502514299471,0.72837085230276,"interior_stable",300,0
-2.48323506116867,9.91001555812545,0.930060741957277,"interior_stable",300,0
0.78824364207685,21.4063356688712,0.0994903442915529,"interior_stable",300,0
-3.98810196854174,21.2977662333287,0.211060596047901,"interior_stable",300,0
-1.07973168417811,20.9042876726016,0.442459372570738,"interior_stable",300,0
1.08516754768789,13.2591830391902,0.983214033185504,"interior_stable",300,0
2.66500850394368,24.7924333321862,1.10744424397126,"interior_stable",300,0
2.89117734134197,14.0555412974209,0.439662785502151,"interior_stable",300,0
0.114251043647528,18.1411843223032,1.04287472669967,"interior_stable",300,0
-3.33171256631613,14.8834074556362,0.89422745979391,"interior_stable",300,0
1.0531562641263,23.3366612228565,1.0123222542461,"interior_stable",300,0
-3.3577146101743,11.6993062198162,1.1922245437745,"interior_stable",300,0
-0.658315228298306,14.6141744335182,1.14324149442837,"interior_stable",300,0
3.88723614253104,15.3153834340628,1.23083877493627,"interior_stable",300,0
-2.56560263037682,14.1161575331353,0.27050034084823,"interior_stable",300,0
-3.35791412740946,20.2583502628841,0.685174247482792,"interior_stable",300,0
1.71502224169672,13.5649453091901,0.0862657133257017,"interior_stable",300,0
-1.69975374080241,18.4252352861222,0.671602544025518,"interior_stable",300,0
1.47037240490317,22.5193462043535,0.620890622376464,"interior_stable",300,0
1.3269151058048,24.4541783002205,0.703896169434302,"interior_stable",300,0
1.4869465008378,13.7991263822187,0.243071868317202,"interior_stable",300,0
-1.68134479783475,22.7343425038271,0.146719627664424,"interior_stable",300,0
-0.386718183755875,15.4688101843931,0.640531495446339,"interior_stable",300,0
-1.2166164573282,12.7780305570923,1.0315091710072,"interior_stable",300,0
-3.64212460443377,12.7347814966924,0.731061098049395,"interior_stable",300,0
0.223748562857509,11.9618274038658,0.813234852976166,"interior_stable",300,0
-0.121586749330163,9.86796660581604,0.394427076680586,"interior_stable",300,0
-0.062257619574666,18.0411758075934,0.57514913554769,"interior_stable",300,0
3.20857027359307,18.7703274365049,1.20522952114698,"interior_stable",300,0
3.11246299929917,22.6357573585119,1.08836693456396,"interior_stable",300,0
1.63298299349844,13.8639627897646,0.151489654090255,"interior_stable",300,0
3.53327260538936,22.0059122191742,1.14157242293004,"interior_stable",300,0
-1.60206112451851,11.7049059714191,0.248490260564722,"interior_stable",300,0
0.632541790604591,17.4345895764418,0.742377755232155,"interior_stable",300,0
-1.84592564962804,22.566068690503,0.901988826226443,"interior_stable",300,0
2.90118045918643,17.4055174167734,1.1096238961909,"interior_stable",300,0
-3.62257711775601,12.2357908985578,1.08736573834904,"interior_stable",300,0
1.41084426827729,22.0493707282003,0.0209227640880272,"interior_stable",300,0
3.71519997343421,12.9181132244412,0.0495778192998841,"interior_stable",300,0
2.35730146802962,8.99875669274479,1.22263106168248,"interior_stable",300,0
-1.12647828273475,8.96675072144717,0.974088778602891,"interior_stable",300,0
-2.33419713005424,13.7286151351873,0.443454281776212,"interior_stable",300,0
-3.68050388805568,20.0579986558296,0.978508435073309,"interior_stable",300,0
1.81138439103961,22.2267404140439,1.24260487558786,"interior_stable",300,0
0.887819591909647,19.7930967784487,0.19665413768962,"interior_stable",300,0
-0.648864904418588,10.126031760592,0.438383658183739,"interior_stable",300,0
3.06928552873433,15.3913090645801,0.0425457494566217,"interior_stable",300,0
2.82660633511841,21.9810494279955,0.670026376610622,"interior_stable",300,0
-2.45836494676769,13.1428388238419,1.15275183692575,"interior_stable",300,0
-1.19156650453806,18.7994445033837,0.341036398895085,"interior_stable",300,0
-2.55378538183868,16.1144697922282,0.230542373028584,"interior_stable",300,0
-2.11349354684353,20.264787808992,0.18562764977105,"interior_stable",300,0
-1.27999733947217,17.255508271046,1.18868996680249,"interior_stable",300,0
-0.617460556328297,18.2792532374151,0.30141768977046,"interior_stable",300,0
-2.92579909786582,14.8467011225875,0.698101570014842,"interior_stable",300,0
1.06773432716727,24.5190042303875,0.0818192411679775,"interior_stable",300,0
-1.6575389765203,14.7320852789562,0.392672746675089,"interior_stable",300,0
-3.11169997602701,23.0874544708058,0.674458622233942,"interior_stable",300,0
1.02984975464642,23.8061981159262,0.978426786023192,"interior_stable",300,0
0.702630305662751,18.9090022468008,0.906047485768795,"interior_stable",300,0
1.28568959981203,17.4299563572276,0.793472325894982,"interior_stable",300,0
-2.73683515563607,12.1278009144589,0.542598617612384,"interior_stable",300,0
-2.92281925678253,19.2623432725668,0.318448268226348,"interior_stable",300,0
0.766294151544571,18.7749056960456,0.951339001767337,"interior_stable",300,0
-0.515378026291728,19.3261257372797,1.07786951062735,"interior_stable",300,0
0.577549112960696,22.3099637776613,0.484645068063401,"interior_stable",300,0
0.584202555939555,8.99007793632336,1.02295224263798,"interior_stable",300,0
-2.4779099188745,22.5287180102896,0.645686645875685,"interior_stable",300,0
-2.18876232393086,19.6165064757224,0.250293911667541,"interior_stable",300,0
-2.11776661127806,17.4493989848997,1.0262951022014,"interior_stable",300,0
-2.1926920954138,11.1483335844241,0.550775062292814,"interior_stable",300,0
0.987282691523433,12.9784699471202,1.06226727482863,"interior_stable",300,0
-2.57860779203475,16.5653133008163,0.499092944082804,"interior_stable",300,0
0.61774530634284,19.6340355905704,1.07170369068626,"interior_stable",300,0
2.6985272038728,21.2603604770266,1.16184811049607,"interior_stable",300,0
2.53910309635103,14.8313861514907,0.0430822459748015,"interior_stable",300,0
-3.22427897900343,15.2506468875799,0.03830467001535,"interior_stable",300,0
2.5452105216682,10.8878158731386,0.71574759320356,"interior_stable",300,0
-2.03428952023387,24.8369567794725,0.527459087315947,"interior_stable",300,0
1.79965885542333,24.4770083576441,0.780323855578899,"interior_stable",300,0
-0.768159868195653,16.0976033424959,0.250741935451515,"interior_stable",300,0
0.0231506396085024,22.0836889231578,1.18288382363971,"interior_stable",300,0
2.5738625228405,22.889924258925,0.972649459727108,"interior_stable",300,0
-3.61871446669102,13.0455876467749,0.149056759546511,"interior_stable",300,0
1.6150037124753,18.032616423443,0.712342824554071,"interior_stable",300,0
-2.22012698277831,11.4950952876825,0.263087766361423,"interior_stable",300,0
3.0070078112185,22.4246091442183,0.109734164434485,"interior_stable",300,0
-0.592725306749344,24.040392000461,0.2620975964237,"interior_stable",300,0
-1.13362135179341,11.5409208112396,1.10165689955465,"interior_stable",300,0
0.65738520026207,23.5260295507032,0.926028974354267,"interior_stable",300,0
3.51718853786588,11.4980619808193,0.951442605582997,"interior_stable",300,0
1.70714959688485,21.6480372822843,0.641189130838029,"interior_stable",300,0
-1.47385297715664,20.2036966686137,1.18212116882205,"interior_stable",300,0
-3.24501834623516,9.67664641793817,0.626607144949958,"interior_stable",300,0
0.287413174286485,13.2903737947345,1.17832014861051,"interior_stable",300,0
-3.67183201014996,22.7729138394352,0.756811070605181,"interior_stable",300,0
-1.28604993224144,8.77682746504433,0.516779830795713,"interior_stable",300,0
0.119173863902688,23.210111114895,1.00419075926766,"interior_stable",300,0
-0.654197948053479,21.7439040658064,0.10971154901199,"interior_stable",300,0
0.00942972488701344,22.9437164613046,1.38362293946557,"transition",300,0
2.44680664874613,8.09936759760603,0.460767460172065,"transition",300,0
-0.493771901354194,6.58537707640789,1.64235985605046,"transition",300,0
-1.53178366646171,7.11646233685315,1.54235009802505,"transition",300,0
1.45202081091702,17.6460218499415,1.82934834330808,"transition",300,0
-2.63294154033065,24.9704494955949,1.2895129644312,"transition",300,0
3.30684299208224,8.43652444891632,0.139173225616105,"transition",300,0
2.90255982615054,21.6877309780102,1.74002239888068,"transition",300,0
2.40570879168808,7.38644902012311,0.801900581573136,"transition",300,0
0.341761654242873,13.981614774093,1.39528014697134,"transition",300,0
-1.12544240429997,15.9026015317068,1.27521227987017,"transition",300,0
1.8122841604054,17.5706288602669,1.33715146686882,"transition",300,0
1.2686864733696,10.0830020208377,1.39279591792729,"transition",300,0
2.90308611653745,6.26375271822326,1.09061477240175,"transition",300,0
0.61958185583353,5.26184120681137,0.511673984001391,"transition",300,0
-2.5772221814841,5.8223346946761,0.262474237242714,"transition",300,0
0.797715682536364,17.2226324561052,1.65581302484497,"transition",300,0
3.92144150473177,6.98272697627544,0.27562324074097,"transition",300,0
-2.55086067132652,14.6266121824738,1.47892335953657,"transition",300,0
1.38012732192874,11.0965141328052,1.32203888439108,"transition",300,0
-3.27603622898459,22.8034672909416,1.58873292326462,"transition",300,0
1.53649062477052,7.32166941161267,1.21693922905251,"transition",300,0
-1.19802897423506,24.6216491388623,1.31494095083326,"transition",300,0
2.04619137383997,23.3231593214441,1.62509304238483,"transition",300,0
3.46599983982742,8.49739516270347,0.0924483960261568,"transition",300,0
3.97822779975832,5.80040462082252,0.416859510005452,"transition",300,0
2.37007995136082,5.52977451588959,0.0230135704623535,"transition",300,0
-0.289558682590723,17.8158877533861,1.64051992818713,"transition",300,0
3.68555969558656,11.8057941144798,1.27521272632293,"transition",300,0
2.4075007326901,11.1613474378828,1.67942595726345,"transition",300,0
3.13395697064698,7.19859890523367,0.373387389117852,"transition",300,0
-3.6040356438607,21.8686860753223,1.63473057094961,"transition",300,0
3.63249830715358,6.30017808289267,1.30166689516045,"transition",300,0
-2.63707419671118,7.53372317994945,0.712980722892098,"transition",300,0
-0.113507404923439,6.24793478637002,0.403057933435775,"transition",300,0
-0.996085280552506,21.8019642867148,1.45537979027722,"transition",300,0
-2.31489008106291,10.4607161541935,1.4315474772593,"transition",300,0
3.83708597533405,7.51266267034225,0.149177323910408,"transition",300,0
3.11556438356638,24.62422484532,1.71489154570736,"transition",300,0
1.35966950282454,6.92344990675338,0.17370987101458,"transition",300,0
-1.60427988506854,8.58233888284303,0.989466398023069,"transition",300,0
-2.09024325013161,17.1435576339718,1.30756886559539,"transition",300,0
-1.59488212503493,11.4785501966253,1.70914881397039,"transition",300,0
-3.11420476995409,6.70890007168055,1.63085502455942,"transition",300,0
1.94322571903467,5.16246678307652,1.61477641959209,"transition",300,0
0.210151391103864,21.9117303786334,1.39047978736926,"transition",300,0
0.21024932526052,18.7932950328104,1.70510021678638,"transition",300,0
0.439112436026335,20.6198135390878,1.45028243481647,"transition",300,0
0.380483377724886,23.8755964732263,1.4836574770743,"transition",300,0
0.410531558096409,22.739307244774,1.31775225454476,"transition",300,0
2.26541700959206,6.69556462089531,0.47664672776591,"transition",300,0
1.5593233704567,6.61534237442538,1.85509532631841,"transition",300,0
2.41106396727264,6.05922376853414,0.133920341031626,"transition",300,0
0.620377749204636,5.58625048142858,0.808586814673617,"transition",300,0
3.22280298732221,5.01119968248531,1.29942359693814,"transition",300,0
0.349055703729391,7.4239625246264,1.04276491911151,"transition",300,0
0.765894412994385,23.8866598752793,1.5084868617123,"transition",300,0
3.19591444171965,8.88789976597764,1.80660737212747,"transition",300,0
-3.89849876984954,7.16405980056152,0.0593430374283344,"transition",300,0
-2.90885285288095,16.0990609787405,1.73813013301697,"transition",300,0
0.360542599111795,21.2464478798211,1.79232206894085,"transition",300,0
-1.54973270185292,12.8251647634897,1.52757177711464,"transition",300,0
-2.68128434754908,20.5192189605441,1.34626814047806,"transition",300,0
-1.35158798284829,10.3706582740415,1.54243268596474,"transition",300,0
-3.070765260607,22.841613664059,1.38988283579238,"transition",300,0
-0.975912919268012,11.7109441081993,1.44225930620451,"transition",300,0
-2.368492718786,24.3953631259501,1.51965719938744,"transition",300,0
0.0926920380443335,9.60625465377234,1.37472142348997,"transition",300,0
0.388704398646951,20.6742763228249,1.37955513899215,"transition",300,0
-2.17456644773483,6.51980352122337,0.897689228877425,"transition",300,0
-2.80116970837116,10.2240139560308,1.67940279527102,"transition",300,0
1.49633538909256,8.45083689200692,1.37527246959507,"transition",300,0
2.58482171036303,22.2854885098059,1.26085150463041,"transition",300,0
1.32198632135987,7.81097001745366,0.924936120864004,"transition",300,0
-2.37776537053287,5.78035341459326,0.903214356512763,"transition",300,0
-2.03681519441307,7.57888888474554,1.71616293489933,"transition",300,0
3.39730938896537,17.048336728476,1.28908379585482,"transition",300,0
0.25799204222858,13.401361630531,1.33389169641305,"transition",300,0
-0.833995632827282,11.08253824641,1.35230548796244,"transition",300,0
-0.698442000895739,12.6686466799583,1.7147157038562,"transition",300,0
1.63609975576401,13.6525905167218,1.50887183262967,"transition",300,0
2.25696210190654,7.85529518034309,1.37352569261566,"transition",300,0
-0.490359175950289,18.6605100287125,1.87341546348762,"transition",300,0
-1.68977514281869,9.15371217997745,1.39060079061892,"transition",300,0
-0.338103070855141,22.4164741521236,1.51302031881642,"transition",300,0
-2.92905940115452,23.9430117886513,1.65847138676327,"transition",300,0
-1.35089555196464,14.2733520711772,1.83833617309574,"transition",300,0
1.84169093333185,6.68790003983304,1.24747130787,"transition",300,0
-2.19704644940794,5.61952401185408,0.184322205022909,"transition",300,0
2.32479994371533,8.0716545751784,0.133800291223451,"transition",300,0
-0.51902624592185,23.4247369109653,1.25438883434981,"transition",300,0
-1.44567520730197,17.3880234535318,1.34645760932472,"transition",300,0
3.64076961949468,23.0933322105557,1.85298846045043,"transition",300,0
0.308567637577653,12.3621299746446,1.49747301300522,"transition",300,0
0.234416000545025,17.3906197363976,1.71910532691982,"transition",300,0
2.20793874375522,18.7449863413349,1.80687939864583,"transition",300,0
-2.89725973457098,6.9856662012171,1.03420113096945,"transition",300,0
0.314222050830722,8.61862146412022,0.68454792490229,"transition",300,0
-1.37625037878752,10.5715262237936,1.53487540374044,"transition",300,0
-2.25549298338592,8.52683619013987,1.11924435419496,"transition",300,0
-3.25061716325581,10.7165776833426,1.30774062825367,"transition",300,0
3.38768248818815,13.9232562622055,1.66866828862112,"transition",300,0
-2.30944138206542,22.1300892357249,1.78145431680605,"transition",300,0
-2.88917366974056,14.7623130760621,1.81344939395785,"transition",300,0
2.43325938470662,5.92777015990578,0.965238699573092,"transition",300,0
3.90333102270961,22.2346401074901,1.51367054320872,"transition",300,0
0.851275991648436,21.2633722752798,1.69461116835009,"transition",300,0
2.3829411547631,8.82445682073012,1.83332376589533,"transition",300,0
-3.66093152761459,7.5757930171676,1.17749303404707,"transition",300,0
-0.192631382495165,7.63570602284744,0.631607361137867,"transition",300,0
-0.277733311057091,6.68537173769437,0.201909714960493,"transition",300,0
-0.45940762385726,10.9089377045166,1.61849353811704,"transition",300,0
1.27464395388961,5.50878832582384,0.187911623506807,"transition",300,0
1.45227329432964,6.61678977776319,0.0826261838665232,"transition",300,0
2.51954176276922,7.44917938718572,1.16573704057373,"transition",300,0
0.785878738388419,21.0428697988391,1.7644219181966,"transition",300,0
3.33311825245619,8.44026963459328,0.0691236229613423,"transition",300,0
-0.556776506826282,18.7032574554905,1.74365977582056,"transition",300,0
2.30073447525501,6.65290791075677,0.962796476087533,"transition",300,0
-2.54539252072573,16.9616416562349,1.65106567437761,"transition",300,0
1.21224486269057,6.10947716631927,0.563840242102742,"transition",300,0
0.0581071563065052,13.7242520228028,1.67257737892214,"transition",300,0
3.97912135720253,8.05652848212048,0.319675568607636,"transition",300,0
3.61511991173029,7.44728666031733,1.77654311119113,"transition",300,0
-1.83736688829958,21.4859021245502,1.66146156087052,"transition",300,0
-2.97923832572997,8.17565291072242,0.72028407768812,"transition",300,0
2.41760358028114,11.7479953099973,1.58392146870028,"transition",300,0
3.09505279548466,6.60625933669508,1.09256865165662,"transition",300,0
2.58614132739604,8.29835287295282,0.918794730678201,"transition",300,0
-1.87141332775354,6.99568649870344,1.64652544073761,"transition",300,0
-1.64077336527407,19.7825227689464,1.33127059321851,"transition",300,0
3.37777565419674,7.14203037787229,0.554502435261384,"transition",300,0
2.57467221841216,19.595420639962,1.62431051023304,"transition",300,0
-1.33294967748225,15.5992611660622,1.4417725946987,"transition",300,0
1.10934200324118,14.2108852043748,1.48368780734017,"transition",300,0
-0.40920871309936,7.367922749836,1.29955729120411,"transition",300,0
1.31971803680062,20.0398030341603,1.79823299695272,"transition",300,0
-1.10627293586731,6.61871709162369,1.14515512657817,"transition",300,0
3.56471985951066,8.26295971637592,1.82932515745051,"transition",300,0
2.38796056993306,24.3818776332773,1.47511928924359,"transition",300,0
0.942771539092064,5.32421307871118,1.8690660118591,"transition",300,0
0.589932452887297,20.700636174297,1.54311621154193,"transition",300,0
3.97309253923595,18.038398277713,1.85564941319171,"transition",300,0
-1.78470035642385,10.8769555750769,1.8382122926414,"transition",300,0
3.10700634121895,12.5051544688176,1.59097576106433,"transition",300,0
0.506177550181746,10.8591881580651,1.53645976446569,"transition",300,0
2.32127710431814,8.14739844645374,1.00327827967703,"transition",300,0
1.23974472098053,19.5714265108109,1.34653493645601,"transition",300,0
0.112610971555114,14.1197030781768,1.4026216568891,"transition",300,0
0.155595406889915,6.76279583130963,1.07885716366582,"transition",300,0
-1.03658712096512,4.73577518132515,1.07488322712015,"low_separation",300,0
-1.4525399915874,1.82933732867241,0.574363872292452,"low_separation",300,0
0.755985958501697,2.80424771481194,1.50883082300425,"low_separation",300,0
-2.38448545709252,2.73226628778502,0.486672898405232,"low_separation",300,0
2.43584680557251,4.34857831569389,1.65112830465659,"low_separation",300,0
-0.194541826844215,3.2776367617771,0.347204242716543,"low_separation",300,0
-1.18951807171106,1.76197749678977,1.47657790279482,"low_separation",300,0
1.16031190566719,3.44878601608798,1.81641814589966,"low_separation",300,0
-3.37923984229565,3.29647872713394,1.83464869041927,"low_separation",300,0
-3.1544433105737,1.81954298750497,0.381034978781827,"low_separation",300,0
0.79030099324882,4.87957185250707,0.360503461561166,"low_separation",300,0
-3.5907924734056,3.09384018182755,1.03084170317743,"low_separation",300,0
1.20242422260344,1.72095111338422,1.61958901735488,"low_separation",300,0
-1.89991171099246,1.02175463689491,0.557025261223316,"low_separation",300,0
2.51389819197357,0.630190747324377,1.22155593708158,"low_separation",300,0
0.497770462185144,1.63475058507174,0.711541527416557,"low_separation",300,0
0.132033718749881,3.58919400605373,0.353307354380377,"low_separation",300,0
2.17604279331863,0.549202138790861,0.859850493725389,"low_separation",300,0
0.149000270292163,2.34272205270827,0.997176698874682,"low_separation",300,0
-0.0747901052236557,1.67545713484287,0.262977320235223,"low_separation",300,0
-0.239715276286006,2.27327537722886,1.72980633040424,"low_separation",300,0
-2.06969781406224,3.60617744736373,0.34753984073177,"low_separation",300,0
-0.123107435181737,3.47333620302379,0.318203795468435,"low_separation",300,0
1.65520321950316,4.8157398996409,0.113313994952478,"low_separation",300,0
-0.793403616175056,3.9699531684164,1.17641259741504,"low_separation",300,0
1.59796388633549,0.17776534659788,1.35837743000593,"low_separation",300,0
-1.22727632150054,3.13154769828543,0.862589756725356,"low_separation",300,0
-2.82883774675429,4.95450021699071,0.502874844241887,"low_separation",300,0
1.01901876740158,4.69316312228329,1.51549633708782,"low_separation",300,0
-0.540919007733464,0.314046599669382,1.79548721935134,"low_separation",300,0
-3.01920295506716,4.73135869833641,1.08498736342881,"low_separation",300,0
0.815146263688803,1.19047779589891,1.71622599416878,"low_separation",300,0
-2.39274570718408,3.77841722802259,0.217662319773808,"low_separation",300,0
1.83982807025313,3.00062573514879,0.120121188811027,"low_separation",300,0
-1.36690649949014,3.68864292977378,1.28733240300789,"low_separation",300,0
2.74328952282667,2.33235004125163,0.599416936165653,"low_separation",300,0
-0.155190926045179,1.82562999543734,1.00285226129927,"low_separation",300,0
-1.5378967281431,2.16541227418929,0.322302016429603,"low_separation",300,0
1.41181722469628,0.858928938396275,0.0376792415045202,"low_separation",300,0
0.835280919447541,3.7421457527671,1.13434946455527,"low_separation",300,0
-3.92715012468398,2.02595070004463,0.674985517980531,"low_separation",300,0
-3.93028567545116,2.77209865162149,0.852414420805871,"low_separation",300,0
-1.22638323158026,3.94054718199186,1.54920740169473,"low_separation",300,0
-1.87020196020603,3.05752154672518,0.509318389813416,"low_separation",300,0
-3.9370279405266,0.862564094131812,0.998893740470521,"low_separation",300,0
-2.58679756708443,4.19761409284547,1.59808721218724,"low_separation",300,0
-0.970450766384602,2.56859125220217,0.907715108478442,"low_separation",300,0
1.92491590231657,3.6533851060085,1.20194315037224,"low_separation",300,0
1.3141187466681,2.86130640888587,0.623169526807033,"low_separation",300,0
1.4591852389276,2.14888647315092,1.77179973514285,"low_separation",300,0
1.71090919524431,0.0359259429387748,0.665400425787084,"low_separation",300,0
2.64558806084096,2.22105164430104,1.67794841108844,"low_separation",300,0
-2.92997016385198,0.313479139003903,0.137414984055795,"low_separation",300,0
-1.10419331304729,2.96534827793948,1.1983511724975,"low_separation",300,0
-0.147551856935024,4.08105658134446,1.74661452241708,"low_separation",300,0
-3.24919239990413,2.07167800399475,0.619754054932855,"low_separation",300,0
2.61051642335951,3.06594973080792,0.343270926969126,"low_separation",300,0
-3.34849371388555,1.2390969437547,0.912929403712042,"low_separation",300,0
3.33299531042576,0.311293551931158,0.843664762214758,"low_separation",300,0
-0.194984272122383,4.97745514148846,0.577304433099926,"low_separation",300,0
0.827067706733942,2.78976177796721,0.309125830535777,"low_separation",300,0
-2.44790214672685,0.487245986005291,0.566470741177909,"low_separation",300,0
1.71071894839406,4.51700325356796,1.0532966023311,"low_separation",300,0
0.360393105074763,1.24662477755919,0.725739666377194,"low_separation",300,0
2.45084154605865,4.18503145920113,1.28595066722482,"low_separation",300,0
-2.95303232781589,3.53801953606308,0.107476356206462,"low_separation",300,0
2.58307622745633,4.95261673349887,0.919671237352304,"low_separation",300,0
-0.0904083121567965,0.712330726673827,1.74099291616585,"low_separation",300,0
0.716556321829557,0.67288454156369,0.760548177058809,"low_separation",300,0
-0.0790801756083965,0.808418117230758,1.26122946443502,"low_separation",300,0
-1.37924708984792,2.00890881242231,1.71439280908089,"low_separation",300,0
3.96421197988093,4.18708506622352,1.04192322061863,"low_separation",300,0
-1.45620534941554,4.91080440115184,0.8255274646217,"low_separation",300,0
3.57892690598965,2.51676882035099,0.0787575705908239,"low_separation",300,0
2.40926050581038,0.204054301138967,0.355774866766296,"low_separation",300,0
-2.31869408302009,2.07860308582895,0.613867475185543,"low_separation",300,0
3.54273921065032,2.40983401308767,1.01461726240814,"low_separation",300,0
1.80242418684065,3.49109992384911,1.32036066788714,"low_separation",300,0
-0.623286129906774,2.49214883660898,1.411053086631,"low_separation",300,0
-1.29790352284908,0.35344084026292,1.5748113807058,"low_separation",300,0
-3.48020161502063,4.84036097768694,0.140950100612827,"low_separation",300,0
-0.0952104516327381,3.27963962336071,1.14148638676852,"low_separation",300,0
-0.453696757555008,4.06829888815992,0.153150237747468,"low_separation",300,0
1.44534804485738,0.0822726637125015,1.6272661741823,"low_separation",300,0
2.20437727868557,1.94893748266622,0.808873879141174,"low_separation",300,0
-1.43339169025421,2.98189569730312,1.55278258956969,"low_separation",300,0
0.617822902277112,3.67399004171602,1.52633454301395,"low_separation",300,0
0.0288116112351418,0.470532587496564,1.59664879669435,"low_separation",300,0
0.620872305706143,4.48172178585082,1.49333104607649,"low_separation",300,0
-3.25636192597449,2.97029314097017,0.94579057302326,"low_separation",300,0
3.20962744019926,4.05429925303906,0.545272309100255,"low_separation",300,0
-2.77826696448028,1.8157901999075,0.50218052638229,"low_separation",300,0
-0.599364254623652,4.52895383350551,1.23657486925367,"low_separation",300,0
-2.83463666029274,0.845125498017296,1.39742986648344,"low_separation",300,0
0.737379129976034,4.90575827425346,0.701530243968591,"low_separation",300,0
0.972124731168151,0.865178211824968,0.143245976651087,"low_separation",300,0
-3.71526376157999,3.03493246319704,1.44104925333522,"low_separation",300,0
2.71576595306396,2.10345426457934,1.09774017357267,"low_separation",300,0
-3.57212997600436,0.29663682798855,0.508161666803062,"low_separation",300,0
-1.26813707686961,2.34579598763958,0.0676886376459152,"low_separation",300,0
3.29428885504603,1.64173361845315,1.44643987820018,"low_separation",300,0
2.80019468069077,0.416242278879508,1.02214167884085,"low_separation",300,0
1.8598547168076,3.62507057725452,0.153407856705599,"low_separation",300,0
2.635741841048,0.517188338562846,1.31836219865363,"low_separation",300,0
1.89966171234846,1.04170088307001,1.40335146221332,"low_separation",300,0
2.60380914993584,3.69855301687494,0.765510424971581,"low_separation",300,0
1.41770455799997,0.0972011592239141,0.548529943916947,"low_separation",300,0
1.53840621560812,2.16876184567809,1.08778042485937,"low_separation",300,0
3.17451793514192,3.10328790219501,1.5330781810917,"low_separation",300,0
-1.21351429261267,4.40686567453668,0.070525161572732,"low_separation",300,0
3.70924296043813,1.29410546505824,0.810306191560812,"low_separation",300,0
-0.38535294495523,2.86170383333229,0.00126225408166647,"low_separation",300,0
0.822406684979796,2.64445481589064,1.49315339804161,"low_separation",300,0
-3.11958486400545,2.62885856209323,1.5466096997261,"low_separation",300,0
1.67330279201269,1.80459796683863,1.00550916686188,"low_separation",300,0
-0.744331086054444,1.3139623508323,0.086348126642406,"low_separation",300,0
2.5144248586148,2.70834649563767,0.988123262068257,"low_separation",300,0
-2.21709553711116,3.7074614490848,0.139416349702515,"low_separation",300,0
0.606855684891343,4.77517709950916,1.0826609324431,"low_separation",300,0
1.63230955973268,1.31374785560183,0.239685265114531,"low_separation",300,0
0.810759445652366,4.90783879649825,1.57316637632903,"low_separation",300,0
2.86015788279474,3.64477309049107,0.3439887217246,"low_separation",300,0
2.52056081779301,3.29091768944636,1.5674274234334,"low_separation",300,0
-2.71791791543365,1.15081553230993,0.0928604661021382,"low_separation",300,0
3.19619046710432,4.22377026989125,0.658219265751541,"low_separation",300,0
0.627901488915086,3.58345271088183,0.276520186453126,"low_separation",300,0
0.722833964973688,2.89628084865399,0.211277474300005,"low_separation",300,0
-0.619671758264303,1.5145001350902,0.148758242721669,"low_separation",300,0
1.52018789388239,2.51639352645725,1.70051369990688,"low_separation",300,0
-2.12707196362317,2.56898193038069,1.78153795248363,"low_separation",300,0
1.41177355125546,2.66401857952587,0.582529639359564,"low_separation",300,0
-1.62633664160967,4.74135384429246,1.66891823406331,"low_separation",300,0
0.428625356405973,2.22173749934882,0.559321751934476,"low_separation",300,0
-3.10241706296802,3.09801889816299,0.0674758508102968,"low_separation",300,0
-1.0003332644701,1.78087871754542,1.57769536308479,"low_separation",300,0
-1.6871364377439,0.883467722451314,0.345362147199921,"low_separation",300,0
-1.7140054423362,3.96144441911019,0.338129192823544,"low_separation",300,0
3.30871099047363,4.88330166554078,1.15735880739521,"low_separation",300,0
-2.62598653323948,2.91303758858703,0.153524557244964,"low_separation",300,0
-2.91714596003294,1.49547199835069,1.71434950141702,"low_separation",300,0
2.01920810714364,0.871094304602593,1.15475269209128,"low_separation",300,0
-0.249176671728492,3.59254252398387,1.79674881626852,"low_separation",300,0
-0.629969667643309,3.64476150716655,0.567555265151896,"low_separation",300,0
0.300587259232998,1.68993727420457,0.680325540015474,"low_separation",300,0
-1.66534195095301,0.174052792135626,1.28103750932496,"low_separation",300,0
-0.683432841673493,3.49533883854747,0.110704393591732,"low_separation",300,0
3.00319988653064,0.293606269406155,1.69040734414011,"low_separation",300,0
-0.629833983257413,3.27118427958339,1.5748755360255,"low_separation",300,0
-3.18842030130327,0.294557248707861,0.815869153593667,"low_separation",300,0
-1.4397801309824,4.54477549064904,1.00509835639969,"low_separation",300,0
3.86889513209462,24.6066333318595,2.28684746427462,"high_dependence",300,3.11974446276508e-10
-1.93098553083837,21.5234578645322,2.18556807434652,"high_dependence",300,0
2.93933653645217,5.92780128936283,2.09644150047097,"high_dependence",300,0
0.658866263926029,21.3241512654349,2.34112858888693,"high_dependence",300,0
-2.24019450135529,13.5052518337034,1.97340325277764,"high_dependence",300,0
2.2163833770901,18.2871398865245,2.17278477328364,"high_dependence",300,0
0.368263645097613,7.54407730419189,1.89424538926687,"high_dependence",300,0
1.37461251020432,15.2030043187551,2.02364281693008,"high_dependence",300,0
-2.30433544702828,24.7999232320581,2.20329163072165,"high_dependence",300,0
2.14858252927661,17.606742476346,2.46564768604003,"high_dependence",300,0
0.164517313241959,14.195452228887,2.47386991628446,"high_dependence",300,0
2.25628060288727,15.3722903982271,2.24450442008674,"high_dependence",300,0
3.50778059288859,8.69789370335639,2.46855475532357,"high_dependence",300,0.000181796325797734
-0.571341333910823,7.56706072133966,2.11920400091913,"high_dependence",300,0
1.27564478479326,7.71178159047849,2.15883711003698,"high_dependence",300,0
-2.85888285748661,11.500629526563,2.05293105565943,"high_dependence",300,0
1.6788274217397,7.57739674882032,2.00543459679466,"high_dependence",300,0
2.88807603344321,11.6193226363976,2.17290559201501,"high_dependence",300,0
-0.0261918902397156,19.2659579217434,2.05602402158547,"high_dependence",300,0
1.92816475406289,18.0298625957221,2.46877148456406,"high_dependence",300,0
2.55021563917398,11.5891213237774,1.95068021828774,"high_dependence",300,0
0.143786603584886,12.846397649264,2.2651863435749,"high_dependence",300,0
-3.11632037907839,11.9286027853377,2.4772672081599,"high_dependence",300,0
0.470730267465115,17.082713637501,2.45212214416824,"high_dependence",300,0
3.0530835352838,9.03621715842746,2.03398539393675,"high_dependence",300,0
-1.1938226763159,21.9367214886006,2.31558333616704,"high_dependence",300,0
-1.26108284853399,22.8471141716,2.0117856253637,"high_dependence",300,0
3.8842960447073,10.0170270481613,2.25162955932319,"high_dependence",300,1.08499618693969e-05
2.77831458859146,14.8186387261376,2.31027169036679,"high_dependence",300,0
-0.947995310649276,10.9575479582418,1.9459344970528,"high_dependence",300,0
1.66636504419148,14.6300058346242,2.03768349892925,"high_dependence",300,0
-0.940447764471173,21.8084445979912,1.97471688792575,"high_dependence",300,0
-3.93387452699244,7.47606009244919,1.91573600051925,"high_dependence",300,0
0.257296223193407,17.6301961415447,1.88266034121625,"high_dependence",300,0
-1.399468626827,13.8533922086935,2.45185219217092,"high_dependence",300,0
-2.78900143876672,20.0833590817638,2.07827604899649,"high_dependence",300,0
3.79038715921342,10.4132200125605,1.9734533195151,"high_dependence",300,7.12601533336965e-10
-0.251524895429611,12.5315580458846,2.4131630291231,"high_dependence",300,0
0.417706796899438,6.38330749352463,2.12056620395742,"high_dependence",300,0
-3.53391282446682,12.5252559664659,2.03833770006895,"high_dependence",300,0
0.16643007658422,24.311307980679,2.29163346695714,"high_dependence",300,0
-3.14833047613502,15.6387853901833,2.45127543515991,"high_dependence",300,0
2.31803949177265,19.4187510584015,2.1652481140336,"high_dependence",300,0
-2.75840637274086,15.9283416694961,2.1511849045055,"high_dependence",300,0
2.08520190045238,17.3600932350382,1.88931043434422,"high_dependence",300,0
1.57527906261384,16.497990489006,2.38830330898054,"high_dependence",300,0
2.99178836867213,15.6996318488382,1.96346667013131,"high_dependence",300,0
3.81479060836136,23.9189552317839,1.94416584447026,"high_dependence",300,0
-1.66757099144161,6.77867639460601,2.36934102489613,"high_dependence",300,0
-3.12608444876969,15.758759988239,2.11460867838468,"high_dependence",300,0
0.266593586653471,20.2198667509947,2.34040472772904,"high_dependence",300,0
0.306105578318238,23.2351939775981,2.0307208126178,"high_dependence",300,0
3.84187145531178,12.5069905247074,2.18356914061587,"high_dependence",300,3.44856580625219e-07
2.72218636982143,6.6065652994439,1.90869427402504,"high_dependence",300,0
-1.89817298203707,13.62847086275,2.27885574859101,"high_dependence",300,0
2.25980338081717,20.6569819536526,2.49679264554288,"high_dependence",300,0
-1.5290775578469,12.5478139554616,1.9983732176479,"high_dependence",300,0
1.54142333567142,9.3253998842556,2.38684210751671,"high_dependence",300,0
1.40405414626002,11.1118585453369,2.30544049292803,"high_dependence",300,0
2.58015858568251,7.72363879950717,2.16208465804812,"high_dependence",300,0
2.73132782243192,16.7824839532841,1.89780888264067,"high_dependence",300,0
-0.377895880490541,20.6976029439829,2.00377435830887,"high_dependence",300,0
-2.10028133541346,18.251209706068,2.42452016624156,"high_dependence",300,0
-1.43712400645018,19.3082340119872,2.09106204449199,"high_dependence",300,0
3.40924760326743,23.5048778878991,2.01235089043621,"high_dependence",300,0
-1.53881188854575,18.0348854570184,2.17166538292076,"high_dependence",300,0
-0.15879481844604,11.244511482073,2.41450572153553,"high_dependence",300,0
3.71411165595055,16.4856166753452,1.89957046241034,"high_dependence",300,0
-1.1298839058727,5.10614319355227,2.31553827412426,"high_dependence",300,0
-0.30828726105392,13.5377691593021,1.99585376831237,"high_dependence",300,0
3.26313376054168,13.9224815706257,2.10700705298223,"high_dependence",300,0
-3.83780520409346,10.2340309822466,2.36275076051243,"high_dependence",300,0
-3.50975172221661,11.931935523171,2.1888871822739,"high_dependence",300,0
-1.94061026722193,21.9759008439723,1.89419139293022,"high_dependence",300,0
0.254111455753446,12.8481165738776,2.01758734241594,"high_dependence",300,0
0.366201758384705,24.5403957553208,2.40121846087277,"high_dependence",300,0
-1.16931722313166,9.67176788835786,2.45994114491623,"high_dependence",300,0
-0.836973924189806,11.0096024000086,2.41589334327728,"high_dependence",300,0
-2.08004821464419,6.96518533513881,2.42516077589244,"high_dependence",300,0
1.56062162667513,12.5771985272877,2.44213476660661,"high_dependence",300,0
-2.7742623668164,7.53545289044268,2.17705350834876,"high_dependence",300,0
3.84714736230671,13.0289928114507,1.93518906016834,"high_dependence",300,0
2.47693098150194,13.6554632277694,2.49785305466503,"high_dependence",300,0
-2.46232714131474,14.8647587629966,1.89415466331411,"high_dependence",300,0
1.27336678281426,8.67942901677452,1.89495676138904,"high_dependence",300,0
-0.497786391526461,5.04337645252235,2.38170678145252,"high_dependence",300,0
3.94709925726056,18.5128891374916,1.9579740439076,"high_dependence",300,0
1.52973393723369,16.5123448765371,2.26035175146535,"high_dependence",300,0
-2.47681725397706,8.41973735950887,2.02605890750419,"high_dependence",300,0
-2.12395838648081,14.881751476787,2.30908968544099,"high_dependence",300,0
-2.8477238714695,7.43981982232071,1.92846172256395,"high_dependence",300,0
-0.142372559756041,10.4419322218746,2.14464057760779,"high_dependence",300,0
3.83348954096437,22.3956850764807,2.39012957201339,"high_dependence",300,1.43195837409849e-08
-2.69787308014929,11.5861925820354,2.33729155210312,"high_dependence",300,0
-2.31976023688912,17.1148464898579,2.45639733970165,"high_dependence",300,0
-2.94499643146992,22.5849760929123,1.91808645788115,"high_dependence",300,0
-3.70751210302114,11.8016970402095,1.96277404087596,"high_dependence",300,0
1.16115215793252,22.6315766514745,2.40430740639567,"high_dependence",300,0
0.748842464759946,10.2615673269611,2.49060707807075,"high_dependence",300,0
-0.377282155677676,18.3534428244457,2.13258419302292,"high_dependence",300,0
-2.4545339923352,10.3327689168509,2.33458487899043,"high_dependence",300,0
-2.40737788751721,22.2264470299706,2.46167212259024,"high_dependence",300,0
2.30259185284376,8.49994735908695,2.44887970970012,"high_dependence",300,0
0.0721461344510317,15.4782562458422,2.21824782609474,"high_dependence",300,0
3.92800571583211,17.5361478468403,2.10476699576247,"high_dependence",300,1.97711358396191e-09
2.93822523765266,8.98021727334708,2.07750365661923,"high_dependence",300,0
0.464729880914092,8.76369754550979,1.9834960042499,"high_dependence",300,0
-0.555352566763759,9.60759847657755,2.25024047540501,"high_dependence",300,0
-0.526084480807185,19.3937086383812,2.18208617065102,"high_dependence",300,0
-1.71201029792428,7.48745107557625,2.20360736246221,"high_dependence",300,0
-3.33446898497641,18.6812171305064,1.9143062911462,"high_dependence",300,0
-2.78117091022432,23.9605854381807,2.24501599557698,"high_dependence",300,0
1.33016763068736,7.46289755334146,2.43396754493006,"high_dependence",300,0
-3.34604361094534,15.5287290050182,2.45413774100598,"high_dependence",300,0
-3.19504938647151,21.2591661605984,1.94206589250825,"high_dependence",300,0
-1.85304486192763,21.4135543094017,2.16314605611842,"high_dependence",300,0
-3.53456785343587,15.7136027701199,2.48126868333202,"high_dependence",300,0
-1.39009048603475,12.0187913940754,2.3446272185538,"high_dependence",300,0
2.17066597938538,18.6967601475772,2.27461095142644,"high_dependence",300,0
3.61756483279169,23.3556995284744,1.88632202160079,"high_dependence",300,0
0.000365804880857468,24.4114640576299,2.08747897704598,"high_dependence",300,0
-3.64274220168591,7.51571145956405,2.1062173275277,"high_dependence",300,0
2.87425936944783,23.7505965866148,2.04746803326998,"high_dependence",300,0
3.83129741251469,14.1719998617191,1.93484553019516,"high_dependence",300,0
-2.61327362060547,18.1919329508673,2.22462166158948,"high_dependence",300,0
3.67463837750256,17.6637762750033,2.4863109603757,"high_dependence",300,5.98787504912934e-07
2.6532672625035,8.72569549828768,2.44031222828198,"high_dependence",300,0
1.20079173147678,17.6516188075766,1.99857526866253,"high_dependence",300,0
-2.93415987305343,16.2234519550111,2.3092377820285,"high_dependence",300,0
-3.97295714914799,15.8522550074849,2.0636403397657,"high_dependence",300,0
3.98671609722078,6.33227148791775,2.20277684566099,"high_dependence",300,3.44309205644322e-05
3.83164764754474,12.3694695415907,2.07158291770611,"high_dependence",300,1.21380576700858e-08
-3.84693384170532,8.85726496344432,2.08811722695827,"high_dependence",300,0
0.501178639009595,8.46743473084643,2.03703965293244,"high_dependence",300,0
-2.98372452519834,9.40344524569809,2.34539085649885,"high_dependence",300,0
2.27458357252181,24.7266368824057,2.44739593646955,"high_dependence",300,0
1.12306573241949,23.2792367634829,2.05151888018008,"high_dependence",300,0
3.78547642752528,6.42857091734186,2.27590729482472,"high_dependence",300,9.4628383825679e-05
0.338874315842986,24.8425448255148,1.98187150759622,"high_dependence",300,0
-1.00167225673795,8.63407508004457,1.94224746490363,"high_dependence",300,0
3.47943282313645,18.3516685501672,2.28200188372284,"high_dependence",300,5.30810950749583e-11
-1.27072152122855,14.8184517398477,2.33709232590627,"high_dependence",300,0
-2.16427974589169,8.78329086699523,1.91695820307359,"high_dependence",300,0
1.79064707644284,22.6150169328321,2.32196708384436,"high_dependence",300,0
-0.46757610142231,16.9284521078225,2.25428789330181,"high_dependence",300,0
-1.13566350191832,5.57618445600383,2.29669713764451,"high_dependence",300,0
-0.510143633931875,22.4718876474071,2.08835566532798,"high_dependence",300,0
-2.52536428719759,7.56821360555477,2.24993913318031,"high_dependence",300,0
-2.07060539536178,23.7183322897181,2.30456927616615,"high_dependence",300,0
0.150030290707946,14.3613830558024,2.49936956504826,"high_dependence",300,0
-2.26288571022451,1.0463876707945,2.46100908552762,"high_t_low_q",300,0
2.32932863384485,2.01150997309014,2.17959248926491,"high_t_low_q",300,0
-0.838664999231696,3.07387689244933,2.13944568240549,"high_t_low_q",300,0
0.501610724255443,4.42469030385837,2.44671640102752,"high_t_low_q",300,0
-1.89413386955857,0.852165051037446,2.06634524802212,"high_t_low_q",300,0
3.08969473652542,2.90110326604918,2.38202150852885,"high_t_low_q",300,0.00112225609299266
-0.402191381901503,3.13747852342203,2.04669176077005,"high_t_low_q",300,0
2.26742888987064,1.4563657110557,2.49526479223277,"high_t_low_q",300,0.00200954971756495
1.58569636568427,2.4657383444719,2.09797636896838,"high_t_low_q",300,0
-2.75762431696057,0.36448142491281,2.05034545331728,"high_t_low_q",300,0
0.816641807556152,1.64481715182774,2.28919066023082,"high_t_low_q",300,0
1.45559077337384,2.04399728099816,2.22798061207868,"high_t_low_q",300,0
0.453743230551481,3.22814325336367,2.49082844064105,"high_t_low_q",300,0
-2.98904892243445,1.63468114333227,2.04486431030091,"high_t_low_q",300,0
3.01934903673828,1.59955656854436,2.04931456770282,"high_t_low_q",300,9.94884771898796e-07
-1.77567596361041,2.76207261485979,2.27301443286706,"high_t_low_q",300,0
-1.04249240830541,0.88201219914481,1.98474996606819,"high_t_low_q",300,0
-0.395382139831781,3.61086376360618,2.41648369701579,"high_t_low_q",300,0
3.83969520591199,0.265785469673574,1.96132719225716,"high_t_low_q",300,1.96638584526454e-07
0.781450597569346,0.718366156797856,2.28062819514889,"high_t_low_q",300,0
3.44058872759342,1.97150272433646,2.02182161156088,"high_t_low_q",300,5.61295058432165e-07
0.644158454611897,1.82926828274503,2.0518065179931,"high_t_low_q",300,0
-1.13269825279713,1.94889744743705,2.23226808477193,"high_t_low_q",300,0
1.54648972675204,1.50093051488511,2.11260852694977,"high_t_low_q",300,0
3.00259970501065,1.5981336706318,2.3007013334427,"high_t_low_q",300,0.000759810610821532
3.08516309596598,4.66986794490367,2.47351823898498,"high_t_low_q",300,0.000819249250032072
-3.35428433679044,1.36320170713589,2.26237596187275,"high_t_low_q",300,0
-1.62524396553636,3.58999524614774,1.98961324815173,"high_t_low_q",300,0
-0.838253110647202,2.1774378255941,2.26232750574127,"high_t_low_q",300,0
-3.77554981783032,1.40787356067449,2.49911924125627,"high_t_low_q",300,0
-3.29472879134119,1.65329434094019,2.01382702973206,"high_t_low_q",300,0
-3.74379881285131,3.22758086840622,2.18241261900403,"high_t_low_q",300,0
0.520863991230726,1.41658940119669,2.04153899801895,"high_t_low_q",300,0
-1.54103546030819,1.80915480013937,2.22725267405622,"high_t_low_q",300,0
0.594314273446798,2.7988399611786,2.39026778843254,"high_t_low_q",300,0
3.56983960047364,3.51396400947124,2.32322132971603,"high_t_low_q",300,0.000734594633630792
2.70295341126621,4.55989880720153,2.43079206557013,"high_t_low_q",300,7.84239097395556e-05
2.09802622534335,1.53344091959298,2.39625326823443,"high_t_low_q",300,0
-1.15029262565076,2.39918389124796,2.19618015689775,"high_t_low_q",300,0
3.73160650767386,1.31411086185835,2.43536874011625,"high_t_low_q",300,0.0156331311868954
-0.0744117014110088,2.36546485102735,2.39298325963318,"high_t_low_q",300,0
-2.4818195104599,4.88969398429617,2.35681756341364,"high_t_low_q",300,0
-3.04949115216732,3.78031722502783,1.93366358755156,"high_t_low_q",300,0
-1.53060767613351,3.74534365255386,2.46379088668618,"high_t_low_q",300,0
-0.699172332882881,0.286904023960233,2.19262731843628,"high_t_low_q",300,0
-1.66579577885568,2.05588534590788,2.413942211424,"high_t_low_q",300,0
-1.92866953648627,3.45290455734357,1.9739860430127,"high_t_low_q",300,0
2.29481646232307,1.64780612103641,1.97636279219296,"high_t_low_q",300,0
2.45180622115731,0.797221797984093,2.37315972801298,"high_t_low_q",300,0.00267143254604107
1.67975379340351,1.23132291482762,1.99546861811541,"high_t_low_q",300,0
-3.55579646490514,3.63537322846241,2.21419985406101,"high_t_low_q",300,0
-1.58458927460015,2.47635117266327,2.278438025387,"high_t_low_q",300,0
3.44966764748096,1.4371668046806,2.20459420583211,"high_t_low_q",300,0.000188964097930011
2.40542793832719,0.862033787416294,2.16413271205965,"high_t_low_q",300,0
2.83306045085192,1.88561697723344,2.00526653439738,"high_t_low_q",300,0
0.956265691667795,4.33510865550488,2.27612883783877,"high_t_low_q",300,0
2.75513684935868,0.506954087177292,2.48978425282985,"high_t_low_q",300,0.0294738479046117
2.20152166299522,4.64474880136549,2.29272038384806,"high_t_low_q",300,0
3.99116566777229,0.665904203196988,2.04255205055233,"high_t_low_q",300,3.76240352828461e-06
0.298594996333122,0.126814690884203,2.1497471089242,"high_t_low_q",300,0
-3.9432813283056,0.872608239296824,2.06238665909041,"high_t_low_q",300,0
-0.30271939188242,0.179081241367385,2.43386077694595,"high_t_low_q",300,0
1.34032727405429,3.18145084893331,2.26119503786322,"high_t_low_q",300,0
-0.520777912810445,3.80416350089945,2.32870884006843,"high_t_low_q",300,0
0.765117391943932,0.356904341606423,2.4759845045628,"high_t_low_q",300,0
3.36545366793871,1.96908247307874,2.19625388970599,"high_t_low_q",300,9.78191141562945e-05
0.750985454767942,2.45367324678227,2.39242592011578,"high_t_low_q",300,0
2.67915926128626,2.40612068446353,2.06355605914723,"high_t_low_q",300,0
1.96758984774351,0.795946444850415,2.11338484543376,"high_t_low_q",300,0
-0.794703301042318,3.75615502125584,2.16927044093609,"high_t_low_q",300,0
-2.13051749765873,4.43191095255315,2.41252459818497,"high_t_low_q",300,0
-1.71504283696413,0.3083846939262,2.19914074463304,"high_t_low_q",300,0
-0.825609762221575,0.674722430994734,2.47015700268093,"high_t_low_q",300,0
-0.2620206233114,4.32415257673711,2.17054047738202,"high_t_low_q",300,0
2.26860301196575,0.158956053201109,2.07016260188539,"high_t_low_q",300,0
1.54455653019249,0.946834543719888,2.18223491217941,"high_t_low_q",300,0
-0.413096500560641,3.51198067655787,1.90123709617183,"high_t_low_q",300,0
-0.351547211408615,3.53059720946476,2.3192432540236,"high_t_low_q",300,0
1.77430753596127,1.03092747740448,2.10581713239662,"high_t_low_q",300,0
1.94095346145332,4.27132075419649,2.39122173807118,"high_t_low_q",300,0
-2.01078309863806,4.68692071153782,2.38413854094688,"high_t_low_q",300,0
-1.00965795479715,4.58015738986433,2.46490989229642,"high_t_low_q",300,0
1.65106283128262,4.22549170907587,2.20773665118031,"high_t_low_q",300,0
2.22726433351636,2.2067207377404,2.1024235303048,"high_t_low_q",300,0
2.75032800808549,2.57622694480233,2.38240947015584,"high_t_low_q",300,0.00063293262762798
1.63559582456946,4.75686342688277,2.13698052277323,"high_t_low_q",300,0
-3.1884967777878,3.5925061267335,2.36266817839351,"high_t_low_q",300,0
-1.01317657344043,2.49321372830309,2.07357715989929,"high_t_low_q",300,0
-1.48833624087274,1.08278676052578,2.03883258276619,"high_t_low_q",300,0
3.86920556612313,2.67482610070147,2.44500429194886,"high_t_low_q",300,0.0112030743923306
-2.90609447844326,3.90215921215713,2.45061420137063,"high_t_low_q",300,0
-0.830888897180557,2.31068367720582,2.43457456643227,"high_t_low_q",300,0
0.269341686740518,4.61323032504879,2.26741406368092,"high_t_low_q",300,0
3.74651800096035,3.04783130413853,2.22789100313094,"high_t_low_q",300,0.000185382741987539
2.90408764779568,4.23343120492063,2.05307229305618,"high_t_low_q",300,0
-1.50597958639264,3.27914307708852,2.41830101353116,"high_t_low_q",300,0
1.24711806699634,4.5496521925088,1.98077454930171,"high_t_low_q",300,0
1.23538212664425,1.168510975549,2.2168705315562,"high_t_low_q",300,0
3.46937206573784,0.627560308203101,2.325150637771,"high_t_low_q",300,0.00366582048162023
-1.37072607316077,2.54971045069396,2.38330788619351,"high_t_low_q",300,0
-0.0551181230694056,0.895386107731611,1.9729856873164,"high_t_low_q",300,0
0.139927787706256,3.83362162974663,2.3635949799791,"high_t_low_q",300,0
1.23024385049939,3.85354789323173,2.10613316332456,"high_t_low_q",300,0
2.28468463197351,3.00250981235877,2.45100776373874,"high_t_low_q",300,0
-0.177576173096895,1.01649431162514,2.01732814544812,"high_t_low_q",300,0
3.49699429608881,3.82688305107877,2.45177963632159,"high_t_low_q",300,0.00394198546023716
0.554572563618422,2.95323106111027,2.08727574266959,"high_t_low_q",300,0
3.35975584201515,4.48490909184329,2.47407409129664,"high_t_low_q",300,0.00242840409549849
-1.47382305562496,3.81616925587878,2.14355610427447,"high_t_low_q",300,0
-0.341345777735114,0.960784038761631,2.40432670805603,"high_t_low_q",300,0
3.72159213386476,0.324580870801583,2.31613641721196,"high_t_low_q",300,0.0038949429047026
3.27771010063589,2.54431902430952,2.29910140682478,"high_t_low_q",300,0.000520176039374931
3.46025066263974,3.4847779199481,2.4074741138611,"high_t_low_q",300,0.00241886441589045
-1.25011098943651,0.827184657100588,2.12459647038486,"high_t_low_q",300,0
3.91153084486723,0.245115655707195,2.17324962723069,"high_t_low_q",300,0.000203104811074439
-1.26060069538653,0.0132606597617269,2.10434486391023,"high_t_low_q",300,0
2.0212442651391,2.28823040379211,2.02128748758696,"high_t_low_q",300,0
-0.656475599855185,1.81239885860123,2.46670228254516,"high_t_low_q",300,0
-2.35614148713648,3.84355093701743,1.90271632105578,"high_t_low_q",300,0
-1.83137317746878,0.70284046814777,1.92426470224746,"high_t_low_q",300,0
-0.376983623951674,3.85806857375428,2.29386554216035,"high_t_low_q",300,0
-0.287109477445483,4.50995477149263,2.20060120103881,"high_t_low_q",300,0
-0.549546536058187,1.05586494901218,2.06758573476691,"high_t_low_q",300,0
2.29036956094205,4.89584634779021,1.9519461505115,"high_t_low_q",300,0
3.76987263374031,3.58246948453598,2.33500716334675,"high_t_low_q",300,0.00124192556755354
-0.589375600218773,2.0923547912389,1.8788098404184,"high_t_low_q",300,0
1.60992522165179,0.253295880975202,2.10115171328653,"high_t_low_q",300,0
-3.0689205750823,3.83116113371216,2.09040956979152,"high_t_low_q",300,0
-2.14291390404105,0.861530459951609,2.20509354956448,"high_t_low_q",300,0
-0.873470917344093,3.49424200248905,2.46555162884761,"high_t_low_q",300,0
-1.72787782549858,4.059655679157,1.93884417472873,"high_t_low_q",300,0
-2.17274622991681,4.8963610897772,2.01237063040026,"high_t_low_q",300,0
3.61283373832703,2.18653919873759,2.37340779334772,"high_t_low_q",300,0.00385083001322606
-1.86451548524201,4.39298164565116,2.36984256247524,"high_t_low_q",300,0
-2.38130310550332,3.71146209072322,2.48611778835766,"high_t_low_q",300,0
0.634717183187604,2.45163472136483,2.46991399500985,"high_t_low_q",300,0
0.856367850676179,1.07324516866356,1.90053645288572,"high_t_low_q",300,0
-0.791387410834432,1.44550776458345,1.9972924265312,"high_t_low_q",300,0
2.51475682854652,0.63581662834622,2.3963323055068,"high_t_low_q",300,0.0056340299723967
-2.50610867701471,4.81234269100241,1.9075799966231,"high_t_low_q",300,0
-2.58750002272427,0.0854835379868746,2.47575783054344,"high_t_low_q",300,0
1.63897373341024,4.28100185235962,2.37845654366538,"high_t_low_q",300,0
3.24292261898518,2.42788784671575,2.41252203646582,"high_t_low_q",300,0.00361724288105236
-3.47246018052101,3.80375395761803,2.19370517123025,"high_t_low_q",300,0
1.96766187623143,2.53749515977688,2.24806104612071,"high_t_low_q",300,0
1.50608850643039,0.844209518982098,1.98355395172257,"high_t_low_q",300,0
-3.50401945225894,1.65693826274946,2.29718299815431,"high_t_low_q",300,0
-1.07513764500618,0.653529237024486,2.08045358362142,"high_t_low_q",300,0
-1.72279697656631,0.454646814614534,2.23521638137754,"high_t_low_q",300,0
-3.25505210086703,0.583713623927906,2.12508391472511,"high_t_low_q",300,0
-1.99980458430946,15.5138326401357,0.118008040008135,"interior_stable",400,0
-1.70838894508779,18.5305830731522,0.359115648316219,"interior_stable",400,0
1.68907203897834,8.91566419159062,1.10328320239205,"interior_stable",400,0
1.40109744668007,9.06555813271552,0.594019026611932,"interior_stable",400,0
-3.69253716804087,17.3028711171355,1.03652477439027,"interior_stable",400,0
-1.32916586659849,15.6305657175835,0.446838363423012,"interior_stable",400,0
-0.0710229333490133,17.5785448867828,0.0738414021907374,"interior_stable",400,0
-0.179251555353403,14.806154865073,0.533831712091342,"interior_stable",400,0
0.350364878773689,14.2515009269118,0.725499110412784,"interior_stable",400,0
-2.39537897333503,13.2509325805586,0.852723225834779,"interior_stable",400,0
0.650637628510594,14.7751397744287,0.375163764110766,"interior_stable",400,0
-2.46482007391751,17.2496210841928,1.16143657884095,"interior_stable",400,0
3.02060644887388,23.9956993958913,0.734190851217136,"interior_stable",400,0
0.733019167557359,22.7586027409416,1.05493355018552,"interior_stable",400,0
-1.67458674497902,16.4918969909195,0.637939200969413,"interior_stable",400,0
-1.02493355423212,20.3838627436198,0.0413568445947021,"interior_stable",400,0
1.12004789710045,14.3492899776902,0.975701991119422,"interior_stable",400,0
1.22214458324015,15.479756926652,1.22975688369479,"interior_stable",400,0
-2.78329600021243,14.9023965059314,0.292070120340213,"interior_stable",400,0
1.77215578779578,13.1605304370169,1.18249941791873,"interior_stable",400,0
-3.93525613844395,13.2589458720759,0.268928255536593,"interior_stable",400,0
1.24400766566396,20.6903515441809,0.0176968885352835,"interior_stable",400,0
3.57382314279675,23.2090368459467,0.844727761577815,"interior_stable",400,0
-0.368251016363502,21.7100776557345,0.0852037552976981,"interior_stable",400,0
-3.68555254675448,11.8734248972032,1.16320367495064,"interior_stable",400,0
3.92931784689426,11.2207204278093,0.876067447243258,"interior_stable",400,0
-2.78053914569318,21.9399382651318,1.04478707944509,"interior_stable",400,0
-1.11661457084119,15.2468228596263,0.0470254378160462,"interior_stable",400,0
1.64317670091987,9.50490706600249,0.0629223691066727,"interior_stable",400,0
-0.634726949036121,11.2834888219368,0.163633649353869,"interior_stable",400,0
1.62746796943247,19.3563719105441,0.0430129369487986,"interior_stable",400,0
-3.24808088317513,9.20006539672613,0.834411004907452,"interior_stable",400,0
-3.33686964772642,19.560610660119,1.14413940173108,"interior_stable",400,0
-1.47450962476432,14.6026982751209,0.192428342998028,"interior_stable",400,0
0.308516627177596,20.3229699865915,0.504644127795473,"interior_stable",400,0
-1.77435787767172,17.1201944060158,0.592393843689933,"interior_stable",400,0
2.08173253014684,13.1802623625845,0.228993635973893,"interior_stable",400,0
-2.35435056500137,23.5525028372649,1.0538068797905,"interior_stable",400,0
-1.3720417805016,21.7505305190571,0.843566862749867,"interior_stable",400,0
-3.14452175609767,9.73496161750518,0.202941598254256,"interior_stable",400,0
-1.45252134464681,13.7970460171346,0.255102845840156,"interior_stable",400,0
-3.76820160262287,23.3128924272023,0.11879492085427,"interior_stable",400,0
-0.49506681971252,9.01873160037212,0.953548297984526,"interior_stable",400,0
0.42968681640923,9.80959021253511,0.195667647640221,"interior_stable",400,0
3.95950883068144,21.1067576194182,0.728740621125326,"interior_stable",400,0
-0.138514749705791,10.2570991613902,0.770669371122494,"interior_stable",400,0
0.459613429382443,9.48920311057009,1.04708350729197,"interior_stable",400,0
3.27020863257349,23.5648384608794,1.16419265919831,"interior_stable",400,0
-3.77662378922105,17.1201382880099,1.00294756528456,"interior_stable",400,0
-0.663170874118805,13.0313799716532,0.35066043259576,"interior_stable",400,0
3.84552172757685,19.4394437305164,0.586364010814577,"interior_stable",400,0
0.151833077892661,15.8502514299471,0.72837085230276,"interior_stable",400,0
-2.48323506116867,9.91001555812545,0.930060741957277,"interior_stable",400,0
0.78824364207685,21.4063356688712,0.0994903442915529,"interior_stable",400,0
-3.98810196854174,21.2977662333287,0.211060596047901,"interior_stable",400,0
-1.07973168417811,20.9042876726016,0.442459372570738,"interior_stable",400,0
1.08516754768789,13.2591830391902,0.983214033185504,"interior_stable",400,0
2.66500850394368,24.7924333321862,1.10744424397126,"interior_stable",400,0
2.89117734134197,14.0555412974209,0.439662785502151,"interior_stable",400,0
0.114251043647528,18.1411843223032,1.04287472669967,"interior_stable",400,0
-3.33171256631613,14.8834074556362,0.89422745979391,"interior_stable",400,0
1.0531562641263,23.3366612228565,1.0123222542461,"interior_stable",400,0
-3.3577146101743,11.6993062198162,1.1922245437745,"interior_stable",400,0
-0.658315228298306,14.6141744335182,1.14324149442837,"interior_stable",400,0
3.88723614253104,15.3153834340628,1.23083877493627,"interior_stable",400,0
-2.56560263037682,14.1161575331353,0.27050034084823,"interior_stable",400,0
-3.35791412740946,20.2583502628841,0.685174247482792,"interior_stable",400,0
1.71502224169672,13.5649453091901,0.0862657133257017,"interior_stable",400,0
-1.69975374080241,18.4252352861222,0.671602544025518,"interior_stable",400,0
1.47037240490317,22.5193462043535,0.620890622376464,"interior_stable",400,0
1.3269151058048,24.4541783002205,0.703896169434302,"interior_stable",400,0
1.4869465008378,13.7991263822187,0.243071868317202,"interior_stable",400,0
-1.68134479783475,22.7343425038271,0.146719627664424,"interior_stable",400,0
-0.386718183755875,15.4688101843931,0.640531495446339,"interior_stable",400,0
-1.2166164573282,12.7780305570923,1.0315091710072,"interior_stable",400,0
-3.64212460443377,12.7347814966924,0.731061098049395,"interior_stable",400,0
0.223748562857509,11.9618274038658,0.813234852976166,"interior_stable",400,0
-0.121586749330163,9.86796660581604,0.394427076680586,"interior_stable",400,0
-0.062257619574666,18.0411758075934,0.57514913554769,"interior_stable",400,0
3.20857027359307,18.7703274365049,1.20522952114698,"interior_stable",400,0
3.11246299929917,22.6357573585119,1.08836693456396,"interior_stable",400,0
1.63298299349844,13.8639627897646,0.151489654090255,"interior_stable",400,0
3.53327260538936,22.0059122191742,1.14157242293004,"interior_stable",400,0
-1.60206112451851,11.7049059714191,0.248490260564722,"interior_stable",400,0
0.632541790604591,17.4345895764418,0.742377755232155,"interior_stable",400,0
-1.84592564962804,22.566068690503,0.901988826226443,"interior_stable",400,0
2.90118045918643,17.4055174167734,1.1096238961909,"interior_stable",400,0
-3.62257711775601,12.2357908985578,1.08736573834904,"interior_stable",400,0
1.41084426827729,22.0493707282003,0.0209227640880272,"interior_stable",400,0
3.71519997343421,12.9181132244412,0.0495778192998841,"interior_stable",400,0
2.35730146802962,8.99875669274479,1.22263106168248,"interior_stable",400,0
-1.12647828273475,8.96675072144717,0.974088778602891,"interior_stable",400,0
-2.33419713005424,13.7286151351873,0.443454281776212,"interior_stable",400,0
-3.68050388805568,20.0579986558296,0.978508435073309,"interior_stable",400,0
1.81138439103961,22.2267404140439,1.24260487558786,"interior_stable",400,0
0.887819591909647,19.7930967784487,0.19665413768962,"interior_stable",400,0
-0.648864904418588,10.126031760592,0.438383658183739,"interior_stable",400,0
3.06928552873433,15.3913090645801,0.0425457494566217,"interior_stable",400,0
2.82660633511841,21.9810494279955,0.670026376610622,"interior_stable",400,0
-2.45836494676769,13.1428388238419,1.15275183692575,"interior_stable",400,0
-1.19156650453806,18.7994445033837,0.341036398895085,"interior_stable",400,0
-2.55378538183868,16.1144697922282,0.230542373028584,"interior_stable",400,0
-2.11349354684353,20.264787808992,0.18562764977105,"interior_stable",400,0
-1.27999733947217,17.255508271046,1.18868996680249,"interior_stable",400,0
-0.617460556328297,18.2792532374151,0.30141768977046,"interior_stable",400,0
-2.92579909786582,14.8467011225875,0.698101570014842,"interior_stable",400,0
1.06773432716727,24.5190042303875,0.0818192411679775,"interior_stable",400,0
-1.6575389765203,14.7320852789562,0.392672746675089,"interior_stable",400,0
-3.11169997602701,23.0874544708058,0.674458622233942,"interior_stable",400,0
1.02984975464642,23.8061981159262,0.978426786023192,"interior_stable",400,0
0.702630305662751,18.9090022468008,0.906047485768795,"interior_stable",400,0
1.28568959981203,17.4299563572276,0.793472325894982,"interior_stable",400,0
-2.73683515563607,12.1278009144589,0.542598617612384,"interior_stable",400,0
-2.92281925678253,19.2623432725668,0.318448268226348,"interior_stable",400,0
0.766294151544571,18.7749056960456,0.951339001767337,"interior_stable",400,0
-0.515378026291728,19.3261257372797,1.07786951062735,"interior_stable",400,0
0.577549112960696,22.3099637776613,0.484645068063401,"interior_stable",400,0
0.584202555939555,8.99007793632336,1.02295224263798,"interior_stable",400,0
-2.4779099188745,22.5287180102896,0.645686645875685,"interior_stable",400,0
-2.18876232393086,19.6165064757224,0.250293911667541,"interior_stable",400,0
-2.11776661127806,17.4493989848997,1.0262951022014,"interior_stable",400,0
-2.1926920954138,11.1483335844241,0.550775062292814,"interior_stable",400,0
0.987282691523433,12.9784699471202,1.06226727482863,"interior_stable",400,0
-2.57860779203475,16.5653133008163,0.499092944082804,"interior_stable",400,0
0.61774530634284,19.6340355905704,1.07170369068626,"interior_stable",400,0
2.6985272038728,21.2603604770266,1.16184811049607,"interior_stable",400,0
2.53910309635103,14.8313861514907,0.0430822459748015,"interior_stable",400,0
-3.22427897900343,15.2506468875799,0.03830467001535,"interior_stable",400,0
2.5452105216682,10.8878158731386,0.71574759320356,"interior_stable",400,0
-2.03428952023387,24.8369567794725,0.527459087315947,"interior_stable",400,0
1.79965885542333,24.4770083576441,0.780323855578899,"interior_stable",400,0
-0.768159868195653,16.0976033424959,0.250741935451515,"interior_stable",400,0
0.0231506396085024,22.0836889231578,1.18288382363971,"interior_stable",400,0
2.5738625228405,22.889924258925,0.972649459727108,"interior_stable",400,0
-3.61871446669102,13.0455876467749,0.149056759546511,"interior_stable",400,0
1.6150037124753,18.032616423443,0.712342824554071,"interior_stable",400,0
-2.22012698277831,11.4950952876825,0.263087766361423,"interior_stable",400,0
3.0070078112185,22.4246091442183,0.109734164434485,"interior_stable",400,0
-0.592725306749344,24.040392000461,0.2620975964237,"interior_stable",400,0
-1.13362135179341,11.5409208112396,1.10165689955465,"interior_stable",400,0
0.65738520026207,23.5260295507032,0.926028974354267,"interior_stable",400,0
3.51718853786588,11.4980619808193,0.951442605582997,"interior_stable",400,0
1.70714959688485,21.6480372822843,0.641189130838029,"interior_stable",400,0
-1.47385297715664,20.2036966686137,1.18212116882205,"interior_stable",400,0
-3.24501834623516,9.67664641793817,0.626607144949958,"interior_stable",400,0
0.287413174286485,13.2903737947345,1.17832014861051,"interior_stable",400,0
-3.67183201014996,22.7729138394352,0.756811070605181,"interior_stable",400,0
-1.28604993224144,8.77682746504433,0.516779830795713,"interior_stable",400,0
0.119173863902688,23.210111114895,1.00419075926766,"interior_stable",400,0
-0.654197948053479,21.7439040658064,0.10971154901199,"interior_stable",400,0
0.00942972488701344,22.9437164613046,1.38362293946557,"transition",400,0
2.44680664874613,8.09936759760603,0.460767460172065,"transition",400,0
-0.493771901354194,6.58537707640789,1.64235985605046,"transition",400,0
-1.53178366646171,7.11646233685315,1.54235009802505,"transition",400,0
1.45202081091702,17.6460218499415,1.82934834330808,"transition",400,0
-2.63294154033065,24.9704494955949,1.2895129644312,"transition",400,0
3.30684299208224,8.43652444891632,0.139173225616105,"transition",400,0
2.90255982615054,21.6877309780102,1.74002239888068,"transition",400,0
2.40570879168808,7.38644902012311,0.801900581573136,"transition",400,0
0.341761654242873,13.981614774093,1.39528014697134,"transition",400,0
-1.12544240429997,15.9026015317068,1.27521227987017,"transition",400,0
1.8122841604054,17.5706288602669,1.33715146686882,"transition",400,0
1.2686864733696,10.0830020208377,1.39279591792729,"transition",400,0
2.90308611653745,6.26375271822326,1.09061477240175,"transition",400,0
0.61958185583353,5.26184120681137,0.511673984001391,"transition",400,0
-2.5772221814841,5.8223346946761,0.262474237242714,"transition",400,0
0.797715682536364,17.2226324561052,1.65581302484497,"transition",400,0
3.92144150473177,6.98272697627544,0.27562324074097,"transition",400,0
-2.55086067132652,14.6266121824738,1.47892335953657,"transition",400,0
1.38012732192874,11.0965141328052,1.32203888439108,"transition",400,0
-3.27603622898459,22.8034672909416,1.58873292326462,"transition",400,0
1.53649062477052,7.32166941161267,1.21693922905251,"transition",400,0
-1.19802897423506,24.6216491388623,1.31494095083326,"transition",400,0
2.04619137383997,23.3231593214441,1.62509304238483,"transition",400,0
3.46599983982742,8.49739516270347,0.0924483960261568,"transition",400,0
3.97822779975832,5.80040462082252,0.416859510005452,"transition",400,0
2.37007995136082,5.52977451588959,0.0230135704623535,"transition",400,0
-0.289558682590723,17.8158877533861,1.64051992818713,"transition",400,0
3.68555969558656,11.8057941144798,1.27521272632293,"transition",400,0
2.4075007326901,11.1613474378828,1.67942595726345,"transition",400,0
3.13395697064698,7.19859890523367,0.373387389117852,"transition",400,0
-3.6040356438607,21.8686860753223,1.63473057094961,"transition",400,0
3.63249830715358,6.30017808289267,1.30166689516045,"transition",400,0
-2.63707419671118,7.53372317994945,0.712980722892098,"transition",400,0
-0.113507404923439,6.24793478637002,0.403057933435775,"transition",400,0
-0.996085280552506,21.8019642867148,1.45537979027722,"transition",400,0
-2.31489008106291,10.4607161541935,1.4315474772593,"transition",400,0
3.83708597533405,7.51266267034225,0.149177323910408,"transition",400,0
3.11556438356638,24.62422484532,1.71489154570736,"transition",400,0
1.35966950282454,6.92344990675338,0.17370987101458,"transition",400,0
-1.60427988506854,8.58233888284303,0.989466398023069,"transition",400,0
-2.09024325013161,17.1435576339718,1.30756886559539,"transition",400,0
-1.59488212503493,11.4785501966253,1.70914881397039,"transition",400,0
-3.11420476995409,6.70890007168055,1.63085502455942,"transition",400,0
1.94322571903467,5.16246678307652,1.61477641959209,"transition",400,0
0.210151391103864,21.9117303786334,1.39047978736926,"transition",400,0
0.21024932526052,18.7932950328104,1.70510021678638,"transition",400,0
0.439112436026335,20.6198135390878,1.45028243481647,"transition",400,0
0.380483377724886,23.8755964732263,1.4836574770743,"transition",400,0
0.410531558096409,22.739307244774,1.31775225454476,"transition",400,0
2.26541700959206,6.69556462089531,0.47664672776591,"transition",400,0
1.5593233704567,6.61534237442538,1.85509532631841,"transition",400,0
2.41106396727264,6.05922376853414,0.133920341031626,"transition",400,0
0.620377749204636,5.58625048142858,0.808586814673617,"transition",400,0
3.22280298732221,5.01119968248531,1.29942359693814,"transition",400,0
0.349055703729391,7.4239625246264,1.04276491911151,"transition",400,0
0.765894412994385,23.8866598752793,1.5084868617123,"transition",400,0
3.19591444171965,8.88789976597764,1.80660737212747,"transition",400,0
-3.89849876984954,7.16405980056152,0.0593430374283344,"transition",400,0
-2.90885285288095,16.0990609787405,1.73813013301697,"transition",400,0
0.360542599111795,21.2464478798211,1.79232206894085,"transition",400,0
-1.54973270185292,12.8251647634897,1.52757177711464,"transition",400,0
-2.68128434754908,20.5192189605441,1.34626814047806,"transition",400,0
-1.35158798284829,10.3706582740415,1.54243268596474,"transition",400,0
-3.070765260607,22.841613664059,1.38988283579238,"transition",400,0
-0.975912919268012,11.7109441081993,1.44225930620451,"transition",400,0
-2.368492718786,24.3953631259501,1.51965719938744,"transition",400,0
0.0926920380443335,9.60625465377234,1.37472142348997,"transition",400,0
0.388704398646951,20.6742763228249,1.37955513899215,"transition",400,0
-2.17456644773483,6.51980352122337,0.897689228877425,"transition",400,0
-2.80116970837116,10.2240139560308,1.67940279527102,"transition",400,0
1.49633538909256,8.45083689200692,1.37527246959507,"transition",400,0
2.58482171036303,22.2854885098059,1.26085150463041,"transition",400,0
1.32198632135987,7.81097001745366,0.924936120864004,"transition",400,0
-2.37776537053287,5.78035341459326,0.903214356512763,"transition",400,0
-2.03681519441307,7.57888888474554,1.71616293489933,"transition",400,0
3.39730938896537,17.048336728476,1.28908379585482,"transition",400,0
0.25799204222858,13.401361630531,1.33389169641305,"transition",400,0
-0.833995632827282,11.08253824641,1.35230548796244,"transition",400,0
-0.698442000895739,12.6686466799583,1.7147157038562,"transition",400,0
1.63609975576401,13.6525905167218,1.50887183262967,"transition",400,0
2.25696210190654,7.85529518034309,1.37352569261566,"transition",400,0
-0.490359175950289,18.6605100287125,1.87341546348762,"transition",400,0
-1.68977514281869,9.15371217997745,1.39060079061892,"transition",400,0
-0.338103070855141,22.4164741521236,1.51302031881642,"transition",400,0
-2.92905940115452,23.9430117886513,1.65847138676327,"transition",400,0
-1.35089555196464,14.2733520711772,1.83833617309574,"transition",400,0
1.84169093333185,6.68790003983304,1.24747130787,"transition",400,0
-2.19704644940794,5.61952401185408,0.184322205022909,"transition",400,0
2.32479994371533,8.0716545751784,0.133800291223451,"transition",400,0
-0.51902624592185,23.4247369109653,1.25438883434981,"transition",400,0
-1.44567520730197,17.3880234535318,1.34645760932472,"transition",400,0
3.64076961949468,23.0933322105557,1.85298846045043,"transition",400,0
0.308567637577653,12.3621299746446,1.49747301300522,"transition",400,0
0.234416000545025,17.3906197363976,1.71910532691982,"transition",400,0
2.20793874375522,18.7449863413349,1.80687939864583,"transition",400,0
-2.89725973457098,6.9856662012171,1.03420113096945,"transition",400,0
0.314222050830722,8.61862146412022,0.68454792490229,"transition",400,0
-1.37625037878752,10.5715262237936,1.53487540374044,"transition",400,0
-2.25549298338592,8.52683619013987,1.11924435419496,"transition",400,0
-3.25061716325581,10.7165776833426,1.30774062825367,"transition",400,0
3.38768248818815,13.9232562622055,1.66866828862112,"transition",400,0
-2.30944138206542,22.1300892357249,1.78145431680605,"transition",400,0
-2.88917366974056,14.7623130760621,1.81344939395785,"transition",400,0
2.43325938470662,5.92777015990578,0.965238699573092,"transition",400,0
3.90333102270961,22.2346401074901,1.51367054320872,"transition",400,0
0.851275991648436,21.2633722752798,1.69461116835009,"transition",400,0
2.3829411547631,8.82445682073012,1.83332376589533,"transition",400,0
-3.66093152761459,7.5757930171676,1.17749303404707,"transition",400,0
-0.192631382495165,7.63570602284744,0.631607361137867,"transition",400,0
-0.277733311057091,6.68537173769437,0.201909714960493,"transition",400,0
-0.45940762385726,10.9089377045166,1.61849353811704,"transition",400,0
1.27464395388961,5.50878832582384,0.187911623506807,"transition",400,0
1.45227329432964,6.61678977776319,0.0826261838665232,"transition",400,0
2.51954176276922,7.44917938718572,1.16573704057373,"transition",400,0
0.785878738388419,21.0428697988391,1.7644219181966,"transition",400,0
3.33311825245619,8.44026963459328,0.0691236229613423,"transition",400,0
-0.556776506826282,18.7032574554905,1.74365977582056,"transition",400,0
2.30073447525501,6.65290791075677,0.962796476087533,"transition",400,0
-2.54539252072573,16.9616416562349,1.65106567437761,"transition",400,0
1.21224486269057,6.10947716631927,0.563840242102742,"transition",400,0
0.0581071563065052,13.7242520228028,1.67257737892214,"transition",400,0
3.97912135720253,8.05652848212048,0.319675568607636,"transition",400,0
3.61511991173029,7.44728666031733,1.77654311119113,"transition",400,0
-1.83736688829958,21.4859021245502,1.66146156087052,"transition",400,0
-2.97923832572997,8.17565291072242,0.72028407768812,"transition",400,0
2.41760358028114,11.7479953099973,1.58392146870028,"transition",400,0
3.09505279548466,6.60625933669508,1.09256865165662,"transition",400,0
2.58614132739604,8.29835287295282,0.918794730678201,"transition",400,0
-1.87141332775354,6.99568649870344,1.64652544073761,"transition",400,0
-1.64077336527407,19.7825227689464,1.33127059321851,"transition",400,0
3.37777565419674,7.14203037787229,0.554502435261384,"transition",400,0
2.57467221841216,19.595420639962,1.62431051023304,"transition",400,0
-1.33294967748225,15.5992611660622,1.4417725946987,"transition",400,0
1.10934200324118,14.2108852043748,1.48368780734017,"transition",400,0
-0.40920871309936,7.367922749836,1.29955729120411,"transition",400,0
1.31971803680062,20.0398030341603,1.79823299695272,"transition",400,0
-1.10627293586731,6.61871709162369,1.14515512657817,"transition",400,0
3.56471985951066,8.26295971637592,1.82932515745051,"transition",400,0
2.38796056993306,24.3818776332773,1.47511928924359,"transition",400,0
0.942771539092064,5.32421307871118,1.8690660118591,"transition",400,0
0.589932452887297,20.700636174297,1.54311621154193,"transition",400,0
3.97309253923595,18.038398277713,1.85564941319171,"transition",400,0
-1.78470035642385,10.8769555750769,1.8382122926414,"transition",400,0
3.10700634121895,12.5051544688176,1.59097576106433,"transition",400,0
0.506177550181746,10.8591881580651,1.53645976446569,"transition",400,0
2.32127710431814,8.14739844645374,1.00327827967703,"transition",400,0
1.23974472098053,19.5714265108109,1.34653493645601,"transition",400,0
0.112610971555114,14.1197030781768,1.4026216568891,"transition",400,0
0.155595406889915,6.76279583130963,1.07885716366582,"transition",400,0
-1.03658712096512,4.73577518132515,1.07488322712015,"low_separation",400,0
-1.4525399915874,1.82933732867241,0.574363872292452,"low_separation",400,0
0.755985958501697,2.80424771481194,1.50883082300425,"low_separation",400,0
-2.38448545709252,2.73226628778502,0.486672898405232,"low_separation",400,0
2.43584680557251,4.34857831569389,1.65112830465659,"low_separation",400,0
-0.194541826844215,3.2776367617771,0.347204242716543,"low_separation",400,0
-1.18951807171106,1.76197749678977,1.47657790279482,"low_separation",400,0
1.16031190566719,3.44878601608798,1.81641814589966,"low_separation",400,0
-3.37923984229565,3.29647872713394,1.83464869041927,"low_separation",400,0
-3.1544433105737,1.81954298750497,0.381034978781827,"low_separation",400,0
0.79030099324882,4.87957185250707,0.360503461561166,"low_separation",400,0
-3.5907924734056,3.09384018182755,1.03084170317743,"low_separation",400,0
1.20242422260344,1.72095111338422,1.61958901735488,"low_separation",400,0
-1.89991171099246,1.02175463689491,0.557025261223316,"low_separation",400,0
2.51389819197357,0.630190747324377,1.22155593708158,"low_separation",400,0
0.497770462185144,1.63475058507174,0.711541527416557,"low_separation",400,0
0.132033718749881,3.58919400605373,0.353307354380377,"low_separation",400,0
2.17604279331863,0.549202138790861,0.859850493725389,"low_separation",400,0
0.149000270292163,2.34272205270827,0.997176698874682,"low_separation",400,0
-0.0747901052236557,1.67545713484287,0.262977320235223,"low_separation",400,0
-0.239715276286006,2.27327537722886,1.72980633040424,"low_separation",400,0
-2.06969781406224,3.60617744736373,0.34753984073177,"low_separation",400,0
-0.123107435181737,3.47333620302379,0.318203795468435,"low_separation",400,0
1.65520321950316,4.8157398996409,0.113313994952478,"low_separation",400,0
-0.793403616175056,3.9699531684164,1.17641259741504,"low_separation",400,0
1.59796388633549,0.17776534659788,1.35837743000593,"low_separation",400,0
-1.22727632150054,3.13154769828543,0.862589756725356,"low_separation",400,0
-2.82883774675429,4.95450021699071,0.502874844241887,"low_separation",400,0
1.01901876740158,4.69316312228329,1.51549633708782,"low_separation",400,0
-0.540919007733464,0.314046599669382,1.79548721935134,"low_separation",400,0
-3.01920295506716,4.73135869833641,1.08498736342881,"low_separation",400,0
0.815146263688803,1.19047779589891,1.71622599416878,"low_separation",400,0
-2.39274570718408,3.77841722802259,0.217662319773808,"low_separation",400,0
1.83982807025313,3.00062573514879,0.120121188811027,"low_separation",400,0
-1.36690649949014,3.68864292977378,1.28733240300789,"low_separation",400,0
2.74328952282667,2.33235004125163,0.599416936165653,"low_separation",400,0
-0.155190926045179,1.82562999543734,1.00285226129927,"low_separation",400,0
-1.5378967281431,2.16541227418929,0.322302016429603,"low_separation",400,0
1.41181722469628,0.858928938396275,0.0376792415045202,"low_separation",400,0
0.835280919447541,3.7421457527671,1.13434946455527,"low_separation",400,0
-3.92715012468398,2.02595070004463,0.674985517980531,"low_separation",400,0
-3.93028567545116,2.77209865162149,0.852414420805871,"low_separation",400,0
-1.22638323158026,3.94054718199186,1.54920740169473,"low_separation",400,0
-1.87020196020603,3.05752154672518,0.509318389813416,"low_separation",400,0
-3.9370279405266,0.862564094131812,0.998893740470521,"low_separation",400,0
-2.58679756708443,4.19761409284547,1.59808721218724,"low_separation",400,0
-0.970450766384602,2.56859125220217,0.907715108478442,"low_separation",400,0
1.92491590231657,3.6533851060085,1.20194315037224,"low_separation",400,0
1.3141187466681,2.86130640888587,0.623169526807033,"low_separation",400,0
1.4591852389276,2.14888647315092,1.77179973514285,"low_separation",400,0
1.71090919524431,0.0359259429387748,0.665400425787084,"low_separation",400,0
2.64558806084096,2.22105164430104,1.67794841108844,"low_separation",400,0
-2.92997016385198,0.313479139003903,0.137414984055795,"low_separation",400,0
-1.10419331304729,2.96534827793948,1.1983511724975,"low_separation",400,0
-0.147551856935024,4.08105658134446,1.74661452241708,"low_separation",400,0
-3.24919239990413,2.07167800399475,0.619754054932855,"low_separation",400,0
2.61051642335951,3.06594973080792,0.343270926969126,"low_separation",400,0
-3.34849371388555,1.2390969437547,0.912929403712042,"low_separation",400,0
3.33299531042576,0.311293551931158,0.843664762214758,"low_separation",400,0
-0.194984272122383,4.97745514148846,0.577304433099926,"low_separation",400,0
0.827067706733942,2.78976177796721,0.309125830535777,"low_separation",400,0
-2.44790214672685,0.487245986005291,0.566470741177909,"low_separation",400,0
1.71071894839406,4.51700325356796,1.0532966023311,"low_separation",400,0
0.360393105074763,1.24662477755919,0.725739666377194,"low_separation",400,0
2.45084154605865,4.18503145920113,1.28595066722482,"low_separation",400,0
-2.95303232781589,3.53801953606308,0.107476356206462,"low_separation",400,0
2.58307622745633,4.95261673349887,0.919671237352304,"low_separation",400,0
-0.0904083121567965,0.712330726673827,1.74099291616585,"low_separation",400,0
0.716556321829557,0.67288454156369,0.760548177058809,"low_separation",400,0
-0.0790801756083965,0.808418117230758,1.26122946443502,"low_separation",400,0
-1.37924708984792,2.00890881242231,1.71439280908089,"low_separation",400,0
3.96421197988093,4.18708506622352,1.04192322061863,"low_separation",400,0
-1.45620534941554,4.91080440115184,0.8255274646217,"low_separation",400,0
3.57892690598965,2.51676882035099,0.0787575705908239,"low_separation",400,0
2.40926050581038,0.204054301138967,0.355774866766296,"low_separation",400,0
-2.31869408302009,2.07860308582895,0.613867475185543,"low_separation",400,0
3.54273921065032,2.40983401308767,1.01461726240814,"low_separation",400,0
1.80242418684065,3.49109992384911,1.32036066788714,"low_separation",400,0
-0.623286129906774,2.49214883660898,1.411053086631,"low_separation",400,0
-1.29790352284908,0.35344084026292,1.5748113807058,"low_separation",400,0
-3.48020161502063,4.84036097768694,0.140950100612827,"low_separation",400,0
-0.0952104516327381,3.27963962336071,1.14148638676852,"low_separation",400,0
-0.453696757555008,4.06829888815992,0.153150237747468,"low_separation",400,0
1.44534804485738,0.0822726637125015,1.6272661741823,"low_separation",400,0
2.20437727868557,1.94893748266622,0.808873879141174,"low_separation",400,0
-1.43339169025421,2.98189569730312,1.55278258956969,"low_separation",400,0
0.617822902277112,3.67399004171602,1.52633454301395,"low_separation",400,0
0.0288116112351418,0.470532587496564,1.59664879669435,"low_separation",400,0
0.620872305706143,4.48172178585082,1.49333104607649,"low_separation",400,0
-3.25636192597449,2.97029314097017,0.94579057302326,"low_separation",400,0
3.20962744019926,4.05429925303906,0.545272309100255,"low_separation",400,0
-2.77826696448028,1.8157901999075,0.50218052638229,"low_separation",400,0
-0.599364254623652,4.52895383350551,1.23657486925367,"low_separation",400,0
-2.83463666029274,0.845125498017296,1.39742986648344,"low_separation",400,0
0.737379129976034,4.90575827425346,0.701530243968591,"low_separation",400,0
0.972124731168151,0.865178211824968,0.143245976651087,"low_separation",400,0
-3.71526376157999,3.03493246319704,1.44104925333522,"low_separation",400,0
2.71576595306396,2.10345426457934,1.09774017357267,"low_separation",400,0
-3.57212997600436,0.29663682798855,0.508161666803062,"low_separation",400,0
-1.26813707686961,2.34579598763958,0.0676886376459152,"low_separation",400,0
3.29428885504603,1.64173361845315,1.44643987820018,"low_separation",400,0
2.80019468069077,0.416242278879508,1.02214167884085,"low_separation",400,0
1.8598547168076,3.62507057725452,0.153407856705599,"low_separation",400,0
2.635741841048,0.517188338562846,1.31836219865363,"low_separation",400,0
1.89966171234846,1.04170088307001,1.40335146221332,"low_separation",400,0
2.60380914993584,3.69855301687494,0.765510424971581,"low_separation",400,0
1.41770455799997,0.0972011592239141,0.548529943916947,"low_separation",400,0
1.53840621560812,2.16876184567809,1.08778042485937,"low_separation",400,0
3.17451793514192,3.10328790219501,1.5330781810917,"low_separation",400,0
-1.21351429261267,4.40686567453668,0.070525161572732,"low_separation",400,0
3.70924296043813,1.29410546505824,0.810306191560812,"low_separation",400,0
-0.38535294495523,2.86170383333229,0.00126225408166647,"low_separation",400,0
0.822406684979796,2.64445481589064,1.49315339804161,"low_separation",400,0
-3.11958486400545,2.62885856209323,1.5466096997261,"low_separation",400,0
1.67330279201269,1.80459796683863,1.00550916686188,"low_separation",400,0
-0.744331086054444,1.3139623508323,0.086348126642406,"low_separation",400,0
2.5144248586148,2.70834649563767,0.988123262068257,"low_separation",400,0
-2.21709553711116,3.7074614490848,0.139416349702515,"low_separation",400,0
0.606855684891343,4.77517709950916,1.0826609324431,"low_separation",400,0
1.63230955973268,1.31374785560183,0.239685265114531,"low_separation",400,0
0.810759445652366,4.90783879649825,1.57316637632903,"low_separation",400,0
2.86015788279474,3.64477309049107,0.3439887217246,"low_separation",400,0
2.52056081779301,3.29091768944636,1.5674274234334,"low_separation",400,0
-2.71791791543365,1.15081553230993,0.0928604661021382,"low_separation",400,0
3.19619046710432,4.22377026989125,0.658219265751541,"low_separation",400,0
0.627901488915086,3.58345271088183,0.276520186453126,"low_separation",400,0
0.722833964973688,2.89628084865399,0.211277474300005,"low_separation",400,0
-0.619671758264303,1.5145001350902,0.148758242721669,"low_separation",400,0
1.52018789388239,2.51639352645725,1.70051369990688,"low_separation",400,0
-2.12707196362317,2.56898193038069,1.78153795248363,"low_separation",400,0
1.41177355125546,2.66401857952587,0.582529639359564,"low_separation",400,0
-1.62633664160967,4.74135384429246,1.66891823406331,"low_separation",400,0
0.428625356405973,2.22173749934882,0.559321751934476,"low_separation",400,0
-3.10241706296802,3.09801889816299,0.0674758508102968,"low_separation",400,0
-1.0003332644701,1.78087871754542,1.57769536308479,"low_separation",400,0
-1.6871364377439,0.883467722451314,0.345362147199921,"low_separation",400,0
-1.7140054423362,3.96144441911019,0.338129192823544,"low_separation",400,0
3.30871099047363,4.88330166554078,1.15735880739521,"low_separation",400,0
-2.62598653323948,2.91303758858703,0.153524557244964,"low_separation",400,0
-2.91714596003294,1.49547199835069,1.71434950141702,"low_separation",400,0
2.01920810714364,0.871094304602593,1.15475269209128,"low_separation",400,0
-0.249176671728492,3.59254252398387,1.79674881626852,"low_separation",400,0
-0.629969667643309,3.64476150716655,0.567555265151896,"low_separation",400,0
0.300587259232998,1.68993727420457,0.680325540015474,"low_separation",400,0
-1.66534195095301,0.174052792135626,1.28103750932496,"low_separation",400,0
-0.683432841673493,3.49533883854747,0.110704393591732,"low_separation",400,0
3.00319988653064,0.293606269406155,1.69040734414011,"low_separation",400,0
-0.629833983257413,3.27118427958339,1.5748755360255,"low_separation",400,0
-3.18842030130327,0.294557248707861,0.815869153593667,"low_separation",400,0
-1.4397801309824,4.54477549064904,1.00509835639969,"low_separation",400,0
3.86889513209462,24.6066333318595,2.28684746427462,"high_dependence",400,0
-1.93098553083837,21.5234578645322,2.18556807434652,"high_dependence",400,0
2.93933653645217,5.92780128936283,2.09644150047097,"high_dependence",400,0
0.658866263926029,21.3241512654349,2.34112858888693,"high_dependence",400,0
-2.24019450135529,13.5052518337034,1.97340325277764,"high_dependence",400,0
2.2163833770901,18.2871398865245,2.17278477328364,"high_dependence",400,0
0.368263645097613,7.54407730419189,1.89424538926687,"high_dependence",400,0
1.37461251020432,15.2030043187551,2.02364281693008,"high_dependence",400,0
-2.30433544702828,24.7999232320581,2.20329163072165,"high_dependence",400,0
2.14858252927661,17.606742476346,2.46564768604003,"high_dependence",400,0
0.164517313241959,14.195452228887,2.47386991628446,"high_dependence",400,0
2.25628060288727,15.3722903982271,2.24450442008674,"high_dependence",400,0
3.50778059288859,8.69789370335639,2.46855475532357,"high_dependence",400,2.27425476140297e-06
-0.571341333910823,7.56706072133966,2.11920400091913,"high_dependence",400,0
1.27564478479326,7.71178159047849,2.15883711003698,"high_dependence",400,0
-2.85888285748661,11.500629526563,2.05293105565943,"high_dependence",400,0
1.6788274217397,7.57739674882032,2.00543459679466,"high_dependence",400,0
2.88807603344321,11.6193226363976,2.17290559201501,"high_dependence",400,0
-0.0261918902397156,19.2659579217434,2.05602402158547,"high_dependence",400,0
1.92816475406289,18.0298625957221,2.46877148456406,"high_dependence",400,0
2.55021563917398,11.5891213237774,1.95068021828774,"high_dependence",400,0
0.143786603584886,12.846397649264,2.2651863435749,"high_dependence",400,0
-3.11632037907839,11.9286027853377,2.4772672081599,"high_dependence",400,0
0.470730267465115,17.082713637501,2.45212214416824,"high_dependence",400,0
3.0530835352838,9.03621715842746,2.03398539393675,"high_dependence",400,0
-1.1938226763159,21.9367214886006,2.31558333616704,"high_dependence",400,0
-1.26108284853399,22.8471141716,2.0117856253637,"high_dependence",400,0
3.8842960447073,10.0170270481613,2.25162955932319,"high_dependence",400,4.31066222716936e-08
2.77831458859146,14.8186387261376,2.31027169036679,"high_dependence",400,0
-0.947995310649276,10.9575479582418,1.9459344970528,"high_dependence",400,0
1.66636504419148,14.6300058346242,2.03768349892925,"high_dependence",400,0
-0.940447764471173,21.8084445979912,1.97471688792575,"high_dependence",400,0
-3.93387452699244,7.47606009244919,1.91573600051925,"high_dependence",400,0
0.257296223193407,17.6301961415447,1.88266034121625,"high_dependence",400,0
-1.399468626827,13.8533922086935,2.45185219217092,"high_dependence",400,0
-2.78900143876672,20.0833590817638,2.07827604899649,"high_dependence",400,0
3.79038715921342,10.4132200125605,1.9734533195151,"high_dependence",400,0
-0.251524895429611,12.5315580458846,2.4131630291231,"high_dependence",400,0
0.417706796899438,6.38330749352463,2.12056620395742,"high_dependence",400,0
-3.53391282446682,12.5252559664659,2.03833770006895,"high_dependence",400,0
0.16643007658422,24.311307980679,2.29163346695714,"high_dependence",400,0
-3.14833047613502,15.6387853901833,2.45127543515991,"high_dependence",400,0
2.31803949177265,19.4187510584015,2.1652481140336,"high_dependence",400,0
-2.75840637274086,15.9283416694961,2.1511849045055,"high_dependence",400,0
2.08520190045238,17.3600932350382,1.88931043434422,"high_dependence",400,0
1.57527906261384,16.497990489006,2.38830330898054,"high_dependence",400,0
2.99178836867213,15.6996318488382,1.96346667013131,"high_dependence",400,0
3.81479060836136,23.9189552317839,1.94416584447026,"high_dependence",400,0
-1.66757099144161,6.77867639460601,2.36934102489613,"high_dependence",400,0
-3.12608444876969,15.758759988239,2.11460867838468,"high_dependence",400,0
0.266593586653471,20.2198667509947,2.34040472772904,"high_dependence",400,0
0.306105578318238,23.2351939775981,2.0307208126178,"high_dependence",400,0
3.84187145531178,12.5069905247074,2.18356914061587,"high_dependence",400,0
2.72218636982143,6.6065652994439,1.90869427402504,"high_dependence",400,0
-1.89817298203707,13.62847086275,2.27885574859101,"high_dependence",400,0
2.25980338081717,20.6569819536526,2.49679264554288,"high_dependence",400,0
-1.5290775578469,12.5478139554616,1.9983732176479,"high_dependence",400,0
1.54142333567142,9.3253998842556,2.38684210751671,"high_dependence",400,0
1.40405414626002,11.1118585453369,2.30544049292803,"high_dependence",400,0
2.58015858568251,7.72363879950717,2.16208465804812,"high_dependence",400,0
2.73132782243192,16.7824839532841,1.89780888264067,"high_dependence",400,0
-0.377895880490541,20.6976029439829,2.00377435830887,"high_dependence",400,0
-2.10028133541346,18.251209706068,2.42452016624156,"high_dependence",400,0
-1.43712400645018,19.3082340119872,2.09106204449199,"high_dependence",400,0
3.40924760326743,23.5048778878991,2.01235089043621,"high_dependence",400,0
-1.53881188854575,18.0348854570184,2.17166538292076,"high_dependence",400,0
-0.15879481844604,11.244511482073,2.41450572153553,"high_dependence",400,0
3.71411165595055,16.4856166753452,1.89957046241034,"high_dependence",400,0
-1.1298839058727,5.10614319355227,2.31553827412426,"high_dependence",400,0
-0.30828726105392,13.5377691593021,1.99585376831237,"high_dependence",400,0
3.26313376054168,13.9224815706257,2.10700705298223,"high_dependence",400,0
-3.83780520409346,10.2340309822466,2.36275076051243,"high_dependence",400,0
-3.50975172221661,11.931935523171,2.1888871822739,"high_dependence",400,0
-1.94061026722193,21.9759008439723,1.89419139293022,"high_dependence",400,0
0.254111455753446,12.8481165738776,2.01758734241594,"high_dependence",400,0
0.366201758384705,24.5403957553208,2.40121846087277,"high_dependence",400,0
-1.16931722313166,9.67176788835786,2.45994114491623,"high_dependence",400,0
-0.836973924189806,11.0096024000086,2.41589334327728,"high_dependence",400,0
-2.08004821464419,6.96518533513881,2.42516077589244,"high_dependence",400,0
1.56062162667513,12.5771985272877,2.44213476660661,"high_dependence",400,0
-2.7742623668164,7.53545289044268,2.17705350834876,"high_dependence",400,0
3.84714736230671,13.0289928114507,1.93518906016834,"high_dependence",400,0
2.47693098150194,13.6554632277694,2.49785305466503,"high_dependence",400,0
-2.46232714131474,14.8647587629966,1.89415466331411,"high_dependence",400,0
1.27336678281426,8.67942901677452,1.89495676138904,"high_dependence",400,0
-0.497786391526461,5.04337645252235,2.38170678145252,"high_dependence",400,0
3.94709925726056,18.5128891374916,1.9579740439076,"high_dependence",400,0
1.52973393723369,16.5123448765371,2.26035175146535,"high_dependence",400,0
-2.47681725397706,8.41973735950887,2.02605890750419,"high_dependence",400,0
-2.12395838648081,14.881751476787,2.30908968544099,"high_dependence",400,0
-2.8477238714695,7.43981982232071,1.92846172256395,"high_dependence",400,0
-0.142372559756041,10.4419322218746,2.14464057760779,"high_dependence",400,0
3.83348954096437,22.3956850764807,2.39012957201339,"high_dependence",400,0
-2.69787308014929,11.5861925820354,2.33729155210312,"high_dependence",400,0
-2.31976023688912,17.1148464898579,2.45639733970165,"high_dependence",400,0
-2.94499643146992,22.5849760929123,1.91808645788115,"high_dependence",400,0
-3.70751210302114,11.8016970402095,1.96277404087596,"high_dependence",400,0
1.16115215793252,22.6315766514745,2.40430740639567,"high_dependence",400,0
0.748842464759946,10.2615673269611,2.49060707807075,"high_dependence",400,0
-0.377282155677676,18.3534428244457,2.13258419302292,"high_dependence",400,0
-2.4545339923352,10.3327689168509,2.33458487899043,"high_dependence",400,0
-2.40737788751721,22.2264470299706,2.46167212259024,"high_dependence",400,0
2.30259185284376,8.49994735908695,2.44887970970012,"high_dependence",400,0
0.0721461344510317,15.4782562458422,2.21824782609474,"high_dependence",400,0
3.92800571583211,17.5361478468403,2.10476699576247,"high_dependence",400,0
2.93822523765266,8.98021727334708,2.07750365661923,"high_dependence",400,0
0.464729880914092,8.76369754550979,1.9834960042499,"high_dependence",400,0
-0.555352566763759,9.60759847657755,2.25024047540501,"high_dependence",400,0
-0.526084480807185,19.3937086383812,2.18208617065102,"high_dependence",400,0
-1.71201029792428,7.48745107557625,2.20360736246221,"high_dependence",400,0
-3.33446898497641,18.6812171305064,1.9143062911462,"high_dependence",400,0
-2.78117091022432,23.9605854381807,2.24501599557698,"high_dependence",400,0
1.33016763068736,7.46289755334146,2.43396754493006,"high_dependence",400,0
-3.34604361094534,15.5287290050182,2.45413774100598,"high_dependence",400,0
-3.19504938647151,21.2591661605984,1.94206589250825,"high_dependence",400,0
-1.85304486192763,21.4135543094017,2.16314605611842,"high_dependence",400,0
-3.53456785343587,15.7136027701199,2.48126868333202,"high_dependence",400,0
-1.39009048603475,12.0187913940754,2.3446272185538,"high_dependence",400,0
2.17066597938538,18.6967601475772,2.27461095142644,"high_dependence",400,0
3.61756483279169,23.3556995284744,1.88632202160079,"high_dependence",400,0
0.000365804880857468,24.4114640576299,2.08747897704598,"high_dependence",400,0
-3.64274220168591,7.51571145956405,2.1062173275277,"high_dependence",400,0
2.87425936944783,23.7505965866148,2.04746803326998,"high_dependence",400,0
3.83129741251469,14.1719998617191,1.93484553019516,"high_dependence",400,0
-2.61327362060547,18.1919329508673,2.22462166158948,"high_dependence",400,0
3.67463837750256,17.6637762750033,2.4863109603757,"high_dependence",400,0
2.6532672625035,8.72569549828768,2.44031222828198,"high_dependence",400,0
1.20079173147678,17.6516188075766,1.99857526866253,"high_dependence",400,0
-2.93415987305343,16.2234519550111,2.3092377820285,"high_dependence",400,0
-3.97295714914799,15.8522550074849,2.0636403397657,"high_dependence",400,0
3.98671609722078,6.33227148791775,2.20277684566099,"high_dependence",400,2.21475739081711e-07
3.83164764754474,12.3694695415907,2.07158291770611,"high_dependence",400,0
-3.84693384170532,8.85726496344432,2.08811722695827,"high_dependence",400,0
0.501178639009595,8.46743473084643,2.03703965293244,"high_dependence",400,0
-2.98372452519834,9.40344524569809,2.34539085649885,"high_dependence",400,0
2.27458357252181,24.7266368824057,2.44739593646955,"high_dependence",400,0
1.12306573241949,23.2792367634829,2.05151888018008,"high_dependence",400,0
3.78547642752528,6.42857091734186,2.27590729482472,"high_dependence",400,9.1773902965997e-07
0.338874315842986,24.8425448255148,1.98187150759622,"high_dependence",400,0
-1.00167225673795,8.63407508004457,1.94224746490363,"high_dependence",400,0
3.47943282313645,18.3516685501672,2.28200188372284,"high_dependence",400,0
-1.27072152122855,14.8184517398477,2.33709232590627,"high_dependence",400,0
-2.16427974589169,8.78329086699523,1.91695820307359,"high_dependence",400,0
1.79064707644284,22.6150169328321,2.32196708384436,"high_dependence",400,0
-0.46757610142231,16.9284521078225,2.25428789330181,"high_dependence",400,0
-1.13566350191832,5.57618445600383,2.29669713764451,"high_dependence",400,0
-0.510143633931875,22.4718876474071,2.08835566532798,"high_dependence",400,0
-2.52536428719759,7.56821360555477,2.24993913318031,"high_dependence",400,0
-2.07060539536178,23.7183322897181,2.30456927616615,"high_dependence",400,0
0.150030290707946,14.3613830558024,2.49936956504826,"high_dependence",400,0
-2.26288571022451,1.0463876707945,2.46100908552762,"high_t_low_q",400,0
2.32932863384485,2.01150997309014,2.17959248926491,"high_t_low_q",400,0
-0.838664999231696,3.07387689244933,2.13944568240549,"high_t_low_q",400,0
0.501610724255443,4.42469030385837,2.44671640102752,"high_t_low_q",400,0
-1.89413386955857,0.852165051037446,2.06634524802212,"high_t_low_q",400,0
3.08969473652542,2.90110326604918,2.38202150852885,"high_t_low_q",400,2.79143855923536e-05
-0.402191381901503,3.13747852342203,2.04669176077005,"high_t_low_q",400,0
2.26742888987064,1.4563657110557,2.49526479223277,"high_t_low_q",400,0
1.58569636568427,2.4657383444719,2.09797636896838,"high_t_low_q",400,0
-2.75762431696057,0.36448142491281,2.05034545331728,"high_t_low_q",400,0
0.816641807556152,1.64481715182774,2.28919066023082,"high_t_low_q",400,0
1.45559077337384,2.04399728099816,2.22798061207868,"high_t_low_q",400,0
0.453743230551481,3.22814325336367,2.49082844064105,"high_t_low_q",400,0
-2.98904892243445,1.63468114333227,2.04486431030091,"high_t_low_q",400,0
3.01934903673828,1.59955656854436,2.04931456770282,"high_t_low_q",400,0
-1.77567596361041,2.76207261485979,2.27301443286706,"high_t_low_q",400,0
-1.04249240830541,0.88201219914481,1.98474996606819,"high_t_low_q",400,0
-0.395382139831781,3.61086376360618,2.41648369701579,"high_t_low_q",400,0
3.83969520591199,0.265785469673574,1.96132719225716,"high_t_low_q",400,0
0.781450597569346,0.718366156797856,2.28062819514889,"high_t_low_q",400,0
3.44058872759342,1.97150272433646,2.02182161156088,"high_t_low_q",400,0
0.644158454611897,1.82926828274503,2.0518065179931,"high_t_low_q",400,0
-1.13269825279713,1.94889744743705,2.23226808477193,"high_t_low_q",400,0
1.54648972675204,1.50093051488511,2.11260852694977,"high_t_low_q",400,0
3.00259970501065,1.5981336706318,2.3007013334427,"high_t_low_q",400,1.40504157837285e-05
3.08516309596598,4.66986794490367,2.47351823898498,"high_t_low_q",400,1.75458780322657e-05
-3.35428433679044,1.36320170713589,2.26237596187275,"high_t_low_q",400,0
-1.62524396553636,3.58999524614774,1.98961324815173,"high_t_low_q",400,0
-0.838253110647202,2.1774378255941,2.26232750574127,"high_t_low_q",400,0
-3.77554981783032,1.40787356067449,2.49911924125627,"high_t_low_q",400,0
-3.29472879134119,1.65329434094019,2.01382702973206,"high_t_low_q",400,0
-3.74379881285131,3.22758086840622,2.18241261900403,"high_t_low_q",400,0
0.520863991230726,1.41658940119669,2.04153899801895,"high_t_low_q",400,0
-1.54103546030819,1.80915480013937,2.22725267405622,"high_t_low_q",400,0
0.594314273446798,2.7988399611786,2.39026778843254,"high_t_low_q",400,0
3.56983960047364,3.51396400947124,2.32322132971603,"high_t_low_q",400,1.6593370638418e-05
2.70295341126621,4.55989880720153,2.43079206557013,"high_t_low_q",400,0
2.09802622534335,1.53344091959298,2.39625326823443,"high_t_low_q",400,0
-1.15029262565076,2.39918389124796,2.19618015689775,"high_t_low_q",400,0
3.73160650767386,1.31411086185835,2.43536874011625,"high_t_low_q",400,0.0013389150047054
-0.0744117014110088,2.36546485102735,2.39298325963318,"high_t_low_q",400,0
-2.4818195104599,4.88969398429617,2.35681756341364,"high_t_low_q",400,0
-3.04949115216732,3.78031722502783,1.93366358755156,"high_t_low_q",400,0
-1.53060767613351,3.74534365255386,2.46379088668618,"high_t_low_q",400,0
-0.699172332882881,0.286904023960233,2.19262731843628,"high_t_low_q",400,0
-1.66579577885568,2.05588534590788,2.413942211424,"high_t_low_q",400,0
-1.92866953648627,3.45290455734357,1.9739860430127,"high_t_low_q",400,0
2.29481646232307,1.64780612103641,1.97636279219296,"high_t_low_q",400,0
2.45180622115731,0.797221797984093,2.37315972801298,"high_t_low_q",400,0
1.67975379340351,1.23132291482762,1.99546861811541,"high_t_low_q",400,0
-3.55579646490514,3.63537322846241,2.21419985406101,"high_t_low_q",400,0
-1.58458927460015,2.47635117266327,2.278438025387,"high_t_low_q",400,0
3.44966764748096,1.4371668046806,2.20459420583211,"high_t_low_q",400,2.3823136423573e-06
2.40542793832719,0.862033787416294,2.16413271205965,"high_t_low_q",400,0
2.83306045085192,1.88561697723344,2.00526653439738,"high_t_low_q",400,0
0.956265691667795,4.33510865550488,2.27612883783877,"high_t_low_q",400,0
2.75513684935868,0.506954087177292,2.48978425282985,"high_t_low_q",400,0.00270625510389166
2.20152166299522,4.64474880136549,2.29272038384806,"high_t_low_q",400,0
3.99116566777229,0.665904203196988,2.04255205055233,"high_t_low_q",400,9.52409173748947e-09
0.298594996333122,0.126814690884203,2.1497471089242,"high_t_low_q",400,0
-3.9432813283056,0.872608239296824,2.06238665909041,"high_t_low_q",400,0
-0.30271939188242,0.179081241367385,2.43386077694595,"high_t_low_q",400,0
1.34032727405429,3.18145084893331,2.26119503786322,"high_t_low_q",400,0
-0.520777912810445,3.80416350089945,2.32870884006843,"high_t_low_q",400,0
0.765117391943932,0.356904341606423,2.4759845045628,"high_t_low_q",400,0
3.36545366793871,1.96908247307874,2.19625388970599,"high_t_low_q",400,9.00531574643537e-07
0.750985454767942,2.45367324678227,2.39242592011578,"high_t_low_q",400,0
2.67915926128626,2.40612068446353,2.06355605914723,"high_t_low_q",400,0
1.96758984774351,0.795946444850415,2.11338484543376,"high_t_low_q",400,0
-0.794703301042318,3.75615502125584,2.16927044093609,"high_t_low_q",400,0
-2.13051749765873,4.43191095255315,2.41252459818497,"high_t_low_q",400,0
-1.71504283696413,0.3083846939262,2.19914074463304,"high_t_low_q",400,0
-0.825609762221575,0.674722430994734,2.47015700268093,"high_t_low_q",400,0
-0.2620206233114,4.32415257673711,2.17054047738202,"high_t_low_q",400,0
2.26860301196575,0.158956053201109,2.07016260188539,"high_t_low_q",400,0
1.54455653019249,0.946834543719888,2.18223491217941,"high_t_low_q",400,0
-0.413096500560641,3.51198067655787,1.90123709617183,"high_t_low_q",400,0
-0.351547211408615,3.53059720946476,2.3192432540236,"high_t_low_q",400,0
1.77430753596127,1.03092747740448,2.10581713239662,"high_t_low_q",400,0
1.94095346145332,4.27132075419649,2.39122173807118,"high_t_low_q",400,0
-2.01078309863806,4.68692071153782,2.38413854094688,"high_t_low_q",400,0
-1.00965795479715,4.58015738986433,2.46490989229642,"high_t_low_q",400,0
1.65106283128262,4.22549170907587,2.20773665118031,"high_t_low_q",400,0
2.22726433351636,2.2067207377404,2.1024235303048,"high_t_low_q",400,0
2.75032800808549,2.57622694480233,2.38240947015584,"high_t_low_q",400,0
1.63559582456946,4.75686342688277,2.13698052277323,"high_t_low_q",400,0
-3.1884967777878,3.5925061267335,2.36266817839351,"high_t_low_q",400,0
-1.01317657344043,2.49321372830309,2.07357715989929,"high_t_low_q",400,0
-1.48833624087274,1.08278676052578,2.03883258276619,"high_t_low_q",400,0
3.86920556612313,2.67482610070147,2.44500429194886,"high_t_low_q",400,0.000828085369910525
-2.90609447844326,3.90215921215713,2.45061420137063,"high_t_low_q",400,0
-0.830888897180557,2.31068367720582,2.43457456643227,"high_t_low_q",400,0
0.269341686740518,4.61323032504879,2.26741406368092,"high_t_low_q",400,0
3.74651800096035,3.04783130413853,2.22789100313094,"high_t_low_q",400,2.36989449931002e-06
2.90408764779568,4.23343120492063,2.05307229305618,"high_t_low_q",400,0
-1.50597958639264,3.27914307708852,2.41830101353116,"high_t_low_q",400,0
1.24711806699634,4.5496521925088,1.98077454930171,"high_t_low_q",400,0
1.23538212664425,1.168510975549,2.2168705315562,"high_t_low_q",400,0
3.46937206573784,0.627560308203101,2.325150637771,"high_t_low_q",400,0.000164256632206872
-1.37072607316077,2.54971045069396,2.38330788619351,"high_t_low_q",400,0
-0.0551181230694056,0.895386107731611,1.9729856873164,"high_t_low_q",400,0
0.139927787706256,3.83362162974663,2.3635949799791,"high_t_low_q",400,0
1.23024385049939,3.85354789323173,2.10613316332456,"high_t_low_q",400,0
2.28468463197351,3.00250981235877,2.45100776373874,"high_t_low_q",400,0
-0.177576173096895,1.01649431162514,2.01732814544812,"high_t_low_q",400,0
3.49699429608881,3.82688305107877,2.45177963632159,"high_t_low_q",400,0.000182500148550702
0.554572563618422,2.95323106111027,2.08727574266959,"high_t_low_q",400,0
3.35975584201515,4.48490909184329,2.47407409129664,"high_t_low_q",400,9.05390220040658e-05
-1.47382305562496,3.81616925587878,2.14355610427447,"high_t_low_q",400,0
-0.341345777735114,0.960784038761631,2.40432670805603,"high_t_low_q",400,0
3.72159213386476,0.324580870801583,2.31613641721196,"high_t_low_q",400,0.000180313306017865
3.27771010063589,2.54431902430952,2.29910140682478,"high_t_low_q",400,9.82808037264249e-06
3.46025066263974,3.4847779199481,2.4074741138611,"high_t_low_q",400,9.04802944017291e-05
-1.25011098943651,0.827184657100588,2.12459647038486,"high_t_low_q",400,0
3.91153084486723,0.245115655707195,2.17324962723069,"high_t_low_q",400,2.70104385791115e-06
-1.26060069538653,0.0132606597617269,2.10434486391023,"high_t_low_q",400,0
2.0212442651391,2.28823040379211,2.02128748758696,"high_t_low_q",400,0
-0.656475599855185,1.81239885860123,2.46670228254516,"high_t_low_q",400,0
-2.35614148713648,3.84355093701743,1.90271632105578,"high_t_low_q",400,0
-1.83137317746878,0.70284046814777,1.92426470224746,"high_t_low_q",400,0
-0.376983623951674,3.85806857375428,2.29386554216035,"high_t_low_q",400,0
-0.287109477445483,4.50995477149263,2.20060120103881,"high_t_low_q",400,0
-0.549546536058187,1.05586494901218,2.06758573476691,"high_t_low_q",400,0
2.29036956094205,4.89584634779021,1.9519461505115,"high_t_low_q",400,0
3.76987263374031,3.58246948453598,2.33500716334675,"high_t_low_q",400,3.51962531333072e-05
-0.589375600218773,2.0923547912389,1.8788098404184,"high_t_low_q",400,0
1.60992522165179,0.253295880975202,2.10115171328653,"high_t_low_q",400,0
-3.0689205750823,3.83116113371216,2.09040956979152,"high_t_low_q",400,0
-2.14291390404105,0.861530459951609,2.20509354956448,"high_t_low_q",400,0
-0.873470917344093,3.49424200248905,2.46555162884761,"high_t_low_q",400,0
-1.72787782549858,4.059655679157,1.93884417472873,"high_t_low_q",400,0
-2.17274622991681,4.8963610897772,2.01237063040026,"high_t_low_q",400,0
3.61283373832703,2.18653919873759,2.37340779334772,"high_t_low_q",400,0.000177012896918072
-1.86451548524201,4.39298164565116,2.36984256247524,"high_t_low_q",400,0
-2.38130310550332,3.71146209072322,2.48611778835766,"high_t_low_q",400,0
0.634717183187604,2.45163472136483,2.46991399500985,"high_t_low_q",400,0
0.856367850676179,1.07324516866356,1.90053645288572,"high_t_low_q",400,0
-0.791387410834432,1.44550776458345,1.9972924265312,"high_t_low_q",400,0
2.51475682854652,0.63581662834622,2.3963323055068,"high_t_low_q",400,0
-2.50610867701471,4.81234269100241,1.9075799966231,"high_t_low_q",400,0
-2.58750002272427,0.0854835379868746,2.47575783054344,"high_t_low_q",400,0
1.63897373341024,4.28100185235962,2.37845654366538,"high_t_low_q",400,0
3.24292261898518,2.42788784671575,2.41252203646582,"high_t_low_q",400,0.000158922805740147
-3.47246018052101,3.80375395761803,2.19370517123025,"high_t_low_q",400,0
1.96766187623143,2.53749515977688,2.24806104612071,"high_t_low_q",400,0
1.50608850643039,0.844209518982098,1.98355395172257,"high_t_low_q",400,0
-3.50401945225894,1.65693826274946,2.29718299815431,"high_t_low_q",400,0
-1.07513764500618,0.653529237024486,2.08045358362142,"high_t_low_q",400,0
-1.72279697656631,0.454646814614534,2.23521638137754,"high_t_low_q",400,0
-3.25505210086703,0.583713623927906,2.12508391472511,"high_t_low_q",400,0
-1.99980458430946,15.5138326401357,0.118008040008135,"interior_stable",500,0
-1.70838894508779,18.5305830731522,0.359115648316219,"interior_stable",500,0
1.68907203897834,8.91566419159062,1.10328320239205,"interior_stable",500,0
1.40109744668007,9.06555813271552,0.594019026611932,"interior_stable",500,0
-3.69253716804087,17.3028711171355,1.03652477439027,"interior_stable",500,0
-1.32916586659849,15.6305657175835,0.446838363423012,"interior_stable",500,0
-0.0710229333490133,17.5785448867828,0.0738414021907374,"interior_stable",500,0
-0.179251555353403,14.806154865073,0.533831712091342,"interior_stable",500,0
0.350364878773689,14.2515009269118,0.725499110412784,"interior_stable",500,0
-2.39537897333503,13.2509325805586,0.852723225834779,"interior_stable",500,0
0.650637628510594,14.7751397744287,0.375163764110766,"interior_stable",500,0
-2.46482007391751,17.2496210841928,1.16143657884095,"interior_stable",500,0
3.02060644887388,23.9956993958913,0.734190851217136,"interior_stable",500,0
0.733019167557359,22.7586027409416,1.05493355018552,"interior_stable",500,0
-1.67458674497902,16.4918969909195,0.637939200969413,"interior_stable",500,0
-1.02493355423212,20.3838627436198,0.0413568445947021,"interior_stable",500,0
1.12004789710045,14.3492899776902,0.975701991119422,"interior_stable",500,0
1.22214458324015,15.479756926652,1.22975688369479,"interior_stable",500,0
-2.78329600021243,14.9023965059314,0.292070120340213,"interior_stable",500,0
1.77215578779578,13.1605304370169,1.18249941791873,"interior_stable",500,0
-3.93525613844395,13.2589458720759,0.268928255536593,"interior_stable",500,0
1.24400766566396,20.6903515441809,0.0176968885352835,"interior_stable",500,0
3.57382314279675,23.2090368459467,0.844727761577815,"interior_stable",500,0
-0.368251016363502,21.7100776557345,0.0852037552976981,"interior_stable",500,0
-3.68555254675448,11.8734248972032,1.16320367495064,"interior_stable",500,0
3.92931784689426,11.2207204278093,0.876067447243258,"interior_stable",500,0
-2.78053914569318,21.9399382651318,1.04478707944509,"interior_stable",500,0
-1.11661457084119,15.2468228596263,0.0470254378160462,"interior_stable",500,0
1.64317670091987,9.50490706600249,0.0629223691066727,"interior_stable",500,0
-0.634726949036121,11.2834888219368,0.163633649353869,"interior_stable",500,0
1.62746796943247,19.3563719105441,0.0430129369487986,"interior_stable",500,0
-3.24808088317513,9.20006539672613,0.834411004907452,"interior_stable",500,0
-3.33686964772642,19.560610660119,1.14413940173108,"interior_stable",500,0
-1.47450962476432,14.6026982751209,0.192428342998028,"interior_stable",500,0
0.308516627177596,20.3229699865915,0.504644127795473,"interior_stable",500,0
-1.77435787767172,17.1201944060158,0.592393843689933,"interior_stable",500,0
2.08173253014684,13.1802623625845,0.228993635973893,"interior_stable",500,0
-2.35435056500137,23.5525028372649,1.0538068797905,"interior_stable",500,0
-1.3720417805016,21.7505305190571,0.843566862749867,"interior_stable",500,0
-3.14452175609767,9.73496161750518,0.202941598254256,"interior_stable",500,0
-1.45252134464681,13.7970460171346,0.255102845840156,"interior_stable",500,0
-3.76820160262287,23.3128924272023,0.11879492085427,"interior_stable",500,0
-0.49506681971252,9.01873160037212,0.953548297984526,"interior_stable",500,0
0.42968681640923,9.80959021253511,0.195667647640221,"interior_stable",500,0
3.95950883068144,21.1067576194182,0.728740621125326,"interior_stable",500,0
-0.138514749705791,10.2570991613902,0.770669371122494,"interior_stable",500,0
0.459613429382443,9.48920311057009,1.04708350729197,"interior_stable",500,0
3.27020863257349,23.5648384608794,1.16419265919831,"interior_stable",500,0
-3.77662378922105,17.1201382880099,1.00294756528456,"interior_stable",500,0
-0.663170874118805,13.0313799716532,0.35066043259576,"interior_stable",500,0
3.84552172757685,19.4394437305164,0.586364010814577,"interior_stable",500,0
0.151833077892661,15.8502514299471,0.72837085230276,"interior_stable",500,0
-2.48323506116867,9.91001555812545,0.930060741957277,"interior_stable",500,0
0.78824364207685,21.4063356688712,0.0994903442915529,"interior_stable",500,0
-3.98810196854174,21.2977662333287,0.211060596047901,"interior_stable",500,0
-1.07973168417811,20.9042876726016,0.442459372570738,"interior_stable",500,0
1.08516754768789,13.2591830391902,0.983214033185504,"interior_stable",500,0
2.66500850394368,24.7924333321862,1.10744424397126,"interior_stable",500,0
2.89117734134197,14.0555412974209,0.439662785502151,"interior_stable",500,0
0.114251043647528,18.1411843223032,1.04287472669967,"interior_stable",500,0
-3.33171256631613,14.8834074556362,0.89422745979391,"interior_stable",500,0
1.0531562641263,23.3366612228565,1.0123222542461,"interior_stable",500,0
-3.3577146101743,11.6993062198162,1.1922245437745,"interior_stable",500,0
-0.658315228298306,14.6141744335182,1.14324149442837,"interior_stable",500,0
3.88723614253104,15.3153834340628,1.23083877493627,"interior_stable",500,0
-2.56560263037682,14.1161575331353,0.27050034084823,"interior_stable",500,0
-3.35791412740946,20.2583502628841,0.685174247482792,"interior_stable",500,0
1.71502224169672,13.5649453091901,0.0862657133257017,"interior_stable",500,0
-1.69975374080241,18.4252352861222,0.671602544025518,"interior_stable",500,0
1.47037240490317,22.5193462043535,0.620890622376464,"interior_stable",500,0
1.3269151058048,24.4541783002205,0.703896169434302,"interior_stable",500,0
1.4869465008378,13.7991263822187,0.243071868317202,"interior_stable",500,0
-1.68134479783475,22.7343425038271,0.146719627664424,"interior_stable",500,0
-0.386718183755875,15.4688101843931,0.640531495446339,"interior_stable",500,0
-1.2166164573282,12.7780305570923,1.0315091710072,"interior_stable",500,0
-3.64212460443377,12.7347814966924,0.731061098049395,"interior_stable",500,0
0.223748562857509,11.9618274038658,0.813234852976166,"interior_stable",500,0
-0.121586749330163,9.86796660581604,0.394427076680586,"interior_stable",500,0
-0.062257619574666,18.0411758075934,0.57514913554769,"interior_stable",500,0
3.20857027359307,18.7703274365049,1.20522952114698,"interior_stable",500,0
3.11246299929917,22.6357573585119,1.08836693456396,"interior_stable",500,0
1.63298299349844,13.8639627897646,0.151489654090255,"interior_stable",500,0
3.53327260538936,22.0059122191742,1.14157242293004,"interior_stable",500,0
-1.60206112451851,11.7049059714191,0.248490260564722,"interior_stable",500,0
0.632541790604591,17.4345895764418,0.742377755232155,"interior_stable",500,0
-1.84592564962804,22.566068690503,0.901988826226443,"interior_stable",500,0
2.90118045918643,17.4055174167734,1.1096238961909,"interior_stable",500,0
-3.62257711775601,12.2357908985578,1.08736573834904,"interior_stable",500,0
1.41084426827729,22.0493707282003,0.0209227640880272,"interior_stable",500,0
3.71519997343421,12.9181132244412,0.0495778192998841,"interior_stable",500,0
2.35730146802962,8.99875669274479,1.22263106168248,"interior_stable",500,0
-1.12647828273475,8.96675072144717,0.974088778602891,"interior_stable",500,0
-2.33419713005424,13.7286151351873,0.443454281776212,"interior_stable",500,0
-3.68050388805568,20.0579986558296,0.978508435073309,"interior_stable",500,0
1.81138439103961,22.2267404140439,1.24260487558786,"interior_stable",500,0
0.887819591909647,19.7930967784487,0.19665413768962,"interior_stable",500,0
-0.648864904418588,10.126031760592,0.438383658183739,"interior_stable",500,0
3.06928552873433,15.3913090645801,0.0425457494566217,"interior_stable",500,0
2.82660633511841,21.9810494279955,0.670026376610622,"interior_stable",500,0
-2.45836494676769,13.1428388238419,1.15275183692575,"interior_stable",500,0
-1.19156650453806,18.7994445033837,0.341036398895085,"interior_stable",500,0
-2.55378538183868,16.1144697922282,0.230542373028584,"interior_stable",500,0
-2.11349354684353,20.264787808992,0.18562764977105,"interior_stable",500,0
-1.27999733947217,17.255508271046,1.18868996680249,"interior_stable",500,0
-0.617460556328297,18.2792532374151,0.30141768977046,"interior_stable",500,0
-2.92579909786582,14.8467011225875,0.698101570014842,"interior_stable",500,0
1.06773432716727,24.5190042303875,0.0818192411679775,"interior_stable",500,0
-1.6575389765203,14.7320852789562,0.392672746675089,"interior_stable",500,0
-3.11169997602701,23.0874544708058,0.674458622233942,"interior_stable",500,0
1.02984975464642,23.8061981159262,0.978426786023192,"interior_stable",500,0
0.702630305662751,18.9090022468008,0.906047485768795,"interior_stable",500,0
1.28568959981203,17.4299563572276,0.793472325894982,"interior_stable",500,0
-2.73683515563607,12.1278009144589,0.542598617612384,"interior_stable",500,0
-2.92281925678253,19.2623432725668,0.318448268226348,"interior_stable",500,0
0.766294151544571,18.7749056960456,0.951339001767337,"interior_stable",500,0
-0.515378026291728,19.3261257372797,1.07786951062735,"interior_stable",500,0
0.577549112960696,22.3099637776613,0.484645068063401,"interior_stable",500,0
0.584202555939555,8.99007793632336,1.02295224263798,"interior_stable",500,0
-2.4779099188745,22.5287180102896,0.645686645875685,"interior_stable",500,0
-2.18876232393086,19.6165064757224,0.250293911667541,"interior_stable",500,0
-2.11776661127806,17.4493989848997,1.0262951022014,"interior_stable",500,0
-2.1926920954138,11.1483335844241,0.550775062292814,"interior_stable",500,0
0.987282691523433,12.9784699471202,1.06226727482863,"interior_stable",500,0
-2.57860779203475,16.5653133008163,0.499092944082804,"interior_stable",500,0
0.61774530634284,19.6340355905704,1.07170369068626,"interior_stable",500,0
2.6985272038728,21.2603604770266,1.16184811049607,"interior_stable",500,0
2.53910309635103,14.8313861514907,0.0430822459748015,"interior_stable",500,0
-3.22427897900343,15.2506468875799,0.03830467001535,"interior_stable",500,0
2.5452105216682,10.8878158731386,0.71574759320356,"interior_stable",500,0
-2.03428952023387,24.8369567794725,0.527459087315947,"interior_stable",500,0
1.79965885542333,24.4770083576441,0.780323855578899,"interior_stable",500,0
-0.768159868195653,16.0976033424959,0.250741935451515,"interior_stable",500,0
0.0231506396085024,22.0836889231578,1.18288382363971,"interior_stable",500,0
2.5738625228405,22.889924258925,0.972649459727108,"interior_stable",500,0
-3.61871446669102,13.0455876467749,0.149056759546511,"interior_stable",500,0
1.6150037124753,18.032616423443,0.712342824554071,"interior_stable",500,0
-2.22012698277831,11.4950952876825,0.263087766361423,"interior_stable",500,0
3.0070078112185,22.4246091442183,0.109734164434485,"interior_stable",500,0
-0.592725306749344,24.040392000461,0.2620975964237,"interior_stable",500,0
-1.13362135179341,11.5409208112396,1.10165689955465,"interior_stable",500,0
0.65738520026207,23.5260295507032,0.926028974354267,"interior_stable",500,0
3.51718853786588,11.4980619808193,0.951442605582997,"interior_stable",500,0
1.70714959688485,21.6480372822843,0.641189130838029,"interior_stable",500,0
-1.47385297715664,20.2036966686137,1.18212116882205,"interior_stable",500,0
-3.24501834623516,9.67664641793817,0.626607144949958,"interior_stable",500,0
0.287413174286485,13.2903737947345,1.17832014861051,"interior_stable",500,0
-3.67183201014996,22.7729138394352,0.756811070605181,"interior_stable",500,0
-1.28604993224144,8.77682746504433,0.516779830795713,"interior_stable",500,0
0.119173863902688,23.210111114895,1.00419075926766,"interior_stable",500,0
-0.654197948053479,21.7439040658064,0.10971154901199,"interior_stable",500,0
0.00942972488701344,22.9437164613046,1.38362293946557,"transition",500,0
2.44680664874613,8.09936759760603,0.460767460172065,"transition",500,0
-0.493771901354194,6.58537707640789,1.64235985605046,"transition",500,0
-1.53178366646171,7.11646233685315,1.54235009802505,"transition",500,0
1.45202081091702,17.6460218499415,1.82934834330808,"transition",500,0
-2.63294154033065,24.9704494955949,1.2895129644312,"transition",500,0
3.30684299208224,8.43652444891632,0.139173225616105,"transition",500,0
2.90255982615054,21.6877309780102,1.74002239888068,"transition",500,0
2.40570879168808,7.38644902012311,0.801900581573136,"transition",500,0
0.341761654242873,13.981614774093,1.39528014697134,"transition",500,0
-1.12544240429997,15.9026015317068,1.27521227987017,"transition",500,0
1.8122841604054,17.5706288602669,1.33715146686882,"transition",500,0
1.2686864733696,10.0830020208377,1.39279591792729,"transition",500,0
2.90308611653745,6.26375271822326,1.09061477240175,"transition",500,0
0.61958185583353,5.26184120681137,0.511673984001391,"transition",500,0
-2.5772221814841,5.8223346946761,0.262474237242714,"transition",500,0
0.797715682536364,17.2226324561052,1.65581302484497,"transition",500,0
3.92144150473177,6.98272697627544,0.27562324074097,"transition",500,0
-2.55086067132652,14.6266121824738,1.47892335953657,"transition",500,0
1.38012732192874,11.0965141328052,1.32203888439108,"transition",500,0
-3.27603622898459,22.8034672909416,1.58873292326462,"transition",500,0
1.53649062477052,7.32166941161267,1.21693922905251,"transition",500,0
-1.19802897423506,24.6216491388623,1.31494095083326,"transition",500,0
2.04619137383997,23.3231593214441,1.62509304238483,"transition",500,0
3.46599983982742,8.49739516270347,0.0924483960261568,"transition",500,0
3.97822779975832,5.80040462082252,0.416859510005452,"transition",500,0
2.37007995136082,5.52977451588959,0.0230135704623535,"transition",500,0
-0.289558682590723,17.8158877533861,1.64051992818713,"transition",500,0
3.68555969558656,11.8057941144798,1.27521272632293,"transition",500,0
2.4075007326901,11.1613474378828,1.67942595726345,"transition",500,0
3.13395697064698,7.19859890523367,0.373387389117852,"transition",500,0
-3.6040356438607,21.8686860753223,1.63473057094961,"transition",500,0
3.63249830715358,6.30017808289267,1.30166689516045,"transition",500,0
-2.63707419671118,7.53372317994945,0.712980722892098,"transition",500,0
-0.113507404923439,6.24793478637002,0.403057933435775,"transition",500,0
-0.996085280552506,21.8019642867148,1.45537979027722,"transition",500,0
-2.31489008106291,10.4607161541935,1.4315474772593,"transition",500,0
3.83708597533405,7.51266267034225,0.149177323910408,"transition",500,0
3.11556438356638,24.62422484532,1.71489154570736,"transition",500,0
1.35966950282454,6.92344990675338,0.17370987101458,"transition",500,0
-1.60427988506854,8.58233888284303,0.989466398023069,"transition",500,0
-2.09024325013161,17.1435576339718,1.30756886559539,"transition",500,0
-1.59488212503493,11.4785501966253,1.70914881397039,"transition",500,0
-3.11420476995409,6.70890007168055,1.63085502455942,"transition",500,0
1.94322571903467,5.16246678307652,1.61477641959209,"transition",500,0
0.210151391103864,21.9117303786334,1.39047978736926,"transition",500,0
0.21024932526052,18.7932950328104,1.70510021678638,"transition",500,0
0.439112436026335,20.6198135390878,1.45028243481647,"transition",500,0
0.380483377724886,23.8755964732263,1.4836574770743,"transition",500,0
0.410531558096409,22.739307244774,1.31775225454476,"transition",500,0
2.26541700959206,6.69556462089531,0.47664672776591,"transition",500,0
1.5593233704567,6.61534237442538,1.85509532631841,"transition",500,0
2.41106396727264,6.05922376853414,0.133920341031626,"transition",500,0
0.620377749204636,5.58625048142858,0.808586814673617,"transition",500,0
3.22280298732221,5.01119968248531,1.29942359693814,"transition",500,0
0.349055703729391,7.4239625246264,1.04276491911151,"transition",500,0
0.765894412994385,23.8866598752793,1.5084868617123,"transition",500,0
3.19591444171965,8.88789976597764,1.80660737212747,"transition",500,0
-3.89849876984954,7.16405980056152,0.0593430374283344,"transition",500,0
-2.90885285288095,16.0990609787405,1.73813013301697,"transition",500,0
0.360542599111795,21.2464478798211,1.79232206894085,"transition",500,0
-1.54973270185292,12.8251647634897,1.52757177711464,"transition",500,0
-2.68128434754908,20.5192189605441,1.34626814047806,"transition",500,0
-1.35158798284829,10.3706582740415,1.54243268596474,"transition",500,0
-3.070765260607,22.841613664059,1.38988283579238,"transition",500,0
-0.975912919268012,11.7109441081993,1.44225930620451,"transition",500,0
-2.368492718786,24.3953631259501,1.51965719938744,"transition",500,0
0.0926920380443335,9.60625465377234,1.37472142348997,"transition",500,0
0.388704398646951,20.6742763228249,1.37955513899215,"transition",500,0
-2.17456644773483,6.51980352122337,0.897689228877425,"transition",500,0
-2.80116970837116,10.2240139560308,1.67940279527102,"transition",500,0
1.49633538909256,8.45083689200692,1.37527246959507,"transition",500,0
2.58482171036303,22.2854885098059,1.26085150463041,"transition",500,0
1.32198632135987,7.81097001745366,0.924936120864004,"transition",500,0
-2.37776537053287,5.78035341459326,0.903214356512763,"transition",500,0
-2.03681519441307,7.57888888474554,1.71616293489933,"transition",500,0
3.39730938896537,17.048336728476,1.28908379585482,"transition",500,0
0.25799204222858,13.401361630531,1.33389169641305,"transition",500,0
-0.833995632827282,11.08253824641,1.35230548796244,"transition",500,0
-0.698442000895739,12.6686466799583,1.7147157038562,"transition",500,0
1.63609975576401,13.6525905167218,1.50887183262967,"transition",500,0
2.25696210190654,7.85529518034309,1.37352569261566,"transition",500,0
-0.490359175950289,18.6605100287125,1.87341546348762,"transition",500,0
-1.68977514281869,9.15371217997745,1.39060079061892,"transition",500,0
-0.338103070855141,22.4164741521236,1.51302031881642,"transition",500,0
-2.92905940115452,23.9430117886513,1.65847138676327,"transition",500,0
-1.35089555196464,14.2733520711772,1.83833617309574,"transition",500,0
1.84169093333185,6.68790003983304,1.24747130787,"transition",500,0
-2.19704644940794,5.61952401185408,0.184322205022909,"transition",500,0
2.32479994371533,8.0716545751784,0.133800291223451,"transition",500,0
-0.51902624592185,23.4247369109653,1.25438883434981,"transition",500,0
-1.44567520730197,17.3880234535318,1.34645760932472,"transition",500,0
3.64076961949468,23.0933322105557,1.85298846045043,"transition",500,0
0.308567637577653,12.3621299746446,1.49747301300522,"transition",500,0
0.234416000545025,17.3906197363976,1.71910532691982,"transition",500,0
2.20793874375522,18.7449863413349,1.80687939864583,"transition",500,0
-2.89725973457098,6.9856662012171,1.03420113096945,"transition",500,0
0.314222050830722,8.61862146412022,0.68454792490229,"transition",500,0
-1.37625037878752,10.5715262237936,1.53487540374044,"transition",500,0
-2.25549298338592,8.52683619013987,1.11924435419496,"transition",500,0
-3.25061716325581,10.7165776833426,1.30774062825367,"transition",500,0
3.38768248818815,13.9232562622055,1.66866828862112,"transition",500,0
-2.30944138206542,22.1300892357249,1.78145431680605,"transition",500,0
-2.88917366974056,14.7623130760621,1.81344939395785,"transition",500,0
2.43325938470662,5.92777015990578,0.965238699573092,"transition",500,0
3.90333102270961,22.2346401074901,1.51367054320872,"transition",500,0
0.851275991648436,21.2633722752798,1.69461116835009,"transition",500,0
2.3829411547631,8.82445682073012,1.83332376589533,"transition",500,0
-3.66093152761459,7.5757930171676,1.17749303404707,"transition",500,0
-0.192631382495165,7.63570602284744,0.631607361137867,"transition",500,0
-0.277733311057091,6.68537173769437,0.201909714960493,"transition",500,0
-0.45940762385726,10.9089377045166,1.61849353811704,"transition",500,0
1.27464395388961,5.50878832582384,0.187911623506807,"transition",500,0
1.45227329432964,6.61678977776319,0.0826261838665232,"transition",500,0
2.51954176276922,7.44917938718572,1.16573704057373,"transition",500,0
0.785878738388419,21.0428697988391,1.7644219181966,"transition",500,0
3.33311825245619,8.44026963459328,0.0691236229613423,"transition",500,0
-0.556776506826282,18.7032574554905,1.74365977582056,"transition",500,0
2.30073447525501,6.65290791075677,0.962796476087533,"transition",500,0
-2.54539252072573,16.9616416562349,1.65106567437761,"transition",500,0
1.21224486269057,6.10947716631927,0.563840242102742,"transition",500,0
0.0581071563065052,13.7242520228028,1.67257737892214,"transition",500,0
3.97912135720253,8.05652848212048,0.319675568607636,"transition",500,0
3.61511991173029,7.44728666031733,1.77654311119113,"transition",500,0
-1.83736688829958,21.4859021245502,1.66146156087052,"transition",500,0
-2.97923832572997,8.17565291072242,0.72028407768812,"transition",500,0
2.41760358028114,11.7479953099973,1.58392146870028,"transition",500,0
3.09505279548466,6.60625933669508,1.09256865165662,"transition",500,0
2.58614132739604,8.29835287295282,0.918794730678201,"transition",500,0
-1.87141332775354,6.99568649870344,1.64652544073761,"transition",500,0
-1.64077336527407,19.7825227689464,1.33127059321851,"transition",500,0
3.37777565419674,7.14203037787229,0.554502435261384,"transition",500,0
2.57467221841216,19.595420639962,1.62431051023304,"transition",500,0
-1.33294967748225,15.5992611660622,1.4417725946987,"transition",500,0
1.10934200324118,14.2108852043748,1.48368780734017,"transition",500,0
-0.40920871309936,7.367922749836,1.29955729120411,"transition",500,0
1.31971803680062,20.0398030341603,1.79823299695272,"transition",500,0
-1.10627293586731,6.61871709162369,1.14515512657817,"transition",500,0
3.56471985951066,8.26295971637592,1.82932515745051,"transition",500,0
2.38796056993306,24.3818776332773,1.47511928924359,"transition",500,0
0.942771539092064,5.32421307871118,1.8690660118591,"transition",500,0
0.589932452887297,20.700636174297,1.54311621154193,"transition",500,0
3.97309253923595,18.038398277713,1.85564941319171,"transition",500,0
-1.78470035642385,10.8769555750769,1.8382122926414,"transition",500,0
3.10700634121895,12.5051544688176,1.59097576106433,"transition",500,0
0.506177550181746,10.8591881580651,1.53645976446569,"transition",500,0
2.32127710431814,8.14739844645374,1.00327827967703,"transition",500,0
1.23974472098053,19.5714265108109,1.34653493645601,"transition",500,0
0.112610971555114,14.1197030781768,1.4026216568891,"transition",500,0
0.155595406889915,6.76279583130963,1.07885716366582,"transition",500,0
-1.03658712096512,4.73577518132515,1.07488322712015,"low_separation",500,0
-1.4525399915874,1.82933732867241,0.574363872292452,"low_separation",500,0
0.755985958501697,2.80424771481194,1.50883082300425,"low_separation",500,0
-2.38448545709252,2.73226628778502,0.486672898405232,"low_separation",500,0
2.43584680557251,4.34857831569389,1.65112830465659,"low_separation",500,0
-0.194541826844215,3.2776367617771,0.347204242716543,"low_separation",500,0
-1.18951807171106,1.76197749678977,1.47657790279482,"low_separation",500,0
1.16031190566719,3.44878601608798,1.81641814589966,"low_separation",500,0
-3.37923984229565,3.29647872713394,1.83464869041927,"low_separation",500,0
-3.1544433105737,1.81954298750497,0.381034978781827,"low_separation",500,0
0.79030099324882,4.87957185250707,0.360503461561166,"low_separation",500,0
-3.5907924734056,3.09384018182755,1.03084170317743,"low_separation",500,0
1.20242422260344,1.72095111338422,1.61958901735488,"low_separation",500,0
-1.89991171099246,1.02175463689491,0.557025261223316,"low_separation",500,0
2.51389819197357,0.630190747324377,1.22155593708158,"low_separation",500,0
0.497770462185144,1.63475058507174,0.711541527416557,"low_separation",500,0
0.132033718749881,3.58919400605373,0.353307354380377,"low_separation",500,0
2.17604279331863,0.549202138790861,0.859850493725389,"low_separation",500,0
0.149000270292163,2.34272205270827,0.997176698874682,"low_separation",500,0
-0.0747901052236557,1.67545713484287,0.262977320235223,"low_separation",500,0
-0.239715276286006,2.27327537722886,1.72980633040424,"low_separation",500,0
-2.06969781406224,3.60617744736373,0.34753984073177,"low_separation",500,0
-0.123107435181737,3.47333620302379,0.318203795468435,"low_separation",500,0
1.65520321950316,4.8157398996409,0.113313994952478,"low_separation",500,0
-0.793403616175056,3.9699531684164,1.17641259741504,"low_separation",500,0
1.59796388633549,0.17776534659788,1.35837743000593,"low_separation",500,0
-1.22727632150054,3.13154769828543,0.862589756725356,"low_separation",500,0
-2.82883774675429,4.95450021699071,0.502874844241887,"low_separation",500,0
1.01901876740158,4.69316312228329,1.51549633708782,"low_separation",500,0
-0.540919007733464,0.314046599669382,1.79548721935134,"low_separation",500,0
-3.01920295506716,4.73135869833641,1.08498736342881,"low_separation",500,0
0.815146263688803,1.19047779589891,1.71622599416878,"low_separation",500,0
-2.39274570718408,3.77841722802259,0.217662319773808,"low_separation",500,0
1.83982807025313,3.00062573514879,0.120121188811027,"low_separation",500,0
-1.36690649949014,3.68864292977378,1.28733240300789,"low_separation",500,0
2.74328952282667,2.33235004125163,0.599416936165653,"low_separation",500,0
-0.155190926045179,1.82562999543734,1.00285226129927,"low_separation",500,0
-1.5378967281431,2.16541227418929,0.322302016429603,"low_separation",500,0
1.41181722469628,0.858928938396275,0.0376792415045202,"low_separation",500,0
0.835280919447541,3.7421457527671,1.13434946455527,"low_separation",500,0
-3.92715012468398,2.02595070004463,0.674985517980531,"low_separation",500,0
-3.93028567545116,2.77209865162149,0.852414420805871,"low_separation",500,0
-1.22638323158026,3.94054718199186,1.54920740169473,"low_separation",500,0
-1.87020196020603,3.05752154672518,0.509318389813416,"low_separation",500,0
-3.9370279405266,0.862564094131812,0.998893740470521,"low_separation",500,0
-2.58679756708443,4.19761409284547,1.59808721218724,"low_separation",500,0
-0.970450766384602,2.56859125220217,0.907715108478442,"low_separation",500,0
1.92491590231657,3.6533851060085,1.20194315037224,"low_separation",500,0
1.3141187466681,2.86130640888587,0.623169526807033,"low_separation",500,0
1.4591852389276,2.14888647315092,1.77179973514285,"low_separation",500,0
1.71090919524431,0.0359259429387748,0.665400425787084,"low_separation",500,0
2.64558806084096,2.22105164430104,1.67794841108844,"low_separation",500,0
-2.92997016385198,0.313479139003903,0.137414984055795,"low_separation",500,0
-1.10419331304729,2.96534827793948,1.1983511724975,"low_separation",500,0
-0.147551856935024,4.08105658134446,1.74661452241708,"low_separation",500,0
-3.24919239990413,2.07167800399475,0.619754054932855,"low_separation",500,0
2.61051642335951,3.06594973080792,0.343270926969126,"low_separation",500,0
-3.34849371388555,1.2390969437547,0.912929403712042,"low_separation",500,0
3.33299531042576,0.311293551931158,0.843664762214758,"low_separation",500,0
-0.194984272122383,4.97745514148846,0.577304433099926,"low_separation",500,0
0.827067706733942,2.78976177796721,0.309125830535777,"low_separation",500,0
-2.44790214672685,0.487245986005291,0.566470741177909,"low_separation",500,0
1.71071894839406,4.51700325356796,1.0532966023311,"low_separation",500,0
0.360393105074763,1.24662477755919,0.725739666377194,"low_separation",500,0
2.45084154605865,4.18503145920113,1.28595066722482,"low_separation",500,0
-2.95303232781589,3.53801953606308,0.107476356206462,"low_separation",500,0
2.58307622745633,4.95261673349887,0.919671237352304,"low_separation",500,0
-0.0904083121567965,0.712330726673827,1.74099291616585,"low_separation",500,0
0.716556321829557,0.67288454156369,0.760548177058809,"low_separation",500,0
-0.0790801756083965,0.808418117230758,1.26122946443502,"low_separation",500,0
-1.37924708984792,2.00890881242231,1.71439280908089,"low_separation",500,0
3.96421197988093,4.18708506622352,1.04192322061863,"low_separation",500,0
-1.45620534941554,4.91080440115184,0.8255274646217,"low_separation",500,0
3.57892690598965,2.51676882035099,0.0787575705908239,"low_separation",500,0
2.40926050581038,0.204054301138967,0.355774866766296,"low_separation",500,0
-2.31869408302009,2.07860308582895,0.613867475185543,"low_separation",500,0
3.54273921065032,2.40983401308767,1.01461726240814,"low_separation",500,0
1.80242418684065,3.49109992384911,1.32036066788714,"low_separation",500,0
-0.623286129906774,2.49214883660898,1.411053086631,"low_separation",500,0
-1.29790352284908,0.35344084026292,1.5748113807058,"low_separation",500,0
-3.48020161502063,4.84036097768694,0.140950100612827,"low_separation",500,0
-0.0952104516327381,3.27963962336071,1.14148638676852,"low_separation",500,0
-0.453696757555008,4.06829888815992,0.153150237747468,"low_separation",500,0
1.44534804485738,0.0822726637125015,1.6272661741823,"low_separation",500,0
2.20437727868557,1.94893748266622,0.808873879141174,"low_separation",500,0
-1.43339169025421,2.98189569730312,1.55278258956969,"low_separation",500,0
0.617822902277112,3.67399004171602,1.52633454301395,"low_separation",500,0
0.0288116112351418,0.470532587496564,1.59664879669435,"low_separation",500,0
0.620872305706143,4.48172178585082,1.49333104607649,"low_separation",500,0
-3.25636192597449,2.97029314097017,0.94579057302326,"low_separation",500,0
3.20962744019926,4.05429925303906,0.545272309100255,"low_separation",500,0
-2.77826696448028,1.8157901999075,0.50218052638229,"low_separation",500,0
-0.599364254623652,4.52895383350551,1.23657486925367,"low_separation",500,0
-2.83463666029274,0.845125498017296,1.39742986648344,"low_separation",500,0
0.737379129976034,4.90575827425346,0.701530243968591,"low_separation",500,0
0.972124731168151,0.865178211824968,0.143245976651087,"low_separation",500,0
-3.71526376157999,3.03493246319704,1.44104925333522,"low_separation",500,0
2.71576595306396,2.10345426457934,1.09774017357267,"low_separation",500,0
-3.57212997600436,0.29663682798855,0.508161666803062,"low_separation",500,0
-1.26813707686961,2.34579598763958,0.0676886376459152,"low_separation",500,0
3.29428885504603,1.64173361845315,1.44643987820018,"low_separation",500,0
2.80019468069077,0.416242278879508,1.02214167884085,"low_separation",500,0
1.8598547168076,3.62507057725452,0.153407856705599,"low_separation",500,0
2.635741841048,0.517188338562846,1.31836219865363,"low_separation",500,0
1.89966171234846,1.04170088307001,1.40335146221332,"low_separation",500,0
2.60380914993584,3.69855301687494,0.765510424971581,"low_separation",500,0
1.41770455799997,0.0972011592239141,0.548529943916947,"low_separation",500,0
1.53840621560812,2.16876184567809,1.08778042485937,"low_separation",500,0
3.17451793514192,3.10328790219501,1.5330781810917,"low_separation",500,0
-1.21351429261267,4.40686567453668,0.070525161572732,"low_separation",500,0
3.70924296043813,1.29410546505824,0.810306191560812,"low_separation",500,0
-0.38535294495523,2.86170383333229,0.00126225408166647,"low_separation",500,0
0.822406684979796,2.64445481589064,1.49315339804161,"low_separation",500,0
-3.11958486400545,2.62885856209323,1.5466096997261,"low_separation",500,0
1.67330279201269,1.80459796683863,1.00550916686188,"low_separation",500,0
-0.744331086054444,1.3139623508323,0.086348126642406,"low_separation",500,0
2.5144248586148,2.70834649563767,0.988123262068257,"low_separation",500,0
-2.21709553711116,3.7074614490848,0.139416349702515,"low_separation",500,0
0.606855684891343,4.77517709950916,1.0826609324431,"low_separation",500,0
1.63230955973268,1.31374785560183,0.239685265114531,"low_separation",500,0
0.810759445652366,4.90783879649825,1.57316637632903,"low_separation",500,0
2.86015788279474,3.64477309049107,0.3439887217246,"low_separation",500,0
2.52056081779301,3.29091768944636,1.5674274234334,"low_separation",500,0
-2.71791791543365,1.15081553230993,0.0928604661021382,"low_separation",500,0
3.19619046710432,4.22377026989125,0.658219265751541,"low_separation",500,0
0.627901488915086,3.58345271088183,0.276520186453126,"low_separation",500,0
0.722833964973688,2.89628084865399,0.211277474300005,"low_separation",500,0
-0.619671758264303,1.5145001350902,0.148758242721669,"low_separation",500,0
1.52018789388239,2.51639352645725,1.70051369990688,"low_separation",500,0
-2.12707196362317,2.56898193038069,1.78153795248363,"low_separation",500,0
1.41177355125546,2.66401857952587,0.582529639359564,"low_separation",500,0
-1.62633664160967,4.74135384429246,1.66891823406331,"low_separation",500,0
0.428625356405973,2.22173749934882,0.559321751934476,"low_separation",500,0
-3.10241706296802,3.09801889816299,0.0674758508102968,"low_separation",500,0
-1.0003332644701,1.78087871754542,1.57769536308479,"low_separation",500,0
-1.6871364377439,0.883467722451314,0.345362147199921,"low_separation",500,0
-1.7140054423362,3.96144441911019,0.338129192823544,"low_separation",500,0
3.30871099047363,4.88330166554078,1.15735880739521,"low_separation",500,0
-2.62598653323948,2.91303758858703,0.153524557244964,"low_separation",500,0
-2.91714596003294,1.49547199835069,1.71434950141702,"low_separation",500,0
2.01920810714364,0.871094304602593,1.15475269209128,"low_separation",500,0
-0.249176671728492,3.59254252398387,1.79674881626852,"low_separation",500,0
-0.629969667643309,3.64476150716655,0.567555265151896,"low_separation",500,0
0.300587259232998,1.68993727420457,0.680325540015474,"low_separation",500,0
-1.66534195095301,0.174052792135626,1.28103750932496,"low_separation",500,0
-0.683432841673493,3.49533883854747,0.110704393591732,"low_separation",500,0
3.00319988653064,0.293606269406155,1.69040734414011,"low_separation",500,0
-0.629833983257413,3.27118427958339,1.5748755360255,"low_separation",500,0
-3.18842030130327,0.294557248707861,0.815869153593667,"low_separation",500,0
-1.4397801309824,4.54477549064904,1.00509835639969,"low_separation",500,0
3.86889513209462,24.6066333318595,2.28684746427462,"high_dependence",500,0
-1.93098553083837,21.5234578645322,2.18556807434652,"high_dependence",500,0
2.93933653645217,5.92780128936283,2.09644150047097,"high_dependence",500,0
0.658866263926029,21.3241512654349,2.34112858888693,"high_dependence",500,0
-2.24019450135529,13.5052518337034,1.97340325277764,"high_dependence",500,0
2.2163833770901,18.2871398865245,2.17278477328364,"high_dependence",500,0
0.368263645097613,7.54407730419189,1.89424538926687,"high_dependence",500,0
1.37461251020432,15.2030043187551,2.02364281693008,"high_dependence",500,0
-2.30433544702828,24.7999232320581,2.20329163072165,"high_dependence",500,0
2.14858252927661,17.606742476346,2.46564768604003,"high_dependence",500,0
0.164517313241959,14.195452228887,2.47386991628446,"high_dependence",500,0
2.25628060288727,15.3722903982271,2.24450442008674,"high_dependence",500,0
3.50778059288859,8.69789370335639,2.46855475532357,"high_dependence",500,0
-0.571341333910823,7.56706072133966,2.11920400091913,"high_dependence",500,0
1.27564478479326,7.71178159047849,2.15883711003698,"high_dependence",500,0
-2.85888285748661,11.500629526563,2.05293105565943,"high_dependence",500,0
1.6788274217397,7.57739674882032,2.00543459679466,"high_dependence",500,0
2.88807603344321,11.6193226363976,2.17290559201501,"high_dependence",500,0
-0.0261918902397156,19.2659579217434,2.05602402158547,"high_dependence",500,0
1.92816475406289,18.0298625957221,2.46877148456406,"high_dependence",500,0
2.55021563917398,11.5891213237774,1.95068021828774,"high_dependence",500,0
0.143786603584886,12.846397649264,2.2651863435749,"high_dependence",500,0
-3.11632037907839,11.9286027853377,2.4772672081599,"high_dependence",500,0
0.470730267465115,17.082713637501,2.45212214416824,"high_dependence",500,0
3.0530835352838,9.03621715842746,2.03398539393675,"high_dependence",500,0
-1.1938226763159,21.9367214886006,2.31558333616704,"high_dependence",500,0
-1.26108284853399,22.8471141716,2.0117856253637,"high_dependence",500,0
3.8842960447073,10.0170270481613,2.25162955932319,"high_dependence",500,0
2.77831458859146,14.8186387261376,2.31027169036679,"high_dependence",500,0
-0.947995310649276,10.9575479582418,1.9459344970528,"high_dependence",500,0
1.66636504419148,14.6300058346242,2.03768349892925,"high_dependence",500,0
-0.940447764471173,21.8084445979912,1.97471688792575,"high_dependence",500,0
-3.93387452699244,7.47606009244919,1.91573600051925,"high_dependence",500,0
0.257296223193407,17.6301961415447,1.88266034121625,"high_dependence",500,0
-1.399468626827,13.8533922086935,2.45185219217092,"high_dependence",500,0
-2.78900143876672,20.0833590817638,2.07827604899649,"high_dependence",500,0
3.79038715921342,10.4132200125605,1.9734533195151,"high_dependence",500,0
-0.251524895429611,12.5315580458846,2.4131630291231,"high_dependence",500,0
0.417706796899438,6.38330749352463,2.12056620395742,"high_dependence",500,0
-3.53391282446682,12.5252559664659,2.03833770006895,"high_dependence",500,0
0.16643007658422,24.311307980679,2.29163346695714,"high_dependence",500,0
-3.14833047613502,15.6387853901833,2.45127543515991,"high_dependence",500,0
2.31803949177265,19.4187510584015,2.1652481140336,"high_dependence",500,0
-2.75840637274086,15.9283416694961,2.1511849045055,"high_dependence",500,0
2.08520190045238,17.3600932350382,1.88931043434422,"high_dependence",500,0
1.57527906261384,16.497990489006,2.38830330898054,"high_dependence",500,0
2.99178836867213,15.6996318488382,1.96346667013131,"high_dependence",500,0
3.81479060836136,23.9189552317839,1.94416584447026,"high_dependence",500,0
-1.66757099144161,6.77867639460601,2.36934102489613,"high_dependence",500,0
-3.12608444876969,15.758759988239,2.11460867838468,"high_dependence",500,0
0.266593586653471,20.2198667509947,2.34040472772904,"high_dependence",500,0
0.306105578318238,23.2351939775981,2.0307208126178,"high_dependence",500,0
3.84187145531178,12.5069905247074,2.18356914061587,"high_dependence",500,0
2.72218636982143,6.6065652994439,1.90869427402504,"high_dependence",500,0
-1.89817298203707,13.62847086275,2.27885574859101,"high_dependence",500,0
2.25980338081717,20.6569819536526,2.49679264554288,"high_dependence",500,0
-1.5290775578469,12.5478139554616,1.9983732176479,"high_dependence",500,0
1.54142333567142,9.3253998842556,2.38684210751671,"high_dependence",500,0
1.40405414626002,11.1118585453369,2.30544049292803,"high_dependence",500,0
2.58015858568251,7.72363879950717,2.16208465804812,"high_dependence",500,0
2.73132782243192,16.7824839532841,1.89780888264067,"high_dependence",500,0
-0.377895880490541,20.6976029439829,2.00377435830887,"high_dependence",500,0
-2.10028133541346,18.251209706068,2.42452016624156,"high_dependence",500,0
-1.43712400645018,19.3082340119872,2.09106204449199,"high_dependence",500,0
3.40924760326743,23.5048778878991,2.01235089043621,"high_dependence",500,0
-1.53881188854575,18.0348854570184,2.17166538292076,"high_dependence",500,0
-0.15879481844604,11.244511482073,2.41450572153553,"high_dependence",500,0
3.71411165595055,16.4856166753452,1.89957046241034,"high_dependence",500,0
-1.1298839058727,5.10614319355227,2.31553827412426,"high_dependence",500,0
-0.30828726105392,13.5377691593021,1.99585376831237,"high_dependence",500,0
3.26313376054168,13.9224815706257,2.10700705298223,"high_dependence",500,0
-3.83780520409346,10.2340309822466,2.36275076051243,"high_dependence",500,0
-3.50975172221661,11.931935523171,2.1888871822739,"high_dependence",500,0
-1.94061026722193,21.9759008439723,1.89419139293022,"high_dependence",500,0
0.254111455753446,12.8481165738776,2.01758734241594,"high_dependence",500,0
0.366201758384705,24.5403957553208,2.40121846087277,"high_dependence",500,0
-1.16931722313166,9.67176788835786,2.45994114491623,"high_dependence",500,0
-0.836973924189806,11.0096024000086,2.41589334327728,"high_dependence",500,0
-2.08004821464419,6.96518533513881,2.42516077589244,"high_dependence",500,0
1.56062162667513,12.5771985272877,2.44213476660661,"high_dependence",500,0
-2.7742623668164,7.53545289044268,2.17705350834876,"high_dependence",500,0
3.84714736230671,13.0289928114507,1.93518906016834,"high_dependence",500,0
2.47693098150194,13.6554632277694,2.49785305466503,"high_dependence",500,0
-2.46232714131474,14.8647587629966,1.89415466331411,"high_dependence",500,0
1.27336678281426,8.67942901677452,1.89495676138904,"high_dependence",500,0
-0.497786391526461,5.04337645252235,2.38170678145252,"high_dependence",500,0
3.94709925726056,18.5128891374916,1.9579740439076,"high_dependence",500,0
1.52973393723369,16.5123448765371,2.26035175146535,"high_dependence",500,0
-2.47681725397706,8.41973735950887,2.02605890750419,"high_dependence",500,0
-2.12395838648081,14.881751476787,2.30908968544099,"high_dependence",500,0
-2.8477238714695,7.43981982232071,1.92846172256395,"high_dependence",500,0
-0.142372559756041,10.4419322218746,2.14464057760779,"high_dependence",500,0
3.83348954096437,22.3956850764807,2.39012957201339,"high_dependence",500,0
-2.69787308014929,11.5861925820354,2.33729155210312,"high_dependence",500,0
-2.31976023688912,17.1148464898579,2.45639733970165,"high_dependence",500,0
-2.94499643146992,22.5849760929123,1.91808645788115,"high_dependence",500,0
-3.70751210302114,11.8016970402095,1.96277404087596,"high_dependence",500,0
1.16115215793252,22.6315766514745,2.40430740639567,"high_dependence",500,0
0.748842464759946,10.2615673269611,2.49060707807075,"high_dependence",500,0
-0.377282155677676,18.3534428244457,2.13258419302292,"high_dependence",500,0
-2.4545339923352,10.3327689168509,2.33458487899043,"high_dependence",500,0
-2.40737788751721,22.2264470299706,2.46167212259024,"high_dependence",500,0
2.30259185284376,8.49994735908695,2.44887970970012,"high_dependence",500,0
0.0721461344510317,15.4782562458422,2.21824782609474,"high_dependence",500,0
3.92800571583211,17.5361478468403,2.10476699576247,"high_dependence",500,0
2.93822523765266,8.98021727334708,2.07750365661923,"high_dependence",500,0
0.464729880914092,8.76369754550979,1.9834960042499,"high_dependence",500,0
-0.555352566763759,9.60759847657755,2.25024047540501,"high_dependence",500,0
-0.526084480807185,19.3937086383812,2.18208617065102,"high_dependence",500,0
-1.71201029792428,7.48745107557625,2.20360736246221,"high_dependence",500,0
-3.33446898497641,18.6812171305064,1.9143062911462,"high_dependence",500,0
-2.78117091022432,23.9605854381807,2.24501599557698,"high_dependence",500,0
1.33016763068736,7.46289755334146,2.43396754493006,"high_dependence",500,0
-3.34604361094534,15.5287290050182,2.45413774100598,"high_dependence",500,0
-3.19504938647151,21.2591661605984,1.94206589250825,"high_dependence",500,0
-1.85304486192763,21.4135543094017,2.16314605611842,"high_dependence",500,0
-3.53456785343587,15.7136027701199,2.48126868333202,"high_dependence",500,0
-1.39009048603475,12.0187913940754,2.3446272185538,"high_dependence",500,0
2.17066597938538,18.6967601475772,2.27461095142644,"high_dependence",500,0
3.61756483279169,23.3556995284744,1.88632202160079,"high_dependence",500,0
0.000365804880857468,24.4114640576299,2.08747897704598,"high_dependence",500,0
-3.64274220168591,7.51571145956405,2.1062173275277,"high_dependence",500,0
2.87425936944783,23.7505965866148,2.04746803326998,"high_dependence",500,0
3.83129741251469,14.1719998617191,1.93484553019516,"high_dependence",500,0
-2.61327362060547,18.1919329508673,2.22462166158948,"high_dependence",500,0
3.67463837750256,17.6637762750033,2.4863109603757,"high_dependence",500,0
2.6532672625035,8.72569549828768,2.44031222828198,"high_dependence",500,0
1.20079173147678,17.6516188075766,1.99857526866253,"high_dependence",500,0
-2.93415987305343,16.2234519550111,2.3092377820285,"high_dependence",500,0
-3.97295714914799,15.8522550074849,2.0636403397657,"high_dependence",500,0
3.98671609722078,6.33227148791775,2.20277684566099,"high_dependence",500,0
3.83164764754474,12.3694695415907,2.07158291770611,"high_dependence",500,0
-3.84693384170532,8.85726496344432,2.08811722695827,"high_dependence",500,0
0.501178639009595,8.46743473084643,2.03703965293244,"high_dependence",500,0
-2.98372452519834,9.40344524569809,2.34539085649885,"high_dependence",500,0
2.27458357252181,24.7266368824057,2.44739593646955,"high_dependence",500,0
1.12306573241949,23.2792367634829,2.05151888018008,"high_dependence",500,0
3.78547642752528,6.42857091734186,2.27590729482472,"high_dependence",500,2.39246666922099e-09
0.338874315842986,24.8425448255148,1.98187150759622,"high_dependence",500,0
-1.00167225673795,8.63407508004457,1.94224746490363,"high_dependence",500,0
3.47943282313645,18.3516685501672,2.28200188372284,"high_dependence",500,0
-1.27072152122855,14.8184517398477,2.33709232590627,"high_dependence",500,0
-2.16427974589169,8.78329086699523,1.91695820307359,"high_dependence",500,0
1.79064707644284,22.6150169328321,2.32196708384436,"high_dependence",500,0
-0.46757610142231,16.9284521078225,2.25428789330181,"high_dependence",500,0
-1.13566350191832,5.57618445600383,2.29669713764451,"high_dependence",500,0
-0.510143633931875,22.4718876474071,2.08835566532798,"high_dependence",500,0
-2.52536428719759,7.56821360555477,2.24993913318031,"high_dependence",500,0
-2.07060539536178,23.7183322897181,2.30456927616615,"high_dependence",500,0
0.150030290707946,14.3613830558024,2.49936956504826,"high_dependence",500,0
-2.26288571022451,1.0463876707945,2.46100908552762,"high_t_low_q",500,0
2.32932863384485,2.01150997309014,2.17959248926491,"high_t_low_q",500,0
-0.838664999231696,3.07387689244933,2.13944568240549,"high_t_low_q",500,0
0.501610724255443,4.42469030385837,2.44671640102752,"high_t_low_q",500,0
-1.89413386955857,0.852165051037446,2.06634524802212,"high_t_low_q",500,0
3.08969473652542,2.90110326604918,2.38202150852885,"high_t_low_q",500,0
-0.402191381901503,3.13747852342203,2.04669176077005,"high_t_low_q",500,0
2.26742888987064,1.4563657110557,2.49526479223277,"high_t_low_q",500,0
1.58569636568427,2.4657383444719,2.09797636896838,"high_t_low_q",500,0
-2.75762431696057,0.36448142491281,2.05034545331728,"high_t_low_q",500,0
0.816641807556152,1.64481715182774,2.28919066023082,"high_t_low_q",500,0
1.45559077337384,2.04399728099816,2.22798061207868,"high_t_low_q",500,0
0.453743230551481,3.22814325336367,2.49082844064105,"high_t_low_q",500,0
-2.98904892243445,1.63468114333227,2.04486431030091,"high_t_low_q",500,0
3.01934903673828,1.59955656854436,2.04931456770282,"high_t_low_q",500,0
-1.77567596361041,2.76207261485979,2.27301443286706,"high_t_low_q",500,0
-1.04249240830541,0.88201219914481,1.98474996606819,"high_t_low_q",500,0
-0.395382139831781,3.61086376360618,2.41648369701579,"high_t_low_q",500,0
3.83969520591199,0.265785469673574,1.96132719225716,"high_t_low_q",500,0
0.781450597569346,0.718366156797856,2.28062819514889,"high_t_low_q",500,0
3.44058872759342,1.97150272433646,2.02182161156088,"high_t_low_q",500,0
0.644158454611897,1.82926828274503,2.0518065179931,"high_t_low_q",500,0
-1.13269825279713,1.94889744743705,2.23226808477193,"high_t_low_q",500,0
1.54648972675204,1.50093051488511,2.11260852694977,"high_t_low_q",500,0
3.00259970501065,1.5981336706318,2.3007013334427,"high_t_low_q",500,0
3.08516309596598,4.66986794490367,2.47351823898498,"high_t_low_q",500,0
-3.35428433679044,1.36320170713589,2.26237596187275,"high_t_low_q",500,0
-1.62524396553636,3.58999524614774,1.98961324815173,"high_t_low_q",500,0
-0.838253110647202,2.1774378255941,2.26232750574127,"high_t_low_q",500,0
-3.77554981783032,1.40787356067449,2.49911924125627,"high_t_low_q",500,0
-3.29472879134119,1.65329434094019,2.01382702973206,"high_t_low_q",500,0
-3.74379881285131,3.22758086840622,2.18241261900403,"high_t_low_q",500,0
0.520863991230726,1.41658940119669,2.04153899801895,"high_t_low_q",500,0
-1.54103546030819,1.80915480013937,2.22725267405622,"high_t_low_q",500,0
0.594314273446798,2.7988399611786,2.39026778843254,"high_t_low_q",500,0
3.56983960047364,3.51396400947124,2.32322132971603,"high_t_low_q",500,2.52248222309959e-07
2.70295341126621,4.55989880720153,2.43079206557013,"high_t_low_q",500,0
2.09802622534335,1.53344091959298,2.39625326823443,"high_t_low_q",500,0
-1.15029262565076,2.39918389124796,2.19618015689775,"high_t_low_q",500,0
3.73160650767386,1.31411086185835,2.43536874011625,"high_t_low_q",500,9.58890170537074e-05
-0.0744117014110088,2.36546485102735,2.39298325963318,"high_t_low_q",500,0
-2.4818195104599,4.88969398429617,2.35681756341364,"high_t_low_q",500,0
-3.04949115216732,3.78031722502783,1.93366358755156,"high_t_low_q",500,0
-1.53060767613351,3.74534365255386,2.46379088668618,"high_t_low_q",500,0
-0.699172332882881,0.286904023960233,2.19262731843628,"high_t_low_q",500,0
-1.66579577885568,2.05588534590788,2.413942211424,"high_t_low_q",500,0
-1.92866953648627,3.45290455734357,1.9739860430127,"high_t_low_q",500,0
2.29481646232307,1.64780612103641,1.97636279219296,"high_t_low_q",500,0
2.45180622115731,0.797221797984093,2.37315972801298,"high_t_low_q",500,0
1.67975379340351,1.23132291482762,1.99546861811541,"high_t_low_q",500,0
-3.55579646490514,3.63537322846241,2.21419985406101,"high_t_low_q",500,0
-1.58458927460015,2.47635117266327,2.278438025387,"high_t_low_q",500,0
3.44966764748096,1.4371668046806,2.20459420583211,"high_t_low_q",500,0
2.40542793832719,0.862033787416294,2.16413271205965,"high_t_low_q",500,0
2.83306045085192,1.88561697723344,2.00526653439738,"high_t_low_q",500,0
0.956265691667795,4.33510865550488,2.27612883783877,"high_t_low_q",500,0
2.75513684935868,0.506954087177292,2.48978425282985,"high_t_low_q",500,0
2.20152166299522,4.64474880136549,2.29272038384806,"high_t_low_q",500,0
3.99116566777229,0.665904203196988,2.04255205055233,"high_t_low_q",500,0
0.298594996333122,0.126814690884203,2.1497471089242,"high_t_low_q",500,0
-3.9432813283056,0.872608239296824,2.06238665909041,"high_t_low_q",500,0
-0.30271939188242,0.179081241367385,2.43386077694595,"high_t_low_q",500,0
1.34032727405429,3.18145084893331,2.26119503786322,"high_t_low_q",500,0
-0.520777912810445,3.80416350089945,2.32870884006843,"high_t_low_q",500,0
0.765117391943932,0.356904341606423,2.4759845045628,"high_t_low_q",500,0
3.36545366793871,1.96908247307874,2.19625388970599,"high_t_low_q",500,0
0.750985454767942,2.45367324678227,2.39242592011578,"high_t_low_q",500,0
2.67915926128626,2.40612068446353,2.06355605914723,"high_t_low_q",500,0
1.96758984774351,0.795946444850415,2.11338484543376,"high_t_low_q",500,0
-0.794703301042318,3.75615502125584,2.16927044093609,"high_t_low_q",500,0
-2.13051749765873,4.43191095255315,2.41252459818497,"high_t_low_q",500,0
-1.71504283696413,0.3083846939262,2.19914074463304,"high_t_low_q",500,0
-0.825609762221575,0.674722430994734,2.47015700268093,"high_t_low_q",500,0
-0.2620206233114,4.32415257673711,2.17054047738202,"high_t_low_q",500,0
2.26860301196575,0.158956053201109,2.07016260188539,"high_t_low_q",500,0
1.54455653019249,0.946834543719888,2.18223491217941,"high_t_low_q",500,0
-0.413096500560641,3.51198067655787,1.90123709617183,"high_t_low_q",500,0
-0.351547211408615,3.53059720946476,2.3192432540236,"high_t_low_q",500,0
1.77430753596127,1.03092747740448,2.10581713239662,"high_t_low_q",500,0
1.94095346145332,4.27132075419649,2.39122173807118,"high_t_low_q",500,0
-2.01078309863806,4.68692071153782,2.38413854094688,"high_t_low_q",500,0
-1.00965795479715,4.58015738986433,2.46490989229642,"high_t_low_q",500,0
1.65106283128262,4.22549170907587,2.20773665118031,"high_t_low_q",500,0
2.22726433351636,2.2067207377404,2.1024235303048,"high_t_low_q",500,0
2.75032800808549,2.57622694480233,2.38240947015584,"high_t_low_q",500,0
1.63559582456946,4.75686342688277,2.13698052277323,"high_t_low_q",500,0
-3.1884967777878,3.5925061267335,2.36266817839351,"high_t_low_q",500,0
-1.01317657344043,2.49321372830309,2.07357715989929,"high_t_low_q",500,0
-1.48833624087274,1.08278676052578,2.03883258276619,"high_t_low_q",500,0
3.86920556612313,2.67482610070147,2.44500429194886,"high_t_low_q",500,5.10787288234837e-05
-2.90609447844326,3.90215921215713,2.45061420137063,"high_t_low_q",500,0
-0.830888897180557,2.31068367720582,2.43457456643227,"high_t_low_q",500,0
0.269341686740518,4.61323032504879,2.26741406368092,"high_t_low_q",500,0
3.74651800096035,3.04783130413853,2.22789100313094,"high_t_low_q",500,1.64225149035246e-08
2.90408764779568,4.23343120492063,2.05307229305618,"high_t_low_q",500,0
-1.50597958639264,3.27914307708852,2.41830101353116,"high_t_low_q",500,0
1.24711806699634,4.5496521925088,1.98077454930171,"high_t_low_q",500,0
1.23538212664425,1.168510975549,2.2168705315562,"high_t_low_q",500,0
3.46937206573784,0.627560308203101,2.325150637771,"high_t_low_q",500,5.72260380060641e-06
-1.37072607316077,2.54971045069396,2.38330788619351,"high_t_low_q",500,0
-0.0551181230694056,0.895386107731611,1.9729856873164,"high_t_low_q",500,0
0.139927787706256,3.83362162974663,2.3635949799791,"high_t_low_q",500,0
1.23024385049939,3.85354789323173,2.10613316332456,"high_t_low_q",500,0
2.28468463197351,3.00250981235877,2.45100776373874,"high_t_low_q",500,0
-0.177576173096895,1.01649431162514,2.01732814544812,"high_t_low_q",500,0
3.49699429608881,3.82688305107877,2.45177963632159,"high_t_low_q",500,6.67840027546163e-06
0.554572563618422,2.95323106111027,2.08727574266959,"high_t_low_q",500,0
3.35975584201515,4.48490909184329,2.47407409129664,"high_t_low_q",500,2.23772827645519e-06
-1.47382305562496,3.81616925587878,2.14355610427447,"high_t_low_q",500,0
-0.341345777735114,0.960784038761631,2.40432670805603,"high_t_low_q",500,0
3.72159213386476,0.324580870801583,2.31613641721196,"high_t_low_q",500,6.84810751572229e-06
3.27771010063589,2.54431902430952,2.29910140682478,"high_t_low_q",500,0
3.46025066263974,3.4847779199481,2.4074741138611,"high_t_low_q",500,2.51984973687058e-06
-1.25011098943651,0.827184657100588,2.12459647038486,"high_t_low_q",500,0
3.91153084486723,0.245115655707195,2.17324962723069,"high_t_low_q",500,2.58581689394077e-08
-1.26060069538653,0.0132606597617269,2.10434486391023,"high_t_low_q",500,0
2.0212442651391,2.28823040379211,2.02128748758696,"high_t_low_q",500,0
-0.656475599855185,1.81239885860123,2.46670228254516,"high_t_low_q",500,0
-2.35614148713648,3.84355093701743,1.90271632105578,"high_t_low_q",500,0
-1.83137317746878,0.70284046814777,1.92426470224746,"high_t_low_q",500,0
-0.376983623951674,3.85806857375428,2.29386554216035,"high_t_low_q",500,0
-0.287109477445483,4.50995477149263,2.20060120103881,"high_t_low_q",500,0
-0.549546536058187,1.05586494901218,2.06758573476691,"high_t_low_q",500,0
2.29036956094205,4.89584634779021,1.9519461505115,"high_t_low_q",500,0
3.76987263374031,3.58246948453598,2.33500716334675,"high_t_low_q",500,8.00358225916398e-07
-0.589375600218773,2.0923547912389,1.8788098404184,"high_t_low_q",500,0
1.60992522165179,0.253295880975202,2.10115171328653,"high_t_low_q",500,0
-3.0689205750823,3.83116113371216,2.09040956979152,"high_t_low_q",500,0
-2.14291390404105,0.861530459951609,2.20509354956448,"high_t_low_q",500,0
-0.873470917344093,3.49424200248905,2.46555162884761,"high_t_low_q",500,0
-1.72787782549858,4.059655679157,1.93884417472873,"high_t_low_q",500,0
-2.17274622991681,4.8963610897772,2.01237063040026,"high_t_low_q",500,0
3.61283373832703,2.18653919873759,2.37340779334772,"high_t_low_q",500,6.59740036113021e-06
-1.86451548524201,4.39298164565116,2.36984256247524,"high_t_low_q",500,0
-2.38130310550332,3.71146209072322,2.48611778835766,"high_t_low_q",500,0
0.634717183187604,2.45163472136483,2.46991399500985,"high_t_low_q",500,0
0.856367850676179,1.07324516866356,1.90053645288572,"high_t_low_q",500,0
-0.791387410834432,1.44550776458345,1.9972924265312,"high_t_low_q",500,0
2.51475682854652,0.63581662834622,2.3963323055068,"high_t_low_q",500,0
-2.50610867701471,4.81234269100241,1.9075799966231,"high_t_low_q",500,0
-2.58750002272427,0.0854835379868746,2.47575783054344,"high_t_low_q",500,0
1.63897373341024,4.28100185235962,2.37845654366538,"high_t_low_q",500,0
3.24292261898518,2.42788784671575,2.41252203646582,"high_t_low_q",500,3.92204243837568e-06
-3.47246018052101,3.80375395761803,2.19370517123025,"high_t_low_q",500,0
1.96766187623143,2.53749515977688,2.24806104612071,"high_t_low_q",500,0
1.50608850643039,0.844209518982098,1.98355395172257,"high_t_low_q",500,0
-3.50401945225894,1.65693826274946,2.29718299815431,"high_t_low_q",500,0
-1.07513764500618,0.653529237024486,2.08045358362142,"high_t_low_q",500,0
-1.72279697656631,0.454646814614534,2.23521638137754,"high_t_low_q",500,0
-3.25505210086703,0.583713623927906,2.12508391472511,"high_t_low_q",500,0
-1.99980458430946,15.5138326401357,0.118008040008135,"interior_stable",700,0
-1.70838894508779,18.5305830731522,0.359115648316219,"interior_stable",700,0
1.68907203897834,8.91566419159062,1.10328320239205,"interior_stable",700,0
1.40109744668007,9.06555813271552,0.594019026611932,"interior_stable",700,0
-3.69253716804087,17.3028711171355,1.03652477439027,"interior_stable",700,0
-1.32916586659849,15.6305657175835,0.446838363423012,"interior_stable",700,0
-0.0710229333490133,17.5785448867828,0.0738414021907374,"interior_stable",700,0
-0.179251555353403,14.806154865073,0.533831712091342,"interior_stable",700,0
0.350364878773689,14.2515009269118,0.725499110412784,"interior_stable",700,0
-2.39537897333503,13.2509325805586,0.852723225834779,"interior_stable",700,0
0.650637628510594,14.7751397744287,0.375163764110766,"interior_stable",700,0
-2.46482007391751,17.2496210841928,1.16143657884095,"interior_stable",700,0
3.02060644887388,23.9956993958913,0.734190851217136,"interior_stable",700,0
0.733019167557359,22.7586027409416,1.05493355018552,"interior_stable",700,0
-1.67458674497902,16.4918969909195,0.637939200969413,"interior_stable",700,0
-1.02493355423212,20.3838627436198,0.0413568445947021,"interior_stable",700,0
1.12004789710045,14.3492899776902,0.975701991119422,"interior_stable",700,0
1.22214458324015,15.479756926652,1.22975688369479,"interior_stable",700,0
-2.78329600021243,14.9023965059314,0.292070120340213,"interior_stable",700,0
1.77215578779578,13.1605304370169,1.18249941791873,"interior_stable",700,0
-3.93525613844395,13.2589458720759,0.268928255536593,"interior_stable",700,0
1.24400766566396,20.6903515441809,0.0176968885352835,"interior_stable",700,0
3.57382314279675,23.2090368459467,0.844727761577815,"interior_stable",700,0
-0.368251016363502,21.7100776557345,0.0852037552976981,"interior_stable",700,0
-3.68555254675448,11.8734248972032,1.16320367495064,"interior_stable",700,0
3.92931784689426,11.2207204278093,0.876067447243258,"interior_stable",700,0
-2.78053914569318,21.9399382651318,1.04478707944509,"interior_stable",700,0
-1.11661457084119,15.2468228596263,0.0470254378160462,"interior_stable",700,0
1.64317670091987,9.50490706600249,0.0629223691066727,"interior_stable",700,0
-0.634726949036121,11.2834888219368,0.163633649353869,"interior_stable",700,0
1.62746796943247,19.3563719105441,0.0430129369487986,"interior_stable",700,0
-3.24808088317513,9.20006539672613,0.834411004907452,"interior_stable",700,0
-3.33686964772642,19.560610660119,1.14413940173108,"interior_stable",700,0
-1.47450962476432,14.6026982751209,0.192428342998028,"interior_stable",700,0
0.308516627177596,20.3229699865915,0.504644127795473,"interior_stable",700,0
-1.77435787767172,17.1201944060158,0.592393843689933,"interior_stable",700,0
2.08173253014684,13.1802623625845,0.228993635973893,"interior_stable",700,0
-2.35435056500137,23.5525028372649,1.0538068797905,"interior_stable",700,0
-1.3720417805016,21.7505305190571,0.843566862749867,"interior_stable",700,0
-3.14452175609767,9.73496161750518,0.202941598254256,"interior_stable",700,0
-1.45252134464681,13.7970460171346,0.255102845840156,"interior_stable",700,0
-3.76820160262287,23.3128924272023,0.11879492085427,"interior_stable",700,0
-0.49506681971252,9.01873160037212,0.953548297984526,"interior_stable",700,0
0.42968681640923,9.80959021253511,0.195667647640221,"interior_stable",700,0
3.95950883068144,21.1067576194182,0.728740621125326,"interior_stable",700,0
-0.138514749705791,10.2570991613902,0.770669371122494,"interior_stable",700,0
0.459613429382443,9.48920311057009,1.04708350729197,"interior_stable",700,0
3.27020863257349,23.5648384608794,1.16419265919831,"interior_stable",700,0
-3.77662378922105,17.1201382880099,1.00294756528456,"interior_stable",700,0
-0.663170874118805,13.0313799716532,0.35066043259576,"interior_stable",700,0
3.84552172757685,19.4394437305164,0.586364010814577,"interior_stable",700,0
0.151833077892661,15.8502514299471,0.72837085230276,"interior_stable",700,0
-2.48323506116867,9.91001555812545,0.930060741957277,"interior_stable",700,0
0.78824364207685,21.4063356688712,0.0994903442915529,"interior_stable",700,0
-3.98810196854174,21.2977662333287,0.211060596047901,"interior_stable",700,0
-1.07973168417811,20.9042876726016,0.442459372570738,"interior_stable",700,0
1.08516754768789,13.2591830391902,0.983214033185504,"interior_stable",700,0
2.66500850394368,24.7924333321862,1.10744424397126,"interior_stable",700,0
2.89117734134197,14.0555412974209,0.439662785502151,"interior_stable",700,0
0.114251043647528,18.1411843223032,1.04287472669967,"interior_stable",700,0
-3.33171256631613,14.8834074556362,0.89422745979391,"interior_stable",700,0
1.0531562641263,23.3366612228565,1.0123222542461,"interior_stable",700,0
-3.3577146101743,11.6993062198162,1.1922245437745,"interior_stable",700,0
-0.658315228298306,14.6141744335182,1.14324149442837,"interior_stable",700,0
3.88723614253104,15.3153834340628,1.23083877493627,"interior_stable",700,0
-2.56560263037682,14.1161575331353,0.27050034084823,"interior_stable",700,0
-3.35791412740946,20.2583502628841,0.685174247482792,"interior_stable",700,0
1.71502224169672,13.5649453091901,0.0862657133257017,"interior_stable",700,0
-1.69975374080241,18.4252352861222,0.671602544025518,"interior_stable",700,0
1.47037240490317,22.5193462043535,0.620890622376464,"interior_stable",700,0
1.3269151058048,24.4541783002205,0.703896169434302,"interior_stable",700,0
1.4869465008378,13.7991263822187,0.243071868317202,"interior_stable",700,0
-1.68134479783475,22.7343425038271,0.146719627664424,"interior_stable",700,0
-0.386718183755875,15.4688101843931,0.640531495446339,"interior_stable",700,0
-1.2166164573282,12.7780305570923,1.0315091710072,"interior_stable",700,0
-3.64212460443377,12.7347814966924,0.731061098049395,"interior_stable",700,0
0.223748562857509,11.9618274038658,0.813234852976166,"interior_stable",700,0
-0.121586749330163,9.86796660581604,0.394427076680586,"interior_stable",700,0
-0.062257619574666,18.0411758075934,0.57514913554769,"interior_stable",700,0
3.20857027359307,18.7703274365049,1.20522952114698,"interior_stable",700,0
3.11246299929917,22.6357573585119,1.08836693456396,"interior_stable",700,0
1.63298299349844,13.8639627897646,0.151489654090255,"interior_stable",700,0
3.53327260538936,22.0059122191742,1.14157242293004,"interior_stable",700,0
-1.60206112451851,11.7049059714191,0.248490260564722,"interior_stable",700,0
0.632541790604591,17.4345895764418,0.742377755232155,"interior_stable",700,0
-1.84592564962804,22.566068690503,0.901988826226443,"interior_stable",700,0
2.90118045918643,17.4055174167734,1.1096238961909,"interior_stable",700,0
-3.62257711775601,12.2357908985578,1.08736573834904,"interior_stable",700,0
1.41084426827729,22.0493707282003,0.0209227640880272,"interior_stable",700,0
3.71519997343421,12.9181132244412,0.0495778192998841,"interior_stable",700,0
2.35730146802962,8.99875669274479,1.22263106168248,"interior_stable",700,0
-1.12647828273475,8.96675072144717,0.974088778602891,"interior_stable",700,0
-2.33419713005424,13.7286151351873,0.443454281776212,"interior_stable",700,0
-3.68050388805568,20.0579986558296,0.978508435073309,"interior_stable",700,0
1.81138439103961,22.2267404140439,1.24260487558786,"interior_stable",700,0
0.887819591909647,19.7930967784487,0.19665413768962,"interior_stable",700,0
-0.648864904418588,10.126031760592,0.438383658183739,"interior_stable",700,0
3.06928552873433,15.3913090645801,0.0425457494566217,"interior_stable",700,0
2.82660633511841,21.9810494279955,0.670026376610622,"interior_stable",700,0
-2.45836494676769,13.1428388238419,1.15275183692575,"interior_stable",700,0
-1.19156650453806,18.7994445033837,0.341036398895085,"interior_stable",700,0
-2.55378538183868,16.1144697922282,0.230542373028584,"interior_stable",700,0
-2.11349354684353,20.264787808992,0.18562764977105,"interior_stable",700,0
-1.27999733947217,17.255508271046,1.18868996680249,"interior_stable",700,0
-0.617460556328297,18.2792532374151,0.30141768977046,"interior_stable",700,0
-2.92579909786582,14.8467011225875,0.698101570014842,"interior_stable",700,0
1.06773432716727,24.5190042303875,0.0818192411679775,"interior_stable",700,0
-1.6575389765203,14.7320852789562,0.392672746675089,"interior_stable",700,0
-3.11169997602701,23.0874544708058,0.674458622233942,"interior_stable",700,0
1.02984975464642,23.8061981159262,0.978426786023192,"interior_stable",700,0
0.702630305662751,18.9090022468008,0.906047485768795,"interior_stable",700,0
1.28568959981203,17.4299563572276,0.793472325894982,"interior_stable",700,0
-2.73683515563607,12.1278009144589,0.542598617612384,"interior_stable",700,0
-2.92281925678253,19.2623432725668,0.318448268226348,"interior_stable",700,0
0.766294151544571,18.7749056960456,0.951339001767337,"interior_stable",700,0
-0.515378026291728,19.3261257372797,1.07786951062735,"interior_stable",700,0
0.577549112960696,22.3099637776613,0.484645068063401,"interior_stable",700,0
0.584202555939555,8.99007793632336,1.02295224263798,"interior_stable",700,0
-2.4779099188745,22.5287180102896,0.645686645875685,"interior_stable",700,0
-2.18876232393086,19.6165064757224,0.250293911667541,"interior_stable",700,0
-2.11776661127806,17.4493989848997,1.0262951022014,"interior_stable",700,0
-2.1926920954138,11.1483335844241,0.550775062292814,"interior_stable",700,0
0.987282691523433,12.9784699471202,1.06226727482863,"interior_stable",700,0
-2.57860779203475,16.5653133008163,0.499092944082804,"interior_stable",700,0
0.61774530634284,19.6340355905704,1.07170369068626,"interior_stable",700,0
2.6985272038728,21.2603604770266,1.16184811049607,"interior_stable",700,0
2.53910309635103,14.8313861514907,0.0430822459748015,"interior_stable",700,0
-3.22427897900343,15.2506468875799,0.03830467001535,"interior_stable",700,0
2.5452105216682,10.8878158731386,0.71574759320356,"interior_stable",700,0
-2.03428952023387,24.8369567794725,0.527459087315947,"interior_stable",700,0
1.79965885542333,24.4770083576441,0.780323855578899,"interior_stable",700,0
-0.768159868195653,16.0976033424959,0.250741935451515,"interior_stable",700,0
0.0231506396085024,22.0836889231578,1.18288382363971,"interior_stable",700,0
2.5738625228405,22.889924258925,0.972649459727108,"interior_stable",700,0
-3.61871446669102,13.0455876467749,0.149056759546511,"interior_stable",700,0
1.6150037124753,18.032616423443,0.712342824554071,"interior_stable",700,0
-2.22012698277831,11.4950952876825,0.263087766361423,"interior_stable",700,0
3.0070078112185,22.4246091442183,0.109734164434485,"interior_stable",700,0
-0.592725306749344,24.040392000461,0.2620975964237,"interior_stable",700,0
-1.13362135179341,11.5409208112396,1.10165689955465,"interior_stable",700,0
0.65738520026207,23.5260295507032,0.926028974354267,"interior_stable",700,0
3.51718853786588,11.4980619808193,0.951442605582997,"interior_stable",700,0
1.70714959688485,21.6480372822843,0.641189130838029,"interior_stable",700,0
-1.47385297715664,20.2036966686137,1.18212116882205,"interior_stable",700,0
-3.24501834623516,9.67664641793817,0.626607144949958,"interior_stable",700,0
0.287413174286485,13.2903737947345,1.17832014861051,"interior_stable",700,0
-3.67183201014996,22.7729138394352,0.756811070605181,"interior_stable",700,0
-1.28604993224144,8.77682746504433,0.516779830795713,"interior_stable",700,0
0.119173863902688,23.210111114895,1.00419075926766,"interior_stable",700,0
-0.654197948053479,21.7439040658064,0.10971154901199,"interior_stable",700,0
0.00942972488701344,22.9437164613046,1.38362293946557,"transition",700,0
2.44680664874613,8.09936759760603,0.460767460172065,"transition",700,0
-0.493771901354194,6.58537707640789,1.64235985605046,"transition",700,0
-1.53178366646171,7.11646233685315,1.54235009802505,"transition",700,0
1.45202081091702,17.6460218499415,1.82934834330808,"transition",700,0
-2.63294154033065,24.9704494955949,1.2895129644312,"transition",700,0
3.30684299208224,8.43652444891632,0.139173225616105,"transition",700,0
2.90255982615054,21.6877309780102,1.74002239888068,"transition",700,0
2.40570879168808,7.38644902012311,0.801900581573136,"transition",700,0
0.341761654242873,13.981614774093,1.39528014697134,"transition",700,0
-1.12544240429997,15.9026015317068,1.27521227987017,"transition",700,0
1.8122841604054,17.5706288602669,1.33715146686882,"transition",700,0
1.2686864733696,10.0830020208377,1.39279591792729,"transition",700,0
2.90308611653745,6.26375271822326,1.09061477240175,"transition",700,0
0.61958185583353,5.26184120681137,0.511673984001391,"transition",700,0
-2.5772221814841,5.8223346946761,0.262474237242714,"transition",700,0
0.797715682536364,17.2226324561052,1.65581302484497,"transition",700,0
3.92144150473177,6.98272697627544,0.27562324074097,"transition",700,0
-2.55086067132652,14.6266121824738,1.47892335953657,"transition",700,0
1.38012732192874,11.0965141328052,1.32203888439108,"transition",700,0
-3.27603622898459,22.8034672909416,1.58873292326462,"transition",700,0
1.53649062477052,7.32166941161267,1.21693922905251,"transition",700,0
-1.19802897423506,24.6216491388623,1.31494095083326,"transition",700,0
2.04619137383997,23.3231593214441,1.62509304238483,"transition",700,0
3.46599983982742,8.49739516270347,0.0924483960261568,"transition",700,0
3.97822779975832,5.80040462082252,0.416859510005452,"transition",700,0
2.37007995136082,5.52977451588959,0.0230135704623535,"transition",700,0
-0.289558682590723,17.8158877533861,1.64051992818713,"transition",700,0
3.68555969558656,11.8057941144798,1.27521272632293,"transition",700,0
2.4075007326901,11.1613474378828,1.67942595726345,"transition",700,0
3.13395697064698,7.19859890523367,0.373387389117852,"transition",700,0
-3.6040356438607,21.8686860753223,1.63473057094961,"transition",700,0
3.63249830715358,6.30017808289267,1.30166689516045,"transition",700,0
-2.63707419671118,7.53372317994945,0.712980722892098,"transition",700,0
-0.113507404923439,6.24793478637002,0.403057933435775,"transition",700,0
-0.996085280552506,21.8019642867148,1.45537979027722,"transition",700,0
-2.31489008106291,10.4607161541935,1.4315474772593,"transition",700,0
3.83708597533405,7.51266267034225,0.149177323910408,"transition",700,0
3.11556438356638,24.62422484532,1.71489154570736,"transition",700,0
1.35966950282454,6.92344990675338,0.17370987101458,"transition",700,0
-1.60427988506854,8.58233888284303,0.989466398023069,"transition",700,0
-2.09024325013161,17.1435576339718,1.30756886559539,"transition",700,0
-1.59488212503493,11.4785501966253,1.70914881397039,"transition",700,0
-3.11420476995409,6.70890007168055,1.63085502455942,"transition",700,0
1.94322571903467,5.16246678307652,1.61477641959209,"transition",700,0
0.210151391103864,21.9117303786334,1.39047978736926,"transition",700,0
0.21024932526052,18.7932950328104,1.70510021678638,"transition",700,0
0.439112436026335,20.6198135390878,1.45028243481647,"transition",700,0
0.380483377724886,23.8755964732263,1.4836574770743,"transition",700,0
0.410531558096409,22.739307244774,1.31775225454476,"transition",700,0
2.26541700959206,6.69556462089531,0.47664672776591,"transition",700,0
1.5593233704567,6.61534237442538,1.85509532631841,"transition",700,0
2.41106396727264,6.05922376853414,0.133920341031626,"transition",700,0
0.620377749204636,5.58625048142858,0.808586814673617,"transition",700,0
3.22280298732221,5.01119968248531,1.29942359693814,"transition",700,0
0.349055703729391,7.4239625246264,1.04276491911151,"transition",700,0
0.765894412994385,23.8866598752793,1.5084868617123,"transition",700,0
3.19591444171965,8.88789976597764,1.80660737212747,"transition",700,0
-3.89849876984954,7.16405980056152,0.0593430374283344,"transition",700,0
-2.90885285288095,16.0990609787405,1.73813013301697,"transition",700,0
0.360542599111795,21.2464478798211,1.79232206894085,"transition",700,0
-1.54973270185292,12.8251647634897,1.52757177711464,"transition",700,0
-2.68128434754908,20.5192189605441,1.34626814047806,"transition",700,0
-1.35158798284829,10.3706582740415,1.54243268596474,"transition",700,0
-3.070765260607,22.841613664059,1.38988283579238,"transition",700,0
-0.975912919268012,11.7109441081993,1.44225930620451,"transition",700,0
-2.368492718786,24.3953631259501,1.51965719938744,"transition",700,0
0.0926920380443335,9.60625465377234,1.37472142348997,"transition",700,0
0.388704398646951,20.6742763228249,1.37955513899215,"transition",700,0
-2.17456644773483,6.51980352122337,0.897689228877425,"transition",700,0
-2.80116970837116,10.2240139560308,1.67940279527102,"transition",700,0
1.49633538909256,8.45083689200692,1.37527246959507,"transition",700,0
2.58482171036303,22.2854885098059,1.26085150463041,"transition",700,0
1.32198632135987,7.81097001745366,0.924936120864004,"transition",700,0
-2.37776537053287,5.78035341459326,0.903214356512763,"transition",700,0
-2.03681519441307,7.57888888474554,1.71616293489933,"transition",700,0
3.39730938896537,17.048336728476,1.28908379585482,"transition",700,0
0.25799204222858,13.401361630531,1.33389169641305,"transition",700,0
-0.833995632827282,11.08253824641,1.35230548796244,"transition",700,0
-0.698442000895739,12.6686466799583,1.7147157038562,"transition",700,0
1.63609975576401,13.6525905167218,1.50887183262967,"transition",700,0
2.25696210190654,7.85529518034309,1.37352569261566,"transition",700,0
-0.490359175950289,18.6605100287125,1.87341546348762,"transition",700,0
-1.68977514281869,9.15371217997745,1.39060079061892,"transition",700,0
-0.338103070855141,22.4164741521236,1.51302031881642,"transition",700,0
-2.92905940115452,23.9430117886513,1.65847138676327,"transition",700,0
-1.35089555196464,14.2733520711772,1.83833617309574,"transition",700,0
1.84169093333185,6.68790003983304,1.24747130787,"transition",700,0
-2.19704644940794,5.61952401185408,0.184322205022909,"transition",700,0
2.32479994371533,8.0716545751784,0.133800291223451,"transition",700,0
-0.51902624592185,23.4247369109653,1.25438883434981,"transition",700,0
-1.44567520730197,17.3880234535318,1.34645760932472,"transition",700,0
3.64076961949468,23.0933322105557,1.85298846045043,"transition",700,0
0.308567637577653,12.3621299746446,1.49747301300522,"transition",700,0
0.234416000545025,17.3906197363976,1.71910532691982,"transition",700,0
2.20793874375522,18.7449863413349,1.80687939864583,"transition",700,0
-2.89725973457098,6.9856662012171,1.03420113096945,"transition",700,0
0.314222050830722,8.61862146412022,0.68454792490229,"transition",700,0
-1.37625037878752,10.5715262237936,1.53487540374044,"transition",700,0
-2.25549298338592,8.52683619013987,1.11924435419496,"transition",700,0
-3.25061716325581,10.7165776833426,1.30774062825367,"transition",700,0
3.38768248818815,13.9232562622055,1.66866828862112,"transition",700,0
-2.30944138206542,22.1300892357249,1.78145431680605,"transition",700,0
-2.88917366974056,14.7623130760621,1.81344939395785,"transition",700,0
2.43325938470662,5.92777015990578,0.965238699573092,"transition",700,0
3.90333102270961,22.2346401074901,1.51367054320872,"transition",700,0
0.851275991648436,21.2633722752798,1.69461116835009,"transition",700,0
2.3829411547631,8.82445682073012,1.83332376589533,"transition",700,0
-3.66093152761459,7.5757930171676,1.17749303404707,"transition",700,0
-0.192631382495165,7.63570602284744,0.631607361137867,"transition",700,0
-0.277733311057091,6.68537173769437,0.201909714960493,"transition",700,0
-0.45940762385726,10.9089377045166,1.61849353811704,"transition",700,0
1.27464395388961,5.50878832582384,0.187911623506807,"transition",700,0
1.45227329432964,6.61678977776319,0.0826261838665232,"transition",700,0
2.51954176276922,7.44917938718572,1.16573704057373,"transition",700,0
0.785878738388419,21.0428697988391,1.7644219181966,"transition",700,0
3.33311825245619,8.44026963459328,0.0691236229613423,"transition",700,0
-0.556776506826282,18.7032574554905,1.74365977582056,"transition",700,0
2.30073447525501,6.65290791075677,0.962796476087533,"transition",700,0
-2.54539252072573,16.9616416562349,1.65106567437761,"transition",700,0
1.21224486269057,6.10947716631927,0.563840242102742,"transition",700,0
0.0581071563065052,13.7242520228028,1.67257737892214,"transition",700,0
3.97912135720253,8.05652848212048,0.319675568607636,"transition",700,0
3.61511991173029,7.44728666031733,1.77654311119113,"transition",700,0
-1.83736688829958,21.4859021245502,1.66146156087052,"transition",700,0
-2.97923832572997,8.17565291072242,0.72028407768812,"transition",700,0
2.41760358028114,11.7479953099973,1.58392146870028,"transition",700,0
3.09505279548466,6.60625933669508,1.09256865165662,"transition",700,0
2.58614132739604,8.29835287295282,0.918794730678201,"transition",700,0
-1.87141332775354,6.99568649870344,1.64652544073761,"transition",700,0
-1.64077336527407,19.7825227689464,1.33127059321851,"transition",700,0
3.37777565419674,7.14203037787229,0.554502435261384,"transition",700,0
2.57467221841216,19.595420639962,1.62431051023304,"transition",700,0
-1.33294967748225,15.5992611660622,1.4417725946987,"transition",700,0
1.10934200324118,14.2108852043748,1.48368780734017,"transition",700,0
-0.40920871309936,7.367922749836,1.29955729120411,"transition",700,0
1.31971803680062,20.0398030341603,1.79823299695272,"transition",700,0
-1.10627293586731,6.61871709162369,1.14515512657817,"transition",700,0
3.56471985951066,8.26295971637592,1.82932515745051,"transition",700,0
2.38796056993306,24.3818776332773,1.47511928924359,"transition",700,0
0.942771539092064,5.32421307871118,1.8690660118591,"transition",700,0
0.589932452887297,20.700636174297,1.54311621154193,"transition",700,0
3.97309253923595,18.038398277713,1.85564941319171,"transition",700,0
-1.78470035642385,10.8769555750769,1.8382122926414,"transition",700,0
3.10700634121895,12.5051544688176,1.59097576106433,"transition",700,0
0.506177550181746,10.8591881580651,1.53645976446569,"transition",700,0
2.32127710431814,8.14739844645374,1.00327827967703,"transition",700,0
1.23974472098053,19.5714265108109,1.34653493645601,"transition",700,0
0.112610971555114,14.1197030781768,1.4026216568891,"transition",700,0
0.155595406889915,6.76279583130963,1.07885716366582,"transition",700,0
-1.03658712096512,4.73577518132515,1.07488322712015,"low_separation",700,0
-1.4525399915874,1.82933732867241,0.574363872292452,"low_separation",700,0
0.755985958501697,2.80424771481194,1.50883082300425,"low_separation",700,0
-2.38448545709252,2.73226628778502,0.486672898405232,"low_separation",700,0
2.43584680557251,4.34857831569389,1.65112830465659,"low_separation",700,0
-0.194541826844215,3.2776367617771,0.347204242716543,"low_separation",700,0
-1.18951807171106,1.76197749678977,1.47657790279482,"low_separation",700,0
1.16031190566719,3.44878601608798,1.81641814589966,"low_separation",700,0
-3.37923984229565,3.29647872713394,1.83464869041927,"low_separation",700,0
-3.1544433105737,1.81954298750497,0.381034978781827,"low_separation",700,0
0.79030099324882,4.87957185250707,0.360503461561166,"low_separation",700,0
-3.5907924734056,3.09384018182755,1.03084170317743,"low_separation",700,0
1.20242422260344,1.72095111338422,1.61958901735488,"low_separation",700,0
-1.89991171099246,1.02175463689491,0.557025261223316,"low_separation",700,0
2.51389819197357,0.630190747324377,1.22155593708158,"low_separation",700,0
0.497770462185144,1.63475058507174,0.711541527416557,"low_separation",700,0
0.132033718749881,3.58919400605373,0.353307354380377,"low_separation",700,0
2.17604279331863,0.549202138790861,0.859850493725389,"low_separation",700,0
0.149000270292163,2.34272205270827,0.997176698874682,"low_separation",700,0
-0.0747901052236557,1.67545713484287,0.262977320235223,"low_separation",700,0
-0.239715276286006,2.27327537722886,1.72980633040424,"low_separation",700,0
-2.06969781406224,3.60617744736373,0.34753984073177,"low_separation",700,0
-0.123107435181737,3.47333620302379,0.318203795468435,"low_separation",700,0
1.65520321950316,4.8157398996409,0.113313994952478,"low_separation",700,0
-0.793403616175056,3.9699531684164,1.17641259741504,"low_separation",700,0
1.59796388633549,0.17776534659788,1.35837743000593,"low_separation",700,0
-1.22727632150054,3.13154769828543,0.862589756725356,"low_separation",700,0
-2.82883774675429,4.95450021699071,0.502874844241887,"low_separation",700,0
1.01901876740158,4.69316312228329,1.51549633708782,"low_separation",700,0
-0.540919007733464,0.314046599669382,1.79548721935134,"low_separation",700,0
-3.01920295506716,4.73135869833641,1.08498736342881,"low_separation",700,0
0.815146263688803,1.19047779589891,1.71622599416878,"low_separation",700,0
-2.39274570718408,3.77841722802259,0.217662319773808,"low_separation",700,0
1.83982807025313,3.00062573514879,0.120121188811027,"low_separation",700,0
-1.36690649949014,3.68864292977378,1.28733240300789,"low_separation",700,0
2.74328952282667,2.33235004125163,0.599416936165653,"low_separation",700,0
-0.155190926045179,1.82562999543734,1.00285226129927,"low_separation",700,0
-1.5378967281431,2.16541227418929,0.322302016429603,"low_separation",700,0
1.41181722469628,0.858928938396275,0.0376792415045202,"low_separation",700,0
0.835280919447541,3.7421457527671,1.13434946455527,"low_separation",700,0
-3.92715012468398,2.02595070004463,0.674985517980531,"low_separation",700,0
-3.93028567545116,2.77209865162149,0.852414420805871,"low_separation",700,0
-1.22638323158026,3.94054718199186,1.54920740169473,"low_separation",700,0
-1.87020196020603,3.05752154672518,0.509318389813416,"low_separation",700,0
-3.9370279405266,0.862564094131812,0.998893740470521,"low_separation",700,0
-2.58679756708443,4.19761409284547,1.59808721218724,"low_separation",700,0
-0.970450766384602,2.56859125220217,0.907715108478442,"low_separation",700,0
1.92491590231657,3.6533851060085,1.20194315037224,"low_separation",700,0
1.3141187466681,2.86130640888587,0.623169526807033,"low_separation",700,0
1.4591852389276,2.14888647315092,1.77179973514285,"low_separation",700,0
1.71090919524431,0.0359259429387748,0.665400425787084,"low_separation",700,0
2.64558806084096,2.22105164430104,1.67794841108844,"low_separation",700,0
-2.92997016385198,0.313479139003903,0.137414984055795,"low_separation",700,0
-1.10419331304729,2.96534827793948,1.1983511724975,"low_separation",700,0
-0.147551856935024,4.08105658134446,1.74661452241708,"low_separation",700,0
-3.24919239990413,2.07167800399475,0.619754054932855,"low_separation",700,0
2.61051642335951,3.06594973080792,0.343270926969126,"low_separation",700,0
-3.34849371388555,1.2390969437547,0.912929403712042,"low_separation",700,0
3.33299531042576,0.311293551931158,0.843664762214758,"low_separation",700,0
-0.194984272122383,4.97745514148846,0.577304433099926,"low_separation",700,0
0.827067706733942,2.78976177796721,0.309125830535777,"low_separation",700,0
-2.44790214672685,0.487245986005291,0.566470741177909,"low_separation",700,0
1.71071894839406,4.51700325356796,1.0532966023311,"low_separation",700,0
0.360393105074763,1.24662477755919,0.725739666377194,"low_separation",700,0
2.45084154605865,4.18503145920113,1.28595066722482,"low_separation",700,0
-2.95303232781589,3.53801953606308,0.107476356206462,"low_separation",700,0
2.58307622745633,4.95261673349887,0.919671237352304,"low_separation",700,0
-0.0904083121567965,0.712330726673827,1.74099291616585,"low_separation",700,0
0.716556321829557,0.67288454156369,0.760548177058809,"low_separation",700,0
-0.0790801756083965,0.808418117230758,1.26122946443502,"low_separation",700,0
-1.37924708984792,2.00890881242231,1.71439280908089,"low_separation",700,0
3.96421197988093,4.18708506622352,1.04192322061863,"low_separation",700,0
-1.45620534941554,4.91080440115184,0.8255274646217,"low_separation",700,0
3.57892690598965,2.51676882035099,0.0787575705908239,"low_separation",700,0
2.40926050581038,0.204054301138967,0.355774866766296,"low_separation",700,0
-2.31869408302009,2.07860308582895,0.613867475185543,"low_separation",700,0
3.54273921065032,2.40983401308767,1.01461726240814,"low_separation",700,0
1.80242418684065,3.49109992384911,1.32036066788714,"low_separation",700,0
-0.623286129906774,2.49214883660898,1.411053086631,"low_separation",700,0
-1.29790352284908,0.35344084026292,1.5748113807058,"low_separation",700,0
-3.48020161502063,4.84036097768694,0.140950100612827,"low_separation",700,0
-0.0952104516327381,3.27963962336071,1.14148638676852,"low_separation",700,0
-0.453696757555008,4.06829888815992,0.153150237747468,"low_separation",700,0
1.44534804485738,0.0822726637125015,1.6272661741823,"low_separation",700,0
2.20437727868557,1.94893748266622,0.808873879141174,"low_separation",700,0
-1.43339169025421,2.98189569730312,1.55278258956969,"low_separation",700,0
0.617822902277112,3.67399004171602,1.52633454301395,"low_separation",700,0
0.0288116112351418,0.470532587496564,1.59664879669435,"low_separation",700,0
0.620872305706143,4.48172178585082,1.49333104607649,"low_separation",700,0
-3.25636192597449,2.97029314097017,0.94579057302326,"low_separation",700,0
3.20962744019926,4.05429925303906,0.545272309100255,"low_separation",700,0
-2.77826696448028,1.8157901999075,0.50218052638229,"low_separation",700,0
-0.599364254623652,4.52895383350551,1.23657486925367,"low_separation",700,0
-2.83463666029274,0.845125498017296,1.39742986648344,"low_separation",700,0
0.737379129976034,4.90575827425346,0.701530243968591,"low_separation",700,0
0.972124731168151,0.865178211824968,0.143245976651087,"low_separation",700,0
-3.71526376157999,3.03493246319704,1.44104925333522,"low_separation",700,0
2.71576595306396,2.10345426457934,1.09774017357267,"low_separation",700,0
-3.57212997600436,0.29663682798855,0.508161666803062,"low_separation",700,0
-1.26813707686961,2.34579598763958,0.0676886376459152,"low_separation",700,0
3.29428885504603,1.64173361845315,1.44643987820018,"low_separation",700,0
2.80019468069077,0.416242278879508,1.02214167884085,"low_separation",700,0
1.8598547168076,3.62507057725452,0.153407856705599,"low_separation",700,0
2.635741841048,0.517188338562846,1.31836219865363,"low_separation",700,0
1.89966171234846,1.04170088307001,1.40335146221332,"low_separation",700,0
2.60380914993584,3.69855301687494,0.765510424971581,"low_separation",700,0
1.41770455799997,0.0972011592239141,0.548529943916947,"low_separation",700,0
1.53840621560812,2.16876184567809,1.08778042485937,"low_separation",700,0
3.17451793514192,3.10328790219501,1.5330781810917,"low_separation",700,0
-1.21351429261267,4.40686567453668,0.070525161572732,"low_separation",700,0
3.70924296043813,1.29410546505824,0.810306191560812,"low_separation",700,0
-0.38535294495523,2.86170383333229,0.00126225408166647,"low_separation",700,0
0.822406684979796,2.64445481589064,1.49315339804161,"low_separation",700,0
-3.11958486400545,2.62885856209323,1.5466096997261,"low_separation",700,0
1.67330279201269,1.80459796683863,1.00550916686188,"low_separation",700,0
-0.744331086054444,1.3139623508323,0.086348126642406,"low_separation",700,0
2.5144248586148,2.70834649563767,0.988123262068257,"low_separation",700,0
-2.21709553711116,3.7074614490848,0.139416349702515,"low_separation",700,0
0.606855684891343,4.77517709950916,1.0826609324431,"low_separation",700,0
1.63230955973268,1.31374785560183,0.239685265114531,"low_separation",700,0
0.810759445652366,4.90783879649825,1.57316637632903,"low_separation",700,0
2.86015788279474,3.64477309049107,0.3439887217246,"low_separation",700,0
2.52056081779301,3.29091768944636,1.5674274234334,"low_separation",700,0
-2.71791791543365,1.15081553230993,0.0928604661021382,"low_separation",700,0
3.19619046710432,4.22377026989125,0.658219265751541,"low_separation",700,0
0.627901488915086,3.58345271088183,0.276520186453126,"low_separation",700,0
0.722833964973688,2.89628084865399,0.211277474300005,"low_separation",700,0
-0.619671758264303,1.5145001350902,0.148758242721669,"low_separation",700,0
1.52018789388239,2.51639352645725,1.70051369990688,"low_separation",700,0
-2.12707196362317,2.56898193038069,1.78153795248363,"low_separation",700,0
1.41177355125546,2.66401857952587,0.582529639359564,"low_separation",700,0
-1.62633664160967,4.74135384429246,1.66891823406331,"low_separation",700,0
0.428625356405973,2.22173749934882,0.559321751934476,"low_separation",700,0
-3.10241706296802,3.09801889816299,0.0674758508102968,"low_separation",700,0
-1.0003332644701,1.78087871754542,1.57769536308479,"low_separation",700,0
-1.6871364377439,0.883467722451314,0.345362147199921,"low_separation",700,0
-1.7140054423362,3.96144441911019,0.338129192823544,"low_separation",700,0
3.30871099047363,4.88330166554078,1.15735880739521,"low_separation",700,0
-2.62598653323948,2.91303758858703,0.153524557244964,"low_separation",700,0
-2.91714596003294,1.49547199835069,1.71434950141702,"low_separation",700,0
2.01920810714364,0.871094304602593,1.15475269209128,"low_separation",700,0
-0.249176671728492,3.59254252398387,1.79674881626852,"low_separation",700,0
-0.629969667643309,3.64476150716655,0.567555265151896,"low_separation",700,0
0.300587259232998,1.68993727420457,0.680325540015474,"low_separation",700,0
-1.66534195095301,0.174052792135626,1.28103750932496,"low_separation",700,0
-0.683432841673493,3.49533883854747,0.110704393591732,"low_separation",700,0
3.00319988653064,0.293606269406155,1.69040734414011,"low_separation",700,0
-0.629833983257413,3.27118427958339,1.5748755360255,"low_separation",700,0
-3.18842030130327,0.294557248707861,0.815869153593667,"low_separation",700,0
-1.4397801309824,4.54477549064904,1.00509835639969,"low_separation",700,0
3.86889513209462,24.6066333318595,2.28684746427462,"high_dependence",700,0
-1.93098553083837,21.5234578645322,2.18556807434652,"high_dependence",700,0
2.93933653645217,5.92780128936283,2.09644150047097,"high_dependence",700,0
0.658866263926029,21.3241512654349,2.34112858888693,"high_dependence",700,0
-2.24019450135529,13.5052518337034,1.97340325277764,"high_dependence",700,0
2.2163833770901,18.2871398865245,2.17278477328364,"high_dependence",700,0
0.368263645097613,7.54407730419189,1.89424538926687,"high_dependence",700,0
1.37461251020432,15.2030043187551,2.02364281693008,"high_dependence",700,0
-2.30433544702828,24.7999232320581,2.20329163072165,"high_dependence",700,0
2.14858252927661,17.606742476346,2.46564768604003,"high_dependence",700,0
0.164517313241959,14.195452228887,2.47386991628446,"high_dependence",700,0
2.25628060288727,15.3722903982271,2.24450442008674,"high_dependence",700,0
3.50778059288859,8.69789370335639,2.46855475532357,"high_dependence",700,0
-0.571341333910823,7.56706072133966,2.11920400091913,"high_dependence",700,0
1.27564478479326,7.71178159047849,2.15883711003698,"high_dependence",700,0
-2.85888285748661,11.500629526563,2.05293105565943,"high_dependence",700,0
1.6788274217397,7.57739674882032,2.00543459679466,"high_dependence",700,0
2.88807603344321,11.6193226363976,2.17290559201501,"high_dependence",700,0
-0.0261918902397156,19.2659579217434,2.05602402158547,"high_dependence",700,0
1.92816475406289,18.0298625957221,2.46877148456406,"high_dependence",700,0
2.55021563917398,11.5891213237774,1.95068021828774,"high_dependence",700,0
0.143786603584886,12.846397649264,2.2651863435749,"high_dependence",700,0
-3.11632037907839,11.9286027853377,2.4772672081599,"high_dependence",700,0
0.470730267465115,17.082713637501,2.45212214416824,"high_dependence",700,0
3.0530835352838,9.03621715842746,2.03398539393675,"high_dependence",700,0
-1.1938226763159,21.9367214886006,2.31558333616704,"high_dependence",700,0
-1.26108284853399,22.8471141716,2.0117856253637,"high_dependence",700,0
3.8842960447073,10.0170270481613,2.25162955932319,"high_dependence",700,0
2.77831458859146,14.8186387261376,2.31027169036679,"high_dependence",700,0
-0.947995310649276,10.9575479582418,1.9459344970528,"high_dependence",700,0
1.66636504419148,14.6300058346242,2.03768349892925,"high_dependence",700,0
-0.940447764471173,21.8084445979912,1.97471688792575,"high_dependence",700,0
-3.93387452699244,7.47606009244919,1.91573600051925,"high_dependence",700,0
0.257296223193407,17.6301961415447,1.88266034121625,"high_dependence",700,0
-1.399468626827,13.8533922086935,2.45185219217092,"high_dependence",700,0
-2.78900143876672,20.0833590817638,2.07827604899649,"high_dependence",700,0
3.79038715921342,10.4132200125605,1.9734533195151,"high_dependence",700,0
-0.251524895429611,12.5315580458846,2.4131630291231,"high_dependence",700,0
0.417706796899438,6.38330749352463,2.12056620395742,"high_dependence",700,0
-3.53391282446682,12.5252559664659,2.03833770006895,"high_dependence",700,0
0.16643007658422,24.311307980679,2.29163346695714,"high_dependence",700,0
-3.14833047613502,15.6387853901833,2.45127543515991,"high_dependence",700,0
2.31803949177265,19.4187510584015,2.1652481140336,"high_dependence",700,0
-2.75840637274086,15.9283416694961,2.1511849045055,"high_dependence",700,0
2.08520190045238,17.3600932350382,1.88931043434422,"high_dependence",700,0
1.57527906261384,16.497990489006,2.38830330898054,"high_dependence",700,0
2.99178836867213,15.6996318488382,1.96346667013131,"high_dependence",700,0
3.81479060836136,23.9189552317839,1.94416584447026,"high_dependence",700,0
-1.66757099144161,6.77867639460601,2.36934102489613,"high_dependence",700,0
-3.12608444876969,15.758759988239,2.11460867838468,"high_dependence",700,0
0.266593586653471,20.2198667509947,2.34040472772904,"high_dependence",700,0
0.306105578318238,23.2351939775981,2.0307208126178,"high_dependence",700,0
3.84187145531178,12.5069905247074,2.18356914061587,"high_dependence",700,0
2.72218636982143,6.6065652994439,1.90869427402504,"high_dependence",700,0
-1.89817298203707,13.62847086275,2.27885574859101,"high_dependence",700,0
2.25980338081717,20.6569819536526,2.49679264554288,"high_dependence",700,0
-1.5290775578469,12.5478139554616,1.9983732176479,"high_dependence",700,0
1.54142333567142,9.3253998842556,2.38684210751671,"high_dependence",700,0
1.40405414626002,11.1118585453369,2.30544049292803,"high_dependence",700,0
2.58015858568251,7.72363879950717,2.16208465804812,"high_dependence",700,0
2.73132782243192,16.7824839532841,1.89780888264067,"high_dependence",700,0
-0.377895880490541,20.6976029439829,2.00377435830887,"high_dependence",700,0
-2.10028133541346,18.251209706068,2.42452016624156,"high_dependence",700,0
-1.43712400645018,19.3082340119872,2.09106204449199,"high_dependence",700,0
3.40924760326743,23.5048778878991,2.01235089043621,"high_dependence",700,0
-1.53881188854575,18.0348854570184,2.17166538292076,"high_dependence",700,0
-0.15879481844604,11.244511482073,2.41450572153553,"high_dependence",700,0
3.71411165595055,16.4856166753452,1.89957046241034,"high_dependence",700,0
-1.1298839058727,5.10614319355227,2.31553827412426,"high_dependence",700,0
-0.30828726105392,13.5377691593021,1.99585376831237,"high_dependence",700,0
3.26313376054168,13.9224815706257,2.10700705298223,"high_dependence",700,0
-3.83780520409346,10.2340309822466,2.36275076051243,"high_dependence",700,0
-3.50975172221661,11.931935523171,2.1888871822739,"high_dependence",700,0
-1.94061026722193,21.9759008439723,1.89419139293022,"high_dependence",700,0
0.254111455753446,12.8481165738776,2.01758734241594,"high_dependence",700,0
0.366201758384705,24.5403957553208,2.40121846087277,"high_dependence",700,0
-1.16931722313166,9.67176788835786,2.45994114491623,"high_dependence",700,0
-0.836973924189806,11.0096024000086,2.41589334327728,"high_dependence",700,0
-2.08004821464419,6.96518533513881,2.42516077589244,"high_dependence",700,0
1.56062162667513,12.5771985272877,2.44213476660661,"high_dependence",700,0
-2.7742623668164,7.53545289044268,2.17705350834876,"high_dependence",700,0
3.84714736230671,13.0289928114507,1.93518906016834,"high_dependence",700,0
2.47693098150194,13.6554632277694,2.49785305466503,"high_dependence",700,0
-2.46232714131474,14.8647587629966,1.89415466331411,"high_dependence",700,0
1.27336678281426,8.67942901677452,1.89495676138904,"high_dependence",700,0
-0.497786391526461,5.04337645252235,2.38170678145252,"high_dependence",700,0
3.94709925726056,18.5128891374916,1.9579740439076,"high_dependence",700,0
1.52973393723369,16.5123448765371,2.26035175146535,"high_dependence",700,0
-2.47681725397706,8.41973735950887,2.02605890750419,"high_dependence",700,0
-2.12395838648081,14.881751476787,2.30908968544099,"high_dependence",700,0
-2.8477238714695,7.43981982232071,1.92846172256395,"high_dependence",700,0
-0.142372559756041,10.4419322218746,2.14464057760779,"high_dependence",700,0
3.83348954096437,22.3956850764807,2.39012957201339,"high_dependence",700,0
-2.69787308014929,11.5861925820354,2.33729155210312,"high_dependence",700,0
-2.31976023688912,17.1148464898579,2.45639733970165,"high_dependence",700,0
-2.94499643146992,22.5849760929123,1.91808645788115,"high_dependence",700,0
-3.70751210302114,11.8016970402095,1.96277404087596,"high_dependence",700,0
1.16115215793252,22.6315766514745,2.40430740639567,"high_dependence",700,0
0.748842464759946,10.2615673269611,2.49060707807075,"high_dependence",700,0
-0.377282155677676,18.3534428244457,2.13258419302292,"high_dependence",700,0
-2.4545339923352,10.3327689168509,2.33458487899043,"high_dependence",700,0
-2.40737788751721,22.2264470299706,2.46167212259024,"high_dependence",700,0
2.30259185284376,8.49994735908695,2.44887970970012,"high_dependence",700,0
0.0721461344510317,15.4782562458422,2.21824782609474,"high_dependence",700,0
3.92800571583211,17.5361478468403,2.10476699576247,"high_dependence",700,0
2.93822523765266,8.98021727334708,2.07750365661923,"high_dependence",700,0
0.464729880914092,8.76369754550979,1.9834960042499,"high_dependence",700,0
-0.555352566763759,9.60759847657755,2.25024047540501,"high_dependence",700,0
-0.526084480807185,19.3937086383812,2.18208617065102,"high_dependence",700,0
-1.71201029792428,7.48745107557625,2.20360736246221,"high_dependence",700,0
-3.33446898497641,18.6812171305064,1.9143062911462,"high_dependence",700,0
-2.78117091022432,23.9605854381807,2.24501599557698,"high_dependence",700,0
1.33016763068736,7.46289755334146,2.43396754493006,"high_dependence",700,0
-3.34604361094534,15.5287290050182,2.45413774100598,"high_dependence",700,0
-3.19504938647151,21.2591661605984,1.94206589250825,"high_dependence",700,0
-1.85304486192763,21.4135543094017,2.16314605611842,"high_dependence",700,0
-3.53456785343587,15.7136027701199,2.48126868333202,"high_dependence",700,0
-1.39009048603475,12.0187913940754,2.3446272185538,"high_dependence",700,0
2.17066597938538,18.6967601475772,2.27461095142644,"high_dependence",700,0
3.61756483279169,23.3556995284744,1.88632202160079,"high_dependence",700,0
0.000365804880857468,24.4114640576299,2.08747897704598,"high_dependence",700,0
-3.64274220168591,7.51571145956405,2.1062173275277,"high_dependence",700,0
2.87425936944783,23.7505965866148,2.04746803326998,"high_dependence",700,0
3.83129741251469,14.1719998617191,1.93484553019516,"high_dependence",700,0
-2.61327362060547,18.1919329508673,2.22462166158948,"high_dependence",700,0
3.67463837750256,17.6637762750033,2.4863109603757,"high_dependence",700,0
2.6532672625035,8.72569549828768,2.44031222828198,"high_dependence",700,0
1.20079173147678,17.6516188075766,1.99857526866253,"high_dependence",700,0
-2.93415987305343,16.2234519550111,2.3092377820285,"high_dependence",700,0
-3.97295714914799,15.8522550074849,2.0636403397657,"high_dependence",700,0
3.98671609722078,6.33227148791775,2.20277684566099,"high_dependence",700,0
3.83164764754474,12.3694695415907,2.07158291770611,"high_dependence",700,0
-3.84693384170532,8.85726496344432,2.08811722695827,"high_dependence",700,0
0.501178639009595,8.46743473084643,2.03703965293244,"high_dependence",700,0
-2.98372452519834,9.40344524569809,2.34539085649885,"high_dependence",700,0
2.27458357252181,24.7266368824057,2.44739593646955,"high_dependence",700,0
1.12306573241949,23.2792367634829,2.05151888018008,"high_dependence",700,0
3.78547642752528,6.42857091734186,2.27590729482472,"high_dependence",700,0
0.338874315842986,24.8425448255148,1.98187150759622,"high_dependence",700,0
-1.00167225673795,8.63407508004457,1.94224746490363,"high_dependence",700,0
3.47943282313645,18.3516685501672,2.28200188372284,"high_dependence",700,0
-1.27072152122855,14.8184517398477,2.33709232590627,"high_dependence",700,0
-2.16427974589169,8.78329086699523,1.91695820307359,"high_dependence",700,0
1.79064707644284,22.6150169328321,2.32196708384436,"high_dependence",700,0
-0.46757610142231,16.9284521078225,2.25428789330181,"high_dependence",700,0
-1.13566350191832,5.57618445600383,2.29669713764451,"high_dependence",700,0
-0.510143633931875,22.4718876474071,2.08835566532798,"high_dependence",700,0
-2.52536428719759,7.56821360555477,2.24993913318031,"high_dependence",700,0
-2.07060539536178,23.7183322897181,2.30456927616615,"high_dependence",700,0
0.150030290707946,14.3613830558024,2.49936956504826,"high_dependence",700,0
-2.26288571022451,1.0463876707945,2.46100908552762,"high_t_low_q",700,0
2.32932863384485,2.01150997309014,2.17959248926491,"high_t_low_q",700,0
-0.838664999231696,3.07387689244933,2.13944568240549,"high_t_low_q",700,0
0.501610724255443,4.42469030385837,2.44671640102752,"high_t_low_q",700,0
-1.89413386955857,0.852165051037446,2.06634524802212,"high_t_low_q",700,0
3.08969473652542,2.90110326604918,2.38202150852885,"high_t_low_q",700,0
-0.402191381901503,3.13747852342203,2.04669176077005,"high_t_low_q",700,0
2.26742888987064,1.4563657110557,2.49526479223277,"high_t_low_q",700,0
1.58569636568427,2.4657383444719,2.09797636896838,"high_t_low_q",700,0
-2.75762431696057,0.36448142491281,2.05034545331728,"high_t_low_q",700,0
0.816641807556152,1.64481715182774,2.28919066023082,"high_t_low_q",700,0
1.45559077337384,2.04399728099816,2.22798061207868,"high_t_low_q",700,0
0.453743230551481,3.22814325336367,2.49082844064105,"high_t_low_q",700,0
-2.98904892243445,1.63468114333227,2.04486431030091,"high_t_low_q",700,0
3.01934903673828,1.59955656854436,2.04931456770282,"high_t_low_q",700,0
-1.77567596361041,2.76207261485979,2.27301443286706,"high_t_low_q",700,0
-1.04249240830541,0.88201219914481,1.98474996606819,"high_t_low_q",700,0
-0.395382139831781,3.61086376360618,2.41648369701579,"high_t_low_q",700,0
3.83969520591199,0.265785469673574,1.96132719225716,"high_t_low_q",700,0
0.781450597569346,0.718366156797856,2.28062819514889,"high_t_low_q",700,0
3.44058872759342,1.97150272433646,2.02182161156088,"high_t_low_q",700,0
0.644158454611897,1.82926828274503,2.0518065179931,"high_t_low_q",700,0
-1.13269825279713,1.94889744743705,2.23226808477193,"high_t_low_q",700,0
1.54648972675204,1.50093051488511,2.11260852694977,"high_t_low_q",700,0
3.00259970501065,1.5981336706318,2.3007013334427,"high_t_low_q",700,0
3.08516309596598,4.66986794490367,2.47351823898498,"high_t_low_q",700,0
-3.35428433679044,1.36320170713589,2.26237596187275,"high_t_low_q",700,0
-1.62524396553636,3.58999524614774,1.98961324815173,"high_t_low_q",700,0
-0.838253110647202,2.1774378255941,2.26232750574127,"high_t_low_q",700,0
-3.77554981783032,1.40787356067449,2.49911924125627,"high_t_low_q",700,0
-3.29472879134119,1.65329434094019,2.01382702973206,"high_t_low_q",700,0
-3.74379881285131,3.22758086840622,2.18241261900403,"high_t_low_q",700,0
0.520863991230726,1.41658940119669,2.04153899801895,"high_t_low_q",700,0
-1.54103546030819,1.80915480013937,2.22725267405622,"high_t_low_q",700,0
0.594314273446798,2.7988399611786,2.39026778843254,"high_t_low_q",700,0
3.56983960047364,3.51396400947124,2.32322132971603,"high_t_low_q",700,0
2.70295341126621,4.55989880720153,2.43079206557013,"high_t_low_q",700,0
2.09802622534335,1.53344091959298,2.39625326823443,"high_t_low_q",700,0
-1.15029262565076,2.39918389124796,2.19618015689775,"high_t_low_q",700,0
3.73160650767386,1.31411086185835,2.43536874011625,"high_t_low_q",700,8.93056650852486e-08
-0.0744117014110088,2.36546485102735,2.39298325963318,"high_t_low_q",700,0
-2.4818195104599,4.88969398429617,2.35681756341364,"high_t_low_q",700,0
-3.04949115216732,3.78031722502783,1.93366358755156,"high_t_low_q",700,0
-1.53060767613351,3.74534365255386,2.46379088668618,"high_t_low_q",700,0
-0.699172332882881,0.286904023960233,2.19262731843628,"high_t_low_q",700,0
-1.66579577885568,2.05588534590788,2.413942211424,"high_t_low_q",700,0
-1.92866953648627,3.45290455734357,1.9739860430127,"high_t_low_q",700,0
2.29481646232307,1.64780612103641,1.97636279219296,"high_t_low_q",700,0
2.45180622115731,0.797221797984093,2.37315972801298,"high_t_low_q",700,0
1.67975379340351,1.23132291482762,1.99546861811541,"high_t_low_q",700,0
-3.55579646490514,3.63537322846241,2.21419985406101,"high_t_low_q",700,0
-1.58458927460015,2.47635117266327,2.278438025387,"high_t_low_q",700,0
3.44966764748096,1.4371668046806,2.20459420583211,"high_t_low_q",700,0
2.40542793832719,0.862033787416294,2.16413271205965,"high_t_low_q",700,0
2.83306045085192,1.88561697723344,2.00526653439738,"high_t_low_q",700,0
0.956265691667795,4.33510865550488,2.27612883783877,"high_t_low_q",700,0
2.75513684935868,0.506954087177292,2.48978425282985,"high_t_low_q",700,0
2.20152166299522,4.64474880136549,2.29272038384806,"high_t_low_q",700,0
3.99116566777229,0.665904203196988,2.04255205055233,"high_t_low_q",700,0
0.298594996333122,0.126814690884203,2.1497471089242,"high_t_low_q",700,0
-3.9432813283056,0.872608239296824,2.06238665909041,"high_t_low_q",700,0
-0.30271939188242,0.179081241367385,2.43386077694595,"high_t_low_q",700,0
1.34032727405429,3.18145084893331,2.26119503786322,"high_t_low_q",700,0
-0.520777912810445,3.80416350089945,2.32870884006843,"high_t_low_q",700,0
0.765117391943932,0.356904341606423,2.4759845045628,"high_t_low_q",700,0
3.36545366793871,1.96908247307874,2.19625388970599,"high_t_low_q",700,0
0.750985454767942,2.45367324678227,2.39242592011578,"high_t_low_q",700,0
2.67915926128626,2.40612068446353,2.06355605914723,"high_t_low_q",700,0
1.96758984774351,0.795946444850415,2.11338484543376,"high_t_low_q",700,0
-0.794703301042318,3.75615502125584,2.16927044093609,"high_t_low_q",700,0
-2.13051749765873,4.43191095255315,2.41252459818497,"high_t_low_q",700,0
-1.71504283696413,0.3083846939262,2.19914074463304,"high_t_low_q",700,0
-0.825609762221575,0.674722430994734,2.47015700268093,"high_t_low_q",700,0
-0.2620206233114,4.32415257673711,2.17054047738202,"high_t_low_q",700,0
2.26860301196575,0.158956053201109,2.07016260188539,"high_t_low_q",700,0
1.54455653019249,0.946834543719888,2.18223491217941,"high_t_low_q",700,0
-0.413096500560641,3.51198067655787,1.90123709617183,"high_t_low_q",700,0
-0.351547211408615,3.53059720946476,2.3192432540236,"high_t_low_q",700,0
1.77430753596127,1.03092747740448,2.10581713239662,"high_t_low_q",700,0
1.94095346145332,4.27132075419649,2.39122173807118,"high_t_low_q",700,0
-2.01078309863806,4.68692071153782,2.38413854094688,"high_t_low_q",700,0
-1.00965795479715,4.58015738986433,2.46490989229642,"high_t_low_q",700,0
1.65106283128262,4.22549170907587,2.20773665118031,"high_t_low_q",700,0
2.22726433351636,2.2067207377404,2.1024235303048,"high_t_low_q",700,0
2.75032800808549,2.57622694480233,2.38240947015584,"high_t_low_q",700,0
1.63559582456946,4.75686342688277,2.13698052277323,"high_t_low_q",700,0
-3.1884967777878,3.5925061267335,2.36266817839351,"high_t_low_q",700,0
-1.01317657344043,2.49321372830309,2.07357715989929,"high_t_low_q",700,0
-1.48833624087274,1.08278676052578,2.03883258276619,"high_t_low_q",700,0
3.86920556612313,2.67482610070147,2.44500429194886,"high_t_low_q",700,6.60681109820871e-08
-2.90609447844326,3.90215921215713,2.45061420137063,"high_t_low_q",700,0
-0.830888897180557,2.31068367720582,2.43457456643227,"high_t_low_q",700,0
0.269341686740518,4.61323032504879,2.26741406368092,"high_t_low_q",700,0
3.74651800096035,3.04783130413853,2.22789100313094,"high_t_low_q",700,0
2.90408764779568,4.23343120492063,2.05307229305618,"high_t_low_q",700,0
-1.50597958639264,3.27914307708852,2.41830101353116,"high_t_low_q",700,0
1.24711806699634,4.5496521925088,1.98077454930171,"high_t_low_q",700,0
1.23538212664425,1.168510975549,2.2168705315562,"high_t_low_q",700,0
3.46937206573784,0.627560308203101,2.325150637771,"high_t_low_q",700,0
-1.37072607316077,2.54971045069396,2.38330788619351,"high_t_low_q",700,0
-0.0551181230694056,0.895386107731611,1.9729856873164,"high_t_low_q",700,0
0.139927787706256,3.83362162974663,2.3635949799791,"high_t_low_q",700,0
1.23024385049939,3.85354789323173,2.10613316332456,"high_t_low_q",700,0
2.28468463197351,3.00250981235877,2.45100776373874,"high_t_low_q",700,0
-0.177576173096895,1.01649431162514,2.01732814544812,"high_t_low_q",700,0
3.49699429608881,3.82688305107877,2.45177963632159,"high_t_low_q",700,0
0.554572563618422,2.95323106111027,2.08727574266959,"high_t_low_q",700,0
3.35975584201515,4.48490909184329,2.47407409129664,"high_t_low_q",700,0
-1.47382305562496,3.81616925587878,2.14355610427447,"high_t_low_q",700,0
-0.341345777735114,0.960784038761631,2.40432670805603,"high_t_low_q",700,0
3.72159213386476,0.324580870801583,2.31613641721196,"high_t_low_q",700,0
3.27771010063589,2.54431902430952,2.29910140682478,"high_t_low_q",700,0
3.46025066263974,3.4847779199481,2.4074741138611,"high_t_low_q",700,0
-1.25011098943651,0.827184657100588,2.12459647038486,"high_t_low_q",700,0
3.91153084486723,0.245115655707195,2.17324962723069,"high_t_low_q",700,0
-1.26060069538653,0.0132606597617269,2.10434486391023,"high_t_low_q",700,0
2.0212442651391,2.28823040379211,2.02128748758696,"high_t_low_q",700,0
-0.656475599855185,1.81239885860123,2.46670228254516,"high_t_low_q",700,0
-2.35614148713648,3.84355093701743,1.90271632105578,"high_t_low_q",700,0
-1.83137317746878,0.70284046814777,1.92426470224746,"high_t_low_q",700,0
-0.376983623951674,3.85806857375428,2.29386554216035,"high_t_low_q",700,0
-0.287109477445483,4.50995477149263,2.20060120103881,"high_t_low_q",700,0
-0.549546536058187,1.05586494901218,2.06758573476691,"high_t_low_q",700,0
2.29036956094205,4.89584634779021,1.9519461505115,"high_t_low_q",700,0
3.76987263374031,3.58246948453598,2.33500716334675,"high_t_low_q",700,0
-0.589375600218773,2.0923547912389,1.8788098404184,"high_t_low_q",700,0
1.60992522165179,0.253295880975202,2.10115171328653,"high_t_low_q",700,0
-3.0689205750823,3.83116113371216,2.09040956979152,"high_t_low_q",700,0
-2.14291390404105,0.861530459951609,2.20509354956448,"high_t_low_q",700,0
-0.873470917344093,3.49424200248905,2.46555162884761,"high_t_low_q",700,0
-1.72787782549858,4.059655679157,1.93884417472873,"high_t_low_q",700,0
-2.17274622991681,4.8963610897772,2.01237063040026,"high_t_low_q",700,0
3.61283373832703,2.18653919873759,2.37340779334772,"high_t_low_q",700,0
-1.86451548524201,4.39298164565116,2.36984256247524,"high_t_low_q",700,0
-2.38130310550332,3.71146209072322,2.48611778835766,"high_t_low_q",700,0
0.634717183187604,2.45163472136483,2.46991399500985,"high_t_low_q",700,0
0.856367850676179,1.07324516866356,1.90053645288572,"high_t_low_q",700,0
-0.791387410834432,1.44550776458345,1.9972924265312,"high_t_low_q",700,0
2.51475682854652,0.63581662834622,2.3963323055068,"high_t_low_q",700,0
-2.50610867701471,4.81234269100241,1.9075799966231,"high_t_low_q",700,0
-2.58750002272427,0.0854835379868746,2.47575783054344,"high_t_low_q",700,0
1.63897373341024,4.28100185235962,2.37845654366538,"high_t_low_q",700,0
3.24292261898518,2.42788784671575,2.41252203646582,"high_t_low_q",700,0
-3.47246018052101,3.80375395761803,2.19370517123025,"high_t_low_q",700,0
1.96766187623143,2.53749515977688,2.24806104612071,"high_t_low_q",700,0
1.50608850643039,0.844209518982098,1.98355395172257,"high_t_low_q",700,0
-3.50401945225894,1.65693826274946,2.29718299815431,"high_t_low_q",700,0
-1.07513764500618,0.653529237024486,2.08045358362142,"high_t_low_q",700,0
-1.72279697656631,0.454646814614534,2.23521638137754,"high_t_low_q",700,0
-3.25505210086703,0.583713623927906,2.12508391472511,"high_t_low_q",700,0
-1.99980458430946,15.5138326401357,0.118008040008135,"interior_stable",900,0
-1.70838894508779,18.5305830731522,0.359115648316219,"interior_stable",900,0
1.68907203897834,8.91566419159062,1.10328320239205,"interior_stable",900,0
1.40109744668007,9.06555813271552,0.594019026611932,"interior_stable",900,0
-3.69253716804087,17.3028711171355,1.03652477439027,"interior_stable",900,0
-1.32916586659849,15.6305657175835,0.446838363423012,"interior_stable",900,0
-0.0710229333490133,17.5785448867828,0.0738414021907374,"interior_stable",900,0
-0.179251555353403,14.806154865073,0.533831712091342,"interior_stable",900,0
0.350364878773689,14.2515009269118,0.725499110412784,"interior_stable",900,0
-2.39537897333503,13.2509325805586,0.852723225834779,"interior_stable",900,0
0.650637628510594,14.7751397744287,0.375163764110766,"interior_stable",900,0
-2.46482007391751,17.2496210841928,1.16143657884095,"interior_stable",900,0
3.02060644887388,23.9956993958913,0.734190851217136,"interior_stable",900,0
0.733019167557359,22.7586027409416,1.05493355018552,"interior_stable",900,0
-1.67458674497902,16.4918969909195,0.637939200969413,"interior_stable",900,0
-1.02493355423212,20.3838627436198,0.0413568445947021,"interior_stable",900,0
1.12004789710045,14.3492899776902,0.975701991119422,"interior_stable",900,0
1.22214458324015,15.479756926652,1.22975688369479,"interior_stable",900,0
-2.78329600021243,14.9023965059314,0.292070120340213,"interior_stable",900,0
1.77215578779578,13.1605304370169,1.18249941791873,"interior_stable",900,0
-3.93525613844395,13.2589458720759,0.268928255536593,"interior_stable",900,0
1.24400766566396,20.6903515441809,0.0176968885352835,"interior_stable",900,0
3.57382314279675,23.2090368459467,0.844727761577815,"interior_stable",900,0
-0.368251016363502,21.7100776557345,0.0852037552976981,"interior_stable",900,0
-3.68555254675448,11.8734248972032,1.16320367495064,"interior_stable",900,0
3.92931784689426,11.2207204278093,0.876067447243258,"interior_stable",900,0
-2.78053914569318,21.9399382651318,1.04478707944509,"interior_stable",900,0
-1.11661457084119,15.2468228596263,0.0470254378160462,"interior_stable",900,0
1.64317670091987,9.50490706600249,0.0629223691066727,"interior_stable",900,0
-0.634726949036121,11.2834888219368,0.163633649353869,"interior_stable",900,0
1.62746796943247,19.3563719105441,0.0430129369487986,"interior_stable",900,0
-3.24808088317513,9.20006539672613,0.834411004907452,"interior_stable",900,0
-3.33686964772642,19.560610660119,1.14413940173108,"interior_stable",900,0
-1.47450962476432,14.6026982751209,0.192428342998028,"interior_stable",900,0
0.308516627177596,20.3229699865915,0.504644127795473,"interior_stable",900,0
-1.77435787767172,17.1201944060158,0.592393843689933,"interior_stable",900,0
2.08173253014684,13.1802623625845,0.228993635973893,"interior_stable",900,0
-2.35435056500137,23.5525028372649,1.0538068797905,"interior_stable",900,0
-1.3720417805016,21.7505305190571,0.843566862749867,"interior_stable",900,0
-3.14452175609767,9.73496161750518,0.202941598254256,"interior_stable",900,0
-1.45252134464681,13.7970460171346,0.255102845840156,"interior_stable",900,0
-3.76820160262287,23.3128924272023,0.11879492085427,"interior_stable",900,0
-0.49506681971252,9.01873160037212,0.953548297984526,"interior_stable",900,0
0.42968681640923,9.80959021253511,0.195667647640221,"interior_stable",900,0
3.95950883068144,21.1067576194182,0.728740621125326,"interior_stable",900,0
-0.138514749705791,10.2570991613902,0.770669371122494,"interior_stable",900,0
0.459613429382443,9.48920311057009,1.04708350729197,"interior_stable",900,0
3.27020863257349,23.5648384608794,1.16419265919831,"interior_stable",900,0
-3.77662378922105,17.1201382880099,1.00294756528456,"interior_stable",900,0
-0.663170874118805,13.0313799716532,0.35066043259576,"interior_stable",900,0
3.84552172757685,19.4394437305164,0.586364010814577,"interior_stable",900,0
0.151833077892661,15.8502514299471,0.72837085230276,"interior_stable",900,0
-2.48323506116867,9.91001555812545,0.930060741957277,"interior_stable",900,0
0.78824364207685,21.4063356688712,0.0994903442915529,"interior_stable",900,0
-3.98810196854174,21.2977662333287,0.211060596047901,"interior_stable",900,0
-1.07973168417811,20.9042876726016,0.442459372570738,"interior_stable",900,0
1.08516754768789,13.2591830391902,0.983214033185504,"interior_stable",900,0
2.66500850394368,24.7924333321862,1.10744424397126,"interior_stable",900,0
2.89117734134197,14.0555412974209,0.439662785502151,"interior_stable",900,0
0.114251043647528,18.1411843223032,1.04287472669967,"interior_stable",900,0
-3.33171256631613,14.8834074556362,0.89422745979391,"interior_stable",900,0
1.0531562641263,23.3366612228565,1.0123222542461,"interior_stable",900,0
-3.3577146101743,11.6993062198162,1.1922245437745,"interior_stable",900,0
-0.658315228298306,14.6141744335182,1.14324149442837,"interior_stable",900,0
3.88723614253104,15.3153834340628,1.23083877493627,"interior_stable",900,0
-2.56560263037682,14.1161575331353,0.27050034084823,"interior_stable",900,0
-3.35791412740946,20.2583502628841,0.685174247482792,"interior_stable",900,0
1.71502224169672,13.5649453091901,0.0862657133257017,"interior_stable",900,0
-1.69975374080241,18.4252352861222,0.671602544025518,"interior_stable",900,0
1.47037240490317,22.5193462043535,0.620890622376464,"interior_stable",900,0
1.3269151058048,24.4541783002205,0.703896169434302,"interior_stable",900,0
1.4869465008378,13.7991263822187,0.243071868317202,"interior_stable",900,0
-1.68134479783475,22.7343425038271,0.146719627664424,"interior_stable",900,0
-0.386718183755875,15.4688101843931,0.640531495446339,"interior_stable",900,0
-1.2166164573282,12.7780305570923,1.0315091710072,"interior_stable",900,0
-3.64212460443377,12.7347814966924,0.731061098049395,"interior_stable",900,0
0.223748562857509,11.9618274038658,0.813234852976166,"interior_stable",900,0
-0.121586749330163,9.86796660581604,0.394427076680586,"interior_stable",900,0
-0.062257619574666,18.0411758075934,0.57514913554769,"interior_stable",900,0
3.20857027359307,18.7703274365049,1.20522952114698,"interior_stable",900,0
3.11246299929917,22.6357573585119,1.08836693456396,"interior_stable",900,0
1.63298299349844,13.8639627897646,0.151489654090255,"interior_stable",900,0
3.53327260538936,22.0059122191742,1.14157242293004,"interior_stable",900,0
-1.60206112451851,11.7049059714191,0.248490260564722,"interior_stable",900,0
0.632541790604591,17.4345895764418,0.742377755232155,"interior_stable",900,0
-1.84592564962804,22.566068690503,0.901988826226443,"interior_stable",900,0
2.90118045918643,17.4055174167734,1.1096238961909,"interior_stable",900,0
-3.62257711775601,12.2357908985578,1.08736573834904,"interior_stable",900,0
1.41084426827729,22.0493707282003,0.0209227640880272,"interior_stable",900,0
3.71519997343421,12.9181132244412,0.0495778192998841,"interior_stable",900,0
2.35730146802962,8.99875669274479,1.22263106168248,"interior_stable",900,0
-1.12647828273475,8.96675072144717,0.974088778602891,"interior_stable",900,0
-2.33419713005424,13.7286151351873,0.443454281776212,"interior_stable",900,0
-3.68050388805568,20.0579986558296,0.978508435073309,"interior_stable",900,0
1.81138439103961,22.2267404140439,1.24260487558786,"interior_stable",900,0
0.887819591909647,19.7930967784487,0.19665413768962,"interior_stable",900,0
-0.648864904418588,10.126031760592,0.438383658183739,"interior_stable",900,0
3.06928552873433,15.3913090645801,0.0425457494566217,"interior_stable",900,0
2.82660633511841,21.9810494279955,0.670026376610622,"interior_stable",900,0
-2.45836494676769,13.1428388238419,1.15275183692575,"interior_stable",900,0
-1.19156650453806,18.7994445033837,0.341036398895085,"interior_stable",900,0
-2.55378538183868,16.1144697922282,0.230542373028584,"interior_stable",900,0
-2.11349354684353,20.264787808992,0.18562764977105,"interior_stable",900,0
-1.27999733947217,17.255508271046,1.18868996680249,"interior_stable",900,0
-0.617460556328297,18.2792532374151,0.30141768977046,"interior_stable",900,0
-2.92579909786582,14.8467011225875,0.698101570014842,"interior_stable",900,0
1.06773432716727,24.5190042303875,0.0818192411679775,"interior_stable",900,0
-1.6575389765203,14.7320852789562,0.392672746675089,"interior_stable",900,0
-3.11169997602701,23.0874544708058,0.674458622233942,"interior_stable",900,0
1.02984975464642,23.8061981159262,0.978426786023192,"interior_stable",900,0
0.702630305662751,18.9090022468008,0.906047485768795,"interior_stable",900,0
1.28568959981203,17.4299563572276,0.793472325894982,"interior_stable",900,0
-2.73683515563607,12.1278009144589,0.542598617612384,"interior_stable",900,0
-2.92281925678253,19.2623432725668,0.318448268226348,"interior_stable",900,0
0.766294151544571,18.7749056960456,0.951339001767337,"interior_stable",900,0
-0.515378026291728,19.3261257372797,1.07786951062735,"interior_stable",900,0
0.577549112960696,22.3099637776613,0.484645068063401,"interior_stable",900,0
0.584202555939555,8.99007793632336,1.02295224263798,"interior_stable",900,0
-2.4779099188745,22.5287180102896,0.645686645875685,"interior_stable",900,0
-2.18876232393086,19.6165064757224,0.250293911667541,"interior_stable",900,0
-2.11776661127806,17.4493989848997,1.0262951022014,"interior_stable",900,0
-2.1926920954138,11.1483335844241,0.550775062292814,"interior_stable",900,0
0.987282691523433,12.9784699471202,1.06226727482863,"interior_stable",900,0
-2.57860779203475,16.5653133008163,0.499092944082804,"interior_stable",900,0
0.61774530634284,19.6340355905704,1.07170369068626,"interior_stable",900,0
2.6985272038728,21.2603604770266,1.16184811049607,"interior_stable",900,0
2.53910309635103,14.8313861514907,0.0430822459748015,"interior_stable",900,0
-3.22427897900343,15.2506468875799,0.03830467001535,"interior_stable",900,0
2.5452105216682,10.8878158731386,0.71574759320356,"interior_stable",900,0
-2.03428952023387,24.8369567794725,0.527459087315947,"interior_stable",900,0
1.79965885542333,24.4770083576441,0.780323855578899,"interior_stable",900,0
-0.768159868195653,16.0976033424959,0.250741935451515,"interior_stable",900,0
0.0231506396085024,22.0836889231578,1.18288382363971,"interior_stable",900,0
2.5738625228405,22.889924258925,0.972649459727108,"interior_stable",900,0
-3.61871446669102,13.0455876467749,0.149056759546511,"interior_stable",900,0
1.6150037124753,18.032616423443,0.712342824554071,"interior_stable",900,0
-2.22012698277831,11.4950952876825,0.263087766361423,"interior_stable",900,0
3.0070078112185,22.4246091442183,0.109734164434485,"interior_stable",900,0
-0.592725306749344,24.040392000461,0.2620975964237,"interior_stable",900,0
-1.13362135179341,11.5409208112396,1.10165689955465,"interior_stable",900,0
0.65738520026207,23.5260295507032,0.926028974354267,"interior_stable",900,0
3.51718853786588,11.4980619808193,0.951442605582997,"interior_stable",900,0
1.70714959688485,21.6480372822843,0.641189130838029,"interior_stable",900,0
-1.47385297715664,20.2036966686137,1.18212116882205,"interior_stable",900,0
-3.24501834623516,9.67664641793817,0.626607144949958,"interior_stable",900,0
0.287413174286485,13.2903737947345,1.17832014861051,"interior_stable",900,0
-3.67183201014996,22.7729138394352,0.756811070605181,"interior_stable",900,0
-1.28604993224144,8.77682746504433,0.516779830795713,"interior_stable",900,0
0.119173863902688,23.210111114895,1.00419075926766,"interior_stable",900,0
-0.654197948053479,21.7439040658064,0.10971154901199,"interior_stable",900,0
0.00942972488701344,22.9437164613046,1.38362293946557,"transition",900,0
2.44680664874613,8.09936759760603,0.460767460172065,"transition",900,0
-0.493771901354194,6.58537707640789,1.64235985605046,"transition",900,0
-1.53178366646171,7.11646233685315,1.54235009802505,"transition",900,0
1.45202081091702,17.6460218499415,1.82934834330808,"transition",900,0
-2.63294154033065,24.9704494955949,1.2895129644312,"transition",900,0
3.30684299208224,8.43652444891632,0.139173225616105,"transition",900,0
2.90255982615054,21.6877309780102,1.74002239888068,"transition",900,0
2.40570879168808,7.38644902012311,0.801900581573136,"transition",900,0
0.341761654242873,13.981614774093,1.39528014697134,"transition",900,0
-1.12544240429997,15.9026015317068,1.27521227987017,"transition",900,0
1.8122841604054,17.5706288602669,1.33715146686882,"transition",900,0
1.2686864733696,10.0830020208377,1.39279591792729,"transition",900,0
2.90308611653745,6.26375271822326,1.09061477240175,"transition",900,0
0.61958185583353,5.26184120681137,0.511673984001391,"transition",900,0
-2.5772221814841,5.8223346946761,0.262474237242714,"transition",900,0
0.797715682536364,17.2226324561052,1.65581302484497,"transition",900,0
3.92144150473177,6.98272697627544,0.27562324074097,"transition",900,0
-2.55086067132652,14.6266121824738,1.47892335953657,"transition",900,0
1.38012732192874,11.0965141328052,1.32203888439108,"transition",900,0
-3.27603622898459,22.8034672909416,1.58873292326462,"transition",900,0
1.53649062477052,7.32166941161267,1.21693922905251,"transition",900,0
-1.19802897423506,24.6216491388623,1.31494095083326,"transition",900,0
2.04619137383997,23.3231593214441,1.62509304238483,"transition",900,0
3.46599983982742,8.49739516270347,0.0924483960261568,"transition",900,0
3.97822779975832,5.80040462082252,0.416859510005452,"transition",900,0
2.37007995136082,5.52977451588959,0.0230135704623535,"transition",900,0
-0.289558682590723,17.8158877533861,1.64051992818713,"transition",900,0
3.68555969558656,11.8057941144798,1.27521272632293,"transition",900,0
2.4075007326901,11.1613474378828,1.67942595726345,"transition",900,0
3.13395697064698,7.19859890523367,0.373387389117852,"transition",900,0
-3.6040356438607,21.8686860753223,1.63473057094961,"transition",900,0
3.63249830715358,6.30017808289267,1.30166689516045,"transition",900,0
-2.63707419671118,7.53372317994945,0.712980722892098,"transition",900,0
-0.113507404923439,6.24793478637002,0.403057933435775,"transition",900,0
-0.996085280552506,21.8019642867148,1.45537979027722,"transition",900,0
-2.31489008106291,10.4607161541935,1.4315474772593,"transition",900,0
3.83708597533405,7.51266267034225,0.149177323910408,"transition",900,0
3.11556438356638,24.62422484532,1.71489154570736,"transition",900,0
1.35966950282454,6.92344990675338,0.17370987101458,"transition",900,0
-1.60427988506854,8.58233888284303,0.989466398023069,"transition",900,0
-2.09024325013161,17.1435576339718,1.30756886559539,"transition",900,0
-1.59488212503493,11.4785501966253,1.70914881397039,"transition",900,0
-3.11420476995409,6.70890007168055,1.63085502455942,"transition",900,0
1.94322571903467,5.16246678307652,1.61477641959209,"transition",900,0
0.210151391103864,21.9117303786334,1.39047978736926,"transition",900,0
0.21024932526052,18.7932950328104,1.70510021678638,"transition",900,0
0.439112436026335,20.6198135390878,1.45028243481647,"transition",900,0
0.380483377724886,23.8755964732263,1.4836574770743,"transition",900,0
0.410531558096409,22.739307244774,1.31775225454476,"transition",900,0
2.26541700959206,6.69556462089531,0.47664672776591,"transition",900,0
1.5593233704567,6.61534237442538,1.85509532631841,"transition",900,0
2.41106396727264,6.05922376853414,0.133920341031626,"transition",900,0
0.620377749204636,5.58625048142858,0.808586814673617,"transition",900,0
3.22280298732221,5.01119968248531,1.29942359693814,"transition",900,0
0.349055703729391,7.4239625246264,1.04276491911151,"transition",900,0
0.765894412994385,23.8866598752793,1.5084868617123,"transition",900,0
3.19591444171965,8.88789976597764,1.80660737212747,"transition",900,0
-3.89849876984954,7.16405980056152,0.0593430374283344,"transition",900,0
-2.90885285288095,16.0990609787405,1.73813013301697,"transition",900,0
0.360542599111795,21.2464478798211,1.79232206894085,"transition",900,0
-1.54973270185292,12.8251647634897,1.52757177711464,"transition",900,0
-2.68128434754908,20.5192189605441,1.34626814047806,"transition",900,0
-1.35158798284829,10.3706582740415,1.54243268596474,"transition",900,0
-3.070765260607,22.841613664059,1.38988283579238,"transition",900,0
-0.975912919268012,11.7109441081993,1.44225930620451,"transition",900,0
-2.368492718786,24.3953631259501,1.51965719938744,"transition",900,0
0.0926920380443335,9.60625465377234,1.37472142348997,"transition",900,0
0.388704398646951,20.6742763228249,1.37955513899215,"transition",900,0
-2.17456644773483,6.51980352122337,0.897689228877425,"transition",900,0
-2.80116970837116,10.2240139560308,1.67940279527102,"transition",900,0
1.49633538909256,8.45083689200692,1.37527246959507,"transition",900,0
2.58482171036303,22.2854885098059,1.26085150463041,"transition",900,0
1.32198632135987,7.81097001745366,0.924936120864004,"transition",900,0
-2.37776537053287,5.78035341459326,0.903214356512763,"transition",900,0
-2.03681519441307,7.57888888474554,1.71616293489933,"transition",900,0
3.39730938896537,17.048336728476,1.28908379585482,"transition",900,0
0.25799204222858,13.401361630531,1.33389169641305,"transition",900,0
-0.833995632827282,11.08253824641,1.35230548796244,"transition",900,0
-0.698442000895739,12.6686466799583,1.7147157038562,"transition",900,0
1.63609975576401,13.6525905167218,1.50887183262967,"transition",900,0
2.25696210190654,7.85529518034309,1.37352569261566,"transition",900,0
-0.490359175950289,18.6605100287125,1.87341546348762,"transition",900,0
-1.68977514281869,9.15371217997745,1.39060079061892,"transition",900,0
-0.338103070855141,22.4164741521236,1.51302031881642,"transition",900,0
-2.92905940115452,23.9430117886513,1.65847138676327,"transition",900,0
-1.35089555196464,14.2733520711772,1.83833617309574,"transition",900,0
1.84169093333185,6.68790003983304,1.24747130787,"transition",900,0
-2.19704644940794,5.61952401185408,0.184322205022909,"transition",900,0
2.32479994371533,8.0716545751784,0.133800291223451,"transition",900,0
-0.51902624592185,23.4247369109653,1.25438883434981,"transition",900,0
-1.44567520730197,17.3880234535318,1.34645760932472,"transition",900,0
3.64076961949468,23.0933322105557,1.85298846045043,"transition",900,0
0.308567637577653,12.3621299746446,1.49747301300522,"transition",900,0
0.234416000545025,17.3906197363976,1.71910532691982,"transition",900,0
2.20793874375522,18.7449863413349,1.80687939864583,"transition",900,0
-2.89725973457098,6.9856662012171,1.03420113096945,"transition",900,0
0.314222050830722,8.61862146412022,0.68454792490229,"transition",900,0
-1.37625037878752,10.5715262237936,1.53487540374044,"transition",900,0
-2.25549298338592,8.52683619013987,1.11924435419496,"transition",900,0
-3.25061716325581,10.7165776833426,1.30774062825367,"transition",900,0
3.38768248818815,13.9232562622055,1.66866828862112,"transition",900,0
-2.30944138206542,22.1300892357249,1.78145431680605,"transition",900,0
-2.88917366974056,14.7623130760621,1.81344939395785,"transition",900,0
2.43325938470662,5.92777015990578,0.965238699573092,"transition",900,0
3.90333102270961,22.2346401074901,1.51367054320872,"transition",900,0
0.851275991648436,21.2633722752798,1.69461116835009,"transition",900,0
2.3829411547631,8.82445682073012,1.83332376589533,"transition",900,0
-3.66093152761459,7.5757930171676,1.17749303404707,"transition",900,0
-0.192631382495165,7.63570602284744,0.631607361137867,"transition",900,0
-0.277733311057091,6.68537173769437,0.201909714960493,"transition",900,0
-0.45940762385726,10.9089377045166,1.61849353811704,"transition",900,0
1.27464395388961,5.50878832582384,0.187911623506807,"transition",900,0
1.45227329432964,6.61678977776319,0.0826261838665232,"transition",900,0
2.51954176276922,7.44917938718572,1.16573704057373,"transition",900,0
0.785878738388419,21.0428697988391,1.7644219181966,"transition",900,0
3.33311825245619,8.44026963459328,0.0691236229613423,"transition",900,0
-0.556776506826282,18.7032574554905,1.74365977582056,"transition",900,0
2.30073447525501,6.65290791075677,0.962796476087533,"transition",900,0
-2.54539252072573,16.9616416562349,1.65106567437761,"transition",900,0
1.21224486269057,6.10947716631927,0.563840242102742,"transition",900,0
0.0581071563065052,13.7242520228028,1.67257737892214,"transition",900,0
3.97912135720253,8.05652848212048,0.319675568607636,"transition",900,0
3.61511991173029,7.44728666031733,1.77654311119113,"transition",900,0
-1.83736688829958,21.4859021245502,1.66146156087052,"transition",900,0
-2.97923832572997,8.17565291072242,0.72028407768812,"transition",900,0
2.41760358028114,11.7479953099973,1.58392146870028,"transition",900,0
3.09505279548466,6.60625933669508,1.09256865165662,"transition",900,0
2.58614132739604,8.29835287295282,0.918794730678201,"transition",900,0
-1.87141332775354,6.99568649870344,1.64652544073761,"transition",900,0
-1.64077336527407,19.7825227689464,1.33127059321851,"transition",900,0
3.37777565419674,7.14203037787229,0.554502435261384,"transition",900,0
2.57467221841216,19.595420639962,1.62431051023304,"transition",900,0
-1.33294967748225,15.5992611660622,1.4417725946987,"transition",900,0
1.10934200324118,14.2108852043748,1.48368780734017,"transition",900,0
-0.40920871309936,7.367922749836,1.29955729120411,"transition",900,0
1.31971803680062,20.0398030341603,1.79823299695272,"transition",900,0
-1.10627293586731,6.61871709162369,1.14515512657817,"transition",900,0
3.56471985951066,8.26295971637592,1.82932515745051,"transition",900,0
2.38796056993306,24.3818776332773,1.47511928924359,"transition",900,0
0.942771539092064,5.32421307871118,1.8690660118591,"transition",900,0
0.589932452887297,20.700636174297,1.54311621154193,"transition",900,0
3.97309253923595,18.038398277713,1.85564941319171,"transition",900,0
-1.78470035642385,10.8769555750769,1.8382122926414,"transition",900,0
3.10700634121895,12.5051544688176,1.59097576106433,"transition",900,0
0.506177550181746,10.8591881580651,1.53645976446569,"transition",900,0
2.32127710431814,8.14739844645374,1.00327827967703,"transition",900,0
1.23974472098053,19.5714265108109,1.34653493645601,"transition",900,0
0.112610971555114,14.1197030781768,1.4026216568891,"transition",900,0
0.155595406889915,6.76279583130963,1.07885716366582,"transition",900,0
-1.03658712096512,4.73577518132515,1.07488322712015,"low_separation",900,0
-1.4525399915874,1.82933732867241,0.574363872292452,"low_separation",900,0
0.755985958501697,2.80424771481194,1.50883082300425,"low_separation",900,0
-2.38448545709252,2.73226628778502,0.486672898405232,"low_separation",900,0
2.43584680557251,4.34857831569389,1.65112830465659,"low_separation",900,0
-0.194541826844215,3.2776367617771,0.347204242716543,"low_separation",900,0
-1.18951807171106,1.76197749678977,1.47657790279482,"low_separation",900,0
1.16031190566719,3.44878601608798,1.81641814589966,"low_separation",900,0
-3.37923984229565,3.29647872713394,1.83464869041927,"low_separation",900,0
-3.1544433105737,1.81954298750497,0.381034978781827,"low_separation",900,0
0.79030099324882,4.87957185250707,0.360503461561166,"low_separation",900,0
-3.5907924734056,3.09384018182755,1.03084170317743,"low_separation",900,0
1.20242422260344,1.72095111338422,1.61958901735488,"low_separation",900,0
-1.89991171099246,1.02175463689491,0.557025261223316,"low_separation",900,0
2.51389819197357,0.630190747324377,1.22155593708158,"low_separation",900,0
0.497770462185144,1.63475058507174,0.711541527416557,"low_separation",900,0
0.132033718749881,3.58919400605373,0.353307354380377,"low_separation",900,0
2.17604279331863,0.549202138790861,0.859850493725389,"low_separation",900,0
0.149000270292163,2.34272205270827,0.997176698874682,"low_separation",900,0
-0.0747901052236557,1.67545713484287,0.262977320235223,"low_separation",900,0
-0.239715276286006,2.27327537722886,1.72980633040424,"low_separation",900,0
-2.06969781406224,3.60617744736373,0.34753984073177,"low_separation",900,0
-0.123107435181737,3.47333620302379,0.318203795468435,"low_separation",900,0
1.65520321950316,4.8157398996409,0.113313994952478,"low_separation",900,0
-0.793403616175056,3.9699531684164,1.17641259741504,"low_separation",900,0
1.59796388633549,0.17776534659788,1.35837743000593,"low_separation",900,0
-1.22727632150054,3.13154769828543,0.862589756725356,"low_separation",900,0
-2.82883774675429,4.95450021699071,0.502874844241887,"low_separation",900,0
1.01901876740158,4.69316312228329,1.51549633708782,"low_separation",900,0
-0.540919007733464,0.314046599669382,1.79548721935134,"low_separation",900,0
-3.01920295506716,4.73135869833641,1.08498736342881,"low_separation",900,0
0.815146263688803,1.19047779589891,1.71622599416878,"low_separation",900,0
-2.39274570718408,3.77841722802259,0.217662319773808,"low_separation",900,0
1.83982807025313,3.00062573514879,0.120121188811027,"low_separation",900,0
-1.36690649949014,3.68864292977378,1.28733240300789,"low_separation",900,0
2.74328952282667,2.33235004125163,0.599416936165653,"low_separation",900,0
-0.155190926045179,1.82562999543734,1.00285226129927,"low_separation",900,0
-1.5378967281431,2.16541227418929,0.322302016429603,"low_separation",900,0
1.41181722469628,0.858928938396275,0.0376792415045202,"low_separation",900,0
0.835280919447541,3.7421457527671,1.13434946455527,"low_separation",900,0
-3.92715012468398,2.02595070004463,0.674985517980531,"low_separation",900,0
-3.93028567545116,2.77209865162149,0.852414420805871,"low_separation",900,0
-1.22638323158026,3.94054718199186,1.54920740169473,"low_separation",900,0
-1.87020196020603,3.05752154672518,0.509318389813416,"low_separation",900,0
-3.9370279405266,0.862564094131812,0.998893740470521,"low_separation",900,0
-2.58679756708443,4.19761409284547,1.59808721218724,"low_separation",900,0
-0.970450766384602,2.56859125220217,0.907715108478442,"low_separation",900,0
1.92491590231657,3.6533851060085,1.20194315037224,"low_separation",900,0
1.3141187466681,2.86130640888587,0.623169526807033,"low_separation",900,0
1.4591852389276,2.14888647315092,1.77179973514285,"low_separation",900,0
1.71090919524431,0.0359259429387748,0.665400425787084,"low_separation",900,0
2.64558806084096,2.22105164430104,1.67794841108844,"low_separation",900,0
-2.92997016385198,0.313479139003903,0.137414984055795,"low_separation",900,0
-1.10419331304729,2.96534827793948,1.1983511724975,"low_separation",900,0
-0.147551856935024,4.08105658134446,1.74661452241708,"low_separation",900,0
-3.24919239990413,2.07167800399475,0.619754054932855,"low_separation",900,0
2.61051642335951,3.06594973080792,0.343270926969126,"low_separation",900,0
-3.34849371388555,1.2390969437547,0.912929403712042,"low_separation",900,0
3.33299531042576,0.311293551931158,0.843664762214758,"low_separation",900,0
-0.194984272122383,4.97745514148846,0.577304433099926,"low_separation",900,0
0.827067706733942,2.78976177796721,0.309125830535777,"low_separation",900,0
-2.44790214672685,0.487245986005291,0.566470741177909,"low_separation",900,0
1.71071894839406,4.51700325356796,1.0532966023311,"low_separation",900,0
0.360393105074763,1.24662477755919,0.725739666377194,"low_separation",900,0
2.45084154605865,4.18503145920113,1.28595066722482,"low_separation",900,0
-2.95303232781589,3.53801953606308,0.107476356206462,"low_separation",900,0
2.58307622745633,4.95261673349887,0.919671237352304,"low_separation",900,0
-0.0904083121567965,0.712330726673827,1.74099291616585,"low_separation",900,0
0.716556321829557,0.67288454156369,0.760548177058809,"low_separation",900,0
-0.0790801756083965,0.808418117230758,1.26122946443502,"low_separation",900,0
-1.37924708984792,2.00890881242231,1.71439280908089,"low_separation",900,0
3.96421197988093,4.18708506622352,1.04192322061863,"low_separation",900,0
-1.45620534941554,4.91080440115184,0.8255274646217,"low_separation",900,0
3.57892690598965,2.51676882035099,0.0787575705908239,"low_separation",900,0
2.40926050581038,0.204054301138967,0.355774866766296,"low_separation",900,0
-2.31869408302009,2.07860308582895,0.613867475185543,"low_separation",900,0
3.54273921065032,2.40983401308767,1.01461726240814,"low_separation",900,0
1.80242418684065,3.49109992384911,1.32036066788714,"low_separation",900,0
-0.623286129906774,2.49214883660898,1.411053086631,"low_separation",900,0
-1.29790352284908,0.35344084026292,1.5748113807058,"low_separation",900,0
-3.48020161502063,4.84036097768694,0.140950100612827,"low_separation",900,0
-0.0952104516327381,3.27963962336071,1.14148638676852,"low_separation",900,0
-0.453696757555008,4.06829888815992,0.153150237747468,"low_separation",900,0
1.44534804485738,0.0822726637125015,1.6272661741823,"low_separation",900,0
2.20437727868557,1.94893748266622,0.808873879141174,"low_separation",900,0
-1.43339169025421,2.98189569730312,1.55278258956969,"low_separation",900,0
0.617822902277112,3.67399004171602,1.52633454301395,"low_separation",900,0
0.0288116112351418,0.470532587496564,1.59664879669435,"low_separation",900,0
0.620872305706143,4.48172178585082,1.49333104607649,"low_separation",900,0
-3.25636192597449,2.97029314097017,0.94579057302326,"low_separation",900,0
3.20962744019926,4.05429925303906,0.545272309100255,"low_separation",900,0
-2.77826696448028,1.8157901999075,0.50218052638229,"low_separation",900,0
-0.599364254623652,4.52895383350551,1.23657486925367,"low_separation",900,0
-2.83463666029274,0.845125498017296,1.39742986648344,"low_separation",900,0
0.737379129976034,4.90575827425346,0.701530243968591,"low_separation",900,0
0.972124731168151,0.865178211824968,0.143245976651087,"low_separation",900,0
-3.71526376157999,3.03493246319704,1.44104925333522,"low_separation",900,0
2.71576595306396,2.10345426457934,1.09774017357267,"low_separation",900,0
-3.57212997600436,0.29663682798855,0.508161666803062,"low_separation",900,0
-1.26813707686961,2.34579598763958,0.0676886376459152,"low_separation",900,0
3.29428885504603,1.64173361845315,1.44643987820018,"low_separation",900,0
2.80019468069077,0.416242278879508,1.02214167884085,"low_separation",900,0
1.8598547168076,3.62507057725452,0.153407856705599,"low_separation",900,0
2.635741841048,0.517188338562846,1.31836219865363,"low_separation",900,0
1.89966171234846,1.04170088307001,1.40335146221332,"low_separation",900,0
2.60380914993584,3.69855301687494,0.765510424971581,"low_separation",900,0
1.41770455799997,0.0972011592239141,0.548529943916947,"low_separation",900,0
1.53840621560812,2.16876184567809,1.08778042485937,"low_separation",900,0
3.17451793514192,3.10328790219501,1.5330781810917,"low_separation",900,0
-1.21351429261267,4.40686567453668,0.070525161572732,"low_separation",900,0
3.70924296043813,1.29410546505824,0.810306191560812,"low_separation",900,0
-0.38535294495523,2.86170383333229,0.00126225408166647,"low_separation",900,0
0.822406684979796,2.64445481589064,1.49315339804161,"low_separation",900,0
-3.11958486400545,2.62885856209323,1.5466096997261,"low_separation",900,0
1.67330279201269,1.80459796683863,1.00550916686188,"low_separation",900,0
-0.744331086054444,1.3139623508323,0.086348126642406,"low_separation",900,0
2.5144248586148,2.70834649563767,0.988123262068257,"low_separation",900,0
-2.21709553711116,3.7074614490848,0.139416349702515,"low_separation",900,0
0.606855684891343,4.77517709950916,1.0826609324431,"low_separation",900,0
1.63230955973268,1.31374785560183,0.239685265114531,"low_separation",900,0
0.810759445652366,4.90783879649825,1.57316637632903,"low_separation",900,0
2.86015788279474,3.64477309049107,0.3439887217246,"low_separation",900,0
2.52056081779301,3.29091768944636,1.5674274234334,"low_separation",900,0
-2.71791791543365,1.15081553230993,0.0928604661021382,"low_separation",900,0
3.19619046710432,4.22377026989125,0.658219265751541,"low_separation",900,0
0.627901488915086,3.58345271088183,0.276520186453126,"low_separation",900,0
0.722833964973688,2.89628084865399,0.211277474300005,"low_separation",900,0
-0.619671758264303,1.5145001350902,0.148758242721669,"low_separation",900,0
1.52018789388239,2.51639352645725,1.70051369990688,"low_separation",900,0
-2.12707196362317,2.56898193038069,1.78153795248363,"low_separation",900,0
1.41177355125546,2.66401857952587,0.582529639359564,"low_separation",900,0
-1.62633664160967,4.74135384429246,1.66891823406331,"low_separation",900,0
0.428625356405973,2.22173749934882,0.559321751934476,"low_separation",900,0
-3.10241706296802,3.09801889816299,0.0674758508102968,"low_separation",900,0
-1.0003332644701,1.78087871754542,1.57769536308479,"low_separation",900,0
-1.6871364377439,0.883467722451314,0.345362147199921,"low_separation",900,0
-1.7140054423362,3.96144441911019,0.338129192823544,"low_separation",900,0
3.30871099047363,4.88330166554078,1.15735880739521,"low_separation",900,0
-2.62598653323948,2.91303758858703,0.153524557244964,"low_separation",900,0
-2.91714596003294,1.49547199835069,1.71434950141702,"low_separation",900,0
2.01920810714364,0.871094304602593,1.15475269209128,"low_separation",900,0
-0.249176671728492,3.59254252398387,1.79674881626852,"low_separation",900,0
-0.629969667643309,3.64476150716655,0.567555265151896,"low_separation",900,0
0.300587259232998,1.68993727420457,0.680325540015474,"low_separation",900,0
-1.66534195095301,0.174052792135626,1.28103750932496,"low_separation",900,0
-0.683432841673493,3.49533883854747,0.110704393591732,"low_separation",900,0
3.00319988653064,0.293606269406155,1.69040734414011,"low_separation",900,0
-0.629833983257413,3.27118427958339,1.5748755360255,"low_separation",900,0
-3.18842030130327,0.294557248707861,0.815869153593667,"low_separation",900,0
-1.4397801309824,4.54477549064904,1.00509835639969,"low_separation",900,0
3.86889513209462,24.6066333318595,2.28684746427462,"high_dependence",900,0
-1.93098553083837,21.5234578645322,2.18556807434652,"high_dependence",900,0
2.93933653645217,5.92780128936283,2.09644150047097,"high_dependence",900,0
0.658866263926029,21.3241512654349,2.34112858888693,"high_dependence",900,0
-2.24019450135529,13.5052518337034,1.97340325277764,"high_dependence",900,0
2.2163833770901,18.2871398865245,2.17278477328364,"high_dependence",900,0
0.368263645097613,7.54407730419189,1.89424538926687,"high_dependence",900,0
1.37461251020432,15.2030043187551,2.02364281693008,"high_dependence",900,0
-2.30433544702828,24.7999232320581,2.20329163072165,"high_dependence",900,0
2.14858252927661,17.606742476346,2.46564768604003,"high_dependence",900,0
0.164517313241959,14.195452228887,2.47386991628446,"high_dependence",900,0
2.25628060288727,15.3722903982271,2.24450442008674,"high_dependence",900,0
3.50778059288859,8.69789370335639,2.46855475532357,"high_dependence",900,0
-0.571341333910823,7.56706072133966,2.11920400091913,"high_dependence",900,0
1.27564478479326,7.71178159047849,2.15883711003698,"high_dependence",900,0
-2.85888285748661,11.500629526563,2.05293105565943,"high_dependence",900,0
1.6788274217397,7.57739674882032,2.00543459679466,"high_dependence",900,0
2.88807603344321,11.6193226363976,2.17290559201501,"high_dependence",900,0
-0.0261918902397156,19.2659579217434,2.05602402158547,"high_dependence",900,0
1.92816475406289,18.0298625957221,2.46877148456406,"high_dependence",900,0
2.55021563917398,11.5891213237774,1.95068021828774,"high_dependence",900,0
0.143786603584886,12.846397649264,2.2651863435749,"high_dependence",900,0
-3.11632037907839,11.9286027853377,2.4772672081599,"high_dependence",900,0
0.470730267465115,17.082713637501,2.45212214416824,"high_dependence",900,0
3.0530835352838,9.03621715842746,2.03398539393675,"high_dependence",900,0
-1.1938226763159,21.9367214886006,2.31558333616704,"high_dependence",900,0
-1.26108284853399,22.8471141716,2.0117856253637,"high_dependence",900,0
3.8842960447073,10.0170270481613,2.25162955932319,"high_dependence",900,0
2.77831458859146,14.8186387261376,2.31027169036679,"high_dependence",900,0
-0.947995310649276,10.9575479582418,1.9459344970528,"high_dependence",900,0
1.66636504419148,14.6300058346242,2.03768349892925,"high_dependence",900,0
-0.940447764471173,21.8084445979912,1.97471688792575,"high_dependence",900,0
-3.93387452699244,7.47606009244919,1.91573600051925,"high_dependence",900,0
0.257296223193407,17.6301961415447,1.88266034121625,"high_dependence",900,0
-1.399468626827,13.8533922086935,2.45185219217092,"high_dependence",900,0
-2.78900143876672,20.0833590817638,2.07827604899649,"high_dependence",900,0
3.79038715921342,10.4132200125605,1.9734533195151,"high_dependence",900,0
-0.251524895429611,12.5315580458846,2.4131630291231,"high_dependence",900,0
0.417706796899438,6.38330749352463,2.12056620395742,"high_dependence",900,0
-3.53391282446682,12.5252559664659,2.03833770006895,"high_dependence",900,0
0.16643007658422,24.311307980679,2.29163346695714,"high_dependence",900,0
-3.14833047613502,15.6387853901833,2.45127543515991,"high_dependence",900,0
2.31803949177265,19.4187510584015,2.1652481140336,"high_dependence",900,0
-2.75840637274086,15.9283416694961,2.1511849045055,"high_dependence",900,0
2.08520190045238,17.3600932350382,1.88931043434422,"high_dependence",900,0
1.57527906261384,16.497990489006,2.38830330898054,"high_dependence",900,0
2.99178836867213,15.6996318488382,1.96346667013131,"high_dependence",900,0
3.81479060836136,23.9189552317839,1.94416584447026,"high_dependence",900,0
-1.66757099144161,6.77867639460601,2.36934102489613,"high_dependence",900,0
-3.12608444876969,15.758759988239,2.11460867838468,"high_dependence",900,0
0.266593586653471,20.2198667509947,2.34040472772904,"high_dependence",900,0
0.306105578318238,23.2351939775981,2.0307208126178,"high_dependence",900,0
3.84187145531178,12.5069905247074,2.18356914061587,"high_dependence",900,0
2.72218636982143,6.6065652994439,1.90869427402504,"high_dependence",900,0
-1.89817298203707,13.62847086275,2.27885574859101,"high_dependence",900,0
2.25980338081717,20.6569819536526,2.49679264554288,"high_dependence",900,0
-1.5290775578469,12.5478139554616,1.9983732176479,"high_dependence",900,0
1.54142333567142,9.3253998842556,2.38684210751671,"high_dependence",900,0
1.40405414626002,11.1118585453369,2.30544049292803,"high_dependence",900,0
2.58015858568251,7.72363879950717,2.16208465804812,"high_dependence",900,0
2.73132782243192,16.7824839532841,1.89780888264067,"high_dependence",900,0
-0.377895880490541,20.6976029439829,2.00377435830887,"high_dependence",900,0
-2.10028133541346,18.251209706068,2.42452016624156,"high_dependence",900,0
-1.43712400645018,19.3082340119872,2.09106204449199,"high_dependence",900,0
3.40924760326743,23.5048778878991,2.01235089043621,"high_dependence",900,0
-1.53881188854575,18.0348854570184,2.17166538292076,"high_dependence",900,0
-0.15879481844604,11.244511482073,2.41450572153553,"high_dependence",900,0
3.71411165595055,16.4856166753452,1.89957046241034,"high_dependence",900,0
-1.1298839058727,5.10614319355227,2.31553827412426,"high_dependence",900,0
-0.30828726105392,13.5377691593021,1.99585376831237,"high_dependence",900,0
3.26313376054168,13.9224815706257,2.10700705298223,"high_dependence",900,0
-3.83780520409346,10.2340309822466,2.36275076051243,"high_dependence",900,0
-3.50975172221661,11.931935523171,2.1888871822739,"high_dependence",900,0
-1.94061026722193,21.9759008439723,1.89419139293022,"high_dependence",900,0
0.254111455753446,12.8481165738776,2.01758734241594,"high_dependence",900,0
0.366201758384705,24.5403957553208,2.40121846087277,"high_dependence",900,0
-1.16931722313166,9.67176788835786,2.45994114491623,"high_dependence",900,0
-0.836973924189806,11.0096024000086,2.41589334327728,"high_dependence",900,0
-2.08004821464419,6.96518533513881,2.42516077589244,"high_dependence",900,0
1.56062162667513,12.5771985272877,2.44213476660661,"high_dependence",900,0
-2.7742623668164,7.53545289044268,2.17705350834876,"high_dependence",900,0
3.84714736230671,13.0289928114507,1.93518906016834,"high_dependence",900,0
2.47693098150194,13.6554632277694,2.49785305466503,"high_dependence",900,0
-2.46232714131474,14.8647587629966,1.89415466331411,"high_dependence",900,0
1.27336678281426,8.67942901677452,1.89495676138904,"high_dependence",900,0
-0.497786391526461,5.04337645252235,2.38170678145252,"high_dependence",900,0
3.94709925726056,18.5128891374916,1.9579740439076,"high_dependence",900,0
1.52973393723369,16.5123448765371,2.26035175146535,"high_dependence",900,0
-2.47681725397706,8.41973735950887,2.02605890750419,"high_dependence",900,0
-2.12395838648081,14.881751476787,2.30908968544099,"high_dependence",900,0
-2.8477238714695,7.43981982232071,1.92846172256395,"high_dependence",900,0
-0.142372559756041,10.4419322218746,2.14464057760779,"high_dependence",900,0
3.83348954096437,22.3956850764807,2.39012957201339,"high_dependence",900,0
-2.69787308014929,11.5861925820354,2.33729155210312,"high_dependence",900,0
-2.31976023688912,17.1148464898579,2.45639733970165,"high_dependence",900,0
-2.94499643146992,22.5849760929123,1.91808645788115,"high_dependence",900,0
-3.70751210302114,11.8016970402095,1.96277404087596,"high_dependence",900,0
1.16115215793252,22.6315766514745,2.40430740639567,"high_dependence",900,0
0.748842464759946,10.2615673269611,2.49060707807075,"high_dependence",900,0
-0.377282155677676,18.3534428244457,2.13258419302292,"high_dependence",900,0
-2.4545339923352,10.3327689168509,2.33458487899043,"high_dependence",900,0
-2.40737788751721,22.2264470299706,2.46167212259024,"high_dependence",900,0
2.30259185284376,8.49994735908695,2.44887970970012,"high_dependence",900,0
0.0721461344510317,15.4782562458422,2.21824782609474,"high_dependence",900,0
3.92800571583211,17.5361478468403,2.10476699576247,"high_dependence",900,0
2.93822523765266,8.98021727334708,2.07750365661923,"high_dependence",900,0
0.464729880914092,8.76369754550979,1.9834960042499,"high_dependence",900,0
-0.555352566763759,9.60759847657755,2.25024047540501,"high_dependence",900,0
-0.526084480807185,19.3937086383812,2.18208617065102,"high_dependence",900,0
-1.71201029792428,7.48745107557625,2.20360736246221,"high_dependence",900,0
-3.33446898497641,18.6812171305064,1.9143062911462,"high_dependence",900,0
-2.78117091022432,23.9605854381807,2.24501599557698,"high_dependence",900,0
1.33016763068736,7.46289755334146,2.43396754493006,"high_dependence",900,0
-3.34604361094534,15.5287290050182,2.45413774100598,"high_dependence",900,0
-3.19504938647151,21.2591661605984,1.94206589250825,"high_dependence",900,0
-1.85304486192763,21.4135543094017,2.16314605611842,"high_dependence",900,0
-3.53456785343587,15.7136027701199,2.48126868333202,"high_dependence",900,0
-1.39009048603475,12.0187913940754,2.3446272185538,"high_dependence",900,0
2.17066597938538,18.6967601475772,2.27461095142644,"high_dependence",900,0
3.61756483279169,23.3556995284744,1.88632202160079,"high_dependence",900,0
0.000365804880857468,24.4114640576299,2.08747897704598,"high_dependence",900,0
-3.64274220168591,7.51571145956405,2.1062173275277,"high_dependence",900,0
2.87425936944783,23.7505965866148,2.04746803326998,"high_dependence",900,0
3.83129741251469,14.1719998617191,1.93484553019516,"high_dependence",900,0
-2.61327362060547,18.1919329508673,2.22462166158948,"high_dependence",900,0
3.67463837750256,17.6637762750033,2.4863109603757,"high_dependence",900,0
2.6532672625035,8.72569549828768,2.44031222828198,"high_dependence",900,0
1.20079173147678,17.6516188075766,1.99857526866253,"high_dependence",900,0
-2.93415987305343,16.2234519550111,2.3092377820285,"high_dependence",900,0
-3.97295714914799,15.8522550074849,2.0636403397657,"high_dependence",900,0
3.98671609722078,6.33227148791775,2.20277684566099,"high_dependence",900,0
3.83164764754474,12.3694695415907,2.07158291770611,"high_dependence",900,0
-3.84693384170532,8.85726496344432,2.08811722695827,"high_dependence",900,0
0.501178639009595,8.46743473084643,2.03703965293244,"high_dependence",900,0
-2.98372452519834,9.40344524569809,2.34539085649885,"high_dependence",900,0
2.27458357252181,24.7266368824057,2.44739593646955,"high_dependence",900,0
1.12306573241949,23.2792367634829,2.05151888018008,"high_dependence",900,0
3.78547642752528,6.42857091734186,2.27590729482472,"high_dependence",900,0
0.338874315842986,24.8425448255148,1.98187150759622,"high_dependence",900,0
-1.00167225673795,8.63407508004457,1.94224746490363,"high_dependence",900,0
3.47943282313645,18.3516685501672,2.28200188372284,"high_dependence",900,0
-1.27072152122855,14.8184517398477,2.33709232590627,"high_dependence",900,0
-2.16427974589169,8.78329086699523,1.91695820307359,"high_dependence",900,0
1.79064707644284,22.6150169328321,2.32196708384436,"high_dependence",900,0
-0.46757610142231,16.9284521078225,2.25428789330181,"high_dependence",900,0
-1.13566350191832,5.57618445600383,2.29669713764451,"high_dependence",900,0
-0.510143633931875,22.4718876474071,2.08835566532798,"high_dependence",900,0
-2.52536428719759,7.56821360555477,2.24993913318031,"high_dependence",900,0
-2.07060539536178,23.7183322897181,2.30456927616615,"high_dependence",900,0
0.150030290707946,14.3613830558024,2.49936956504826,"high_dependence",900,0
-2.26288571022451,1.0463876707945,2.46100908552762,"high_t_low_q",900,0
2.32932863384485,2.01150997309014,2.17959248926491,"high_t_low_q",900,0
-0.838664999231696,3.07387689244933,2.13944568240549,"high_t_low_q",900,0
0.501610724255443,4.42469030385837,2.44671640102752,"high_t_low_q",900,0
-1.89413386955857,0.852165051037446,2.06634524802212,"high_t_low_q",900,0
3.08969473652542,2.90110326604918,2.38202150852885,"high_t_low_q",900,0
-0.402191381901503,3.13747852342203,2.04669176077005,"high_t_low_q",900,0
2.26742888987064,1.4563657110557,2.49526479223277,"high_t_low_q",900,0
1.58569636568427,2.4657383444719,2.09797636896838,"high_t_low_q",900,0
-2.75762431696057,0.36448142491281,2.05034545331728,"high_t_low_q",900,0
0.816641807556152,1.64481715182774,2.28919066023082,"high_t_low_q",900,0
1.45559077337384,2.04399728099816,2.22798061207868,"high_t_low_q",900,0
0.453743230551481,3.22814325336367,2.49082844064105,"high_t_low_q",900,0
-2.98904892243445,1.63468114333227,2.04486431030091,"high_t_low_q",900,0
3.01934903673828,1.59955656854436,2.04931456770282,"high_t_low_q",900,0
-1.77567596361041,2.76207261485979,2.27301443286706,"high_t_low_q",900,0
-1.04249240830541,0.88201219914481,1.98474996606819,"high_t_low_q",900,0
-0.395382139831781,3.61086376360618,2.41648369701579,"high_t_low_q",900,0
3.83969520591199,0.265785469673574,1.96132719225716,"high_t_low_q",900,0
0.781450597569346,0.718366156797856,2.28062819514889,"high_t_low_q",900,0
3.44058872759342,1.97150272433646,2.02182161156088,"high_t_low_q",900,0
0.644158454611897,1.82926828274503,2.0518065179931,"high_t_low_q",900,0
-1.13269825279713,1.94889744743705,2.23226808477193,"high_t_low_q",900,0
1.54648972675204,1.50093051488511,2.11260852694977,"high_t_low_q",900,0
3.00259970501065,1.5981336706318,2.3007013334427,"high_t_low_q",900,0
3.08516309596598,4.66986794490367,2.47351823898498,"high_t_low_q",900,0
-3.35428433679044,1.36320170713589,2.26237596187275,"high_t_low_q",900,0
-1.62524396553636,3.58999524614774,1.98961324815173,"high_t_low_q",900,0
-0.838253110647202,2.1774378255941,2.26232750574127,"high_t_low_q",900,0
-3.77554981783032,1.40787356067449,2.49911924125627,"high_t_low_q",900,0
-3.29472879134119,1.65329434094019,2.01382702973206,"high_t_low_q",900,0
-3.74379881285131,3.22758086840622,2.18241261900403,"high_t_low_q",900,0
0.520863991230726,1.41658940119669,2.04153899801895,"high_t_low_q",900,0
-1.54103546030819,1.80915480013937,2.22725267405622,"high_t_low_q",900,0
0.594314273446798,2.7988399611786,2.39026778843254,"high_t_low_q",900,0
3.56983960047364,3.51396400947124,2.32322132971603,"high_t_low_q",900,0
2.70295341126621,4.55989880720153,2.43079206557013,"high_t_low_q",900,0
2.09802622534335,1.53344091959298,2.39625326823443,"high_t_low_q",900,0
-1.15029262565076,2.39918389124796,2.19618015689775,"high_t_low_q",900,0
3.73160650767386,1.31411086185835,2.43536874011625,"high_t_low_q",900,0
-0.0744117014110088,2.36546485102735,2.39298325963318,"high_t_low_q",900,0
-2.4818195104599,4.88969398429617,2.35681756341364,"high_t_low_q",900,0
-3.04949115216732,3.78031722502783,1.93366358755156,"high_t_low_q",900,0
-1.53060767613351,3.74534365255386,2.46379088668618,"high_t_low_q",900,0
-0.699172332882881,0.286904023960233,2.19262731843628,"high_t_low_q",900,0
-1.66579577885568,2.05588534590788,2.413942211424,"high_t_low_q",900,0
-1.92866953648627,3.45290455734357,1.9739860430127,"high_t_low_q",900,0
2.29481646232307,1.64780612103641,1.97636279219296,"high_t_low_q",900,0
2.45180622115731,0.797221797984093,2.37315972801298,"high_t_low_q",900,0
1.67975379340351,1.23132291482762,1.99546861811541,"high_t_low_q",900,0
-3.55579646490514,3.63537322846241,2.21419985406101,"high_t_low_q",900,0
-1.58458927460015,2.47635117266327,2.278438025387,"high_t_low_q",900,0
3.44966764748096,1.4371668046806,2.20459420583211,"high_t_low_q",900,0
2.40542793832719,0.862033787416294,2.16413271205965,"high_t_low_q",900,0
2.83306045085192,1.88561697723344,2.00526653439738,"high_t_low_q",900,0
0.956265691667795,4.33510865550488,2.27612883783877,"high_t_low_q",900,0
2.75513684935868,0.506954087177292,2.48978425282985,"high_t_low_q",900,0
2.20152166299522,4.64474880136549,2.29272038384806,"high_t_low_q",900,0
3.99116566777229,0.665904203196988,2.04255205055233,"high_t_low_q",900,0
0.298594996333122,0.126814690884203,2.1497471089242,"high_t_low_q",900,0
-3.9432813283056,0.872608239296824,2.06238665909041,"high_t_low_q",900,0
-0.30271939188242,0.179081241367385,2.43386077694595,"high_t_low_q",900,0
1.34032727405429,3.18145084893331,2.26119503786322,"high_t_low_q",900,0
-0.520777912810445,3.80416350089945,2.32870884006843,"high_t_low_q",900,0
0.765117391943932,0.356904341606423,2.4759845045628,"high_t_low_q",900,0
3.36545366793871,1.96908247307874,2.19625388970599,"high_t_low_q",900,0
0.750985454767942,2.45367324678227,2.39242592011578,"high_t_low_q",900,0
2.67915926128626,2.40612068446353,2.06355605914723,"high_t_low_q",900,0
1.96758984774351,0.795946444850415,2.11338484543376,"high_t_low_q",900,0
-0.794703301042318,3.75615502125584,2.16927044093609,"high_t_low_q",900,0
-2.13051749765873,4.43191095255315,2.41252459818497,"high_t_low_q",900,0
-1.71504283696413,0.3083846939262,2.19914074463304,"high_t_low_q",900,0
-0.825609762221575,0.674722430994734,2.47015700268093,"high_t_low_q",900,0
-0.2620206233114,4.32415257673711,2.17054047738202,"high_t_low_q",900,0
2.26860301196575,0.158956053201109,2.07016260188539,"high_t_low_q",900,0
1.54455653019249,0.946834543719888,2.18223491217941,"high_t_low_q",900,0
-0.413096500560641,3.51198067655787,1.90123709617183,"high_t_low_q",900,0
-0.351547211408615,3.53059720946476,2.3192432540236,"high_t_low_q",900,0
1.77430753596127,1.03092747740448,2.10581713239662,"high_t_low_q",900,0
1.94095346145332,4.27132075419649,2.39122173807118,"high_t_low_q",900,0
-2.01078309863806,4.68692071153782,2.38413854094688,"high_t_low_q",900,0
-1.00965795479715,4.58015738986433,2.46490989229642,"high_t_low_q",900,0
1.65106283128262,4.22549170907587,2.20773665118031,"high_t_low_q",900,0
2.22726433351636,2.2067207377404,2.1024235303048,"high_t_low_q",900,0
2.75032800808549,2.57622694480233,2.38240947015584,"high_t_low_q",900,0
1.63559582456946,4.75686342688277,2.13698052277323,"high_t_low_q",900,0
-3.1884967777878,3.5925061267335,2.36266817839351,"high_t_low_q",900,0
-1.01317657344043,2.49321372830309,2.07357715989929,"high_t_low_q",900,0
-1.48833624087274,1.08278676052578,2.03883258276619,"high_t_low_q",900,0
3.86920556612313,2.67482610070147,2.44500429194886,"high_t_low_q",900,0
-2.90609447844326,3.90215921215713,2.45061420137063,"high_t_low_q",900,0
-0.830888897180557,2.31068367720582,2.43457456643227,"high_t_low_q",900,0
0.269341686740518,4.61323032504879,2.26741406368092,"high_t_low_q",900,0
3.74651800096035,3.04783130413853,2.22789100313094,"high_t_low_q",900,0
2.90408764779568,4.23343120492063,2.05307229305618,"high_t_low_q",900,0
-1.50597958639264,3.27914307708852,2.41830101353116,"high_t_low_q",900,0
1.24711806699634,4.5496521925088,1.98077454930171,"high_t_low_q",900,0
1.23538212664425,1.168510975549,2.2168705315562,"high_t_low_q",900,0
3.46937206573784,0.627560308203101,2.325150637771,"high_t_low_q",900,0
-1.37072607316077,2.54971045069396,2.38330788619351,"high_t_low_q",900,0
-0.0551181230694056,0.895386107731611,1.9729856873164,"high_t_low_q",900,0
0.139927787706256,3.83362162974663,2.3635949799791,"high_t_low_q",900,0
1.23024385049939,3.85354789323173,2.10613316332456,"high_t_low_q",900,0
2.28468463197351,3.00250981235877,2.45100776373874,"high_t_low_q",900,0
-0.177576173096895,1.01649431162514,2.01732814544812,"high_t_low_q",900,0
3.49699429608881,3.82688305107877,2.45177963632159,"high_t_low_q",900,0
0.554572563618422,2.95323106111027,2.08727574266959,"high_t_low_q",900,0
3.35975584201515,4.48490909184329,2.47407409129664,"high_t_low_q",900,0
-1.47382305562496,3.81616925587878,2.14355610427447,"high_t_low_q",900,0
-0.341345777735114,0.960784038761631,2.40432670805603,"high_t_low_q",900,0
3.72159213386476,0.324580870801583,2.31613641721196,"high_t_low_q",900,0
3.27771010063589,2.54431902430952,2.29910140682478,"high_t_low_q",900,0
3.46025066263974,3.4847779199481,2.4074741138611,"high_t_low_q",900,0
-1.25011098943651,0.827184657100588,2.12459647038486,"high_t_low_q",900,0
3.91153084486723,0.245115655707195,2.17324962723069,"high_t_low_q",900,0
-1.26060069538653,0.0132606597617269,2.10434486391023,"high_t_low_q",900,0
2.0212442651391,2.28823040379211,2.02128748758696,"high_t_low_q",900,0
-0.656475599855185,1.81239885860123,2.46670228254516,"high_t_low_q",900,0
-2.35614148713648,3.84355093701743,1.90271632105578,"high_t_low_q",900,0
-1.83137317746878,0.70284046814777,1.92426470224746,"high_t_low_q",900,0
-0.376983623951674,3.85806857375428,2.29386554216035,"high_t_low_q",900,0
-0.287109477445483,4.50995477149263,2.20060120103881,"high_t_low_q",900,0
-0.549546536058187,1.05586494901218,2.06758573476691,"high_t_low_q",900,0
2.29036956094205,4.89584634779021,1.9519461505115,"high_t_low_q",900,0
3.76987263374031,3.58246948453598,2.33500716334675,"high_t_low_q",900,0
-0.589375600218773,2.0923547912389,1.8788098404184,"high_t_low_q",900,0
1.60992522165179,0.253295880975202,2.10115171328653,"high_t_low_q",900,0
-3.0689205750823,3.83116113371216,2.09040956979152,"high_t_low_q",900,0
-2.14291390404105,0.861530459951609,2.20509354956448,"high_t_low_q",900,0
-0.873470917344093,3.49424200248905,2.46555162884761,"high_t_low_q",900,0
-1.72787782549858,4.059655679157,1.93884417472873,"high_t_low_q",900,0
-2.17274622991681,4.8963610897772,2.01237063040026,"high_t_low_q",900,0
3.61283373832703,2.18653919873759,2.37340779334772,"high_t_low_q",900,0
-1.86451548524201,4.39298164565116,2.36984256247524,"high_t_low_q",900,0
-2.38130310550332,3.71146209072322,2.48611778835766,"high_t_low_q",900,0
0.634717183187604,2.45163472136483,2.46991399500985,"high_t_low_q",900,0
0.856367850676179,1.07324516866356,1.90053645288572,"high_t_low_q",900,0
-0.791387410834432,1.44550776458345,1.9972924265312,"high_t_low_q",900,0
2.51475682854652,0.63581662834622,2.3963323055068,"high_t_low_q",900,0
-2.50610867701471,4.81234269100241,1.9075799966231,"high_t_low_q",900,0
-2.58750002272427,0.0854835379868746,2.47575783054344,"high_t_low_q",900,0
1.63897373341024,4.28100185235962,2.37845654366538,"high_t_low_q",900,0
3.24292261898518,2.42788784671575,2.41252203646582,"high_t_low_q",900,0
-3.47246018052101,3.80375395761803,2.19370517123025,"high_t_low_q",900,0
1.96766187623143,2.53749515977688,2.24806104612071,"high_t_low_q",900,0
1.50608850643039,0.844209518982098,1.98355395172257,"high_t_low_q",900,0
-3.50401945225894,1.65693826274946,2.29718299815431,"high_t_low_q",900,0
-1.07513764500618,0.653529237024486,2.08045358362142,"high_t_low_q",900,0
-1.72279697656631,0.454646814614534,2.23521638137754,"high_t_low_q",900,0
-3.25505210086703,0.583713623927906,2.12508391472511,"high_t_low_q",900,0
